"","State","Date","WindGustSpeed","WindCata"
"1","NSW","2008-12-01",59,"Safe"
"2","NSW","2008-12-02",44,"Safe"
"3","NSW","2008-12-03",70,"MinorHazard"
"4","NSW","2008-12-04",39,"Safe"
"5","NSW","2008-12-05",41,"Safe"
"6","NSW","2008-12-06",56,"Safe"
"7","NSW","2008-12-07",50,"Safe"
"8","NSW","2008-12-08",54,"Safe"
"9","NSW","2008-12-09",80,"MinorHazard"
"10","NSW","2008-12-10",59,"Safe"
"11","NSW","2008-12-11",33,"Safe"
"12","NSW","2008-12-12",67,"MinorHazard"
"13","NSW","2008-12-13",91,"Damaging"
"14","NSW","2008-12-14",85,"MinorHazard"
"15","NSW","2008-12-16",50,"Safe"
"16","NSW","2008-12-17",50,"Safe"
"17","NSW","2008-12-18",67,"MinorHazard"
"18","NSW","2008-12-19",56,"Safe"
"19","NSW","2008-12-20",56,"Safe"
"20","NSW","2008-12-21",35,"Safe"
"21","NSW","2008-12-22",63,"MinorHazard"
"22","NSW","2008-12-23",52,"Safe"
"23","NSW","2008-12-24",43,"Safe"
"24","NSW","2008-12-25",43,"Safe"
"25","NSW","2008-12-26",48,"Safe"
"26","NSW","2008-12-27",59,"Safe"
"27","NSW","2008-12-28",48,"Safe"
"28","NSW","2008-12-29",46,"Safe"
"29","NSW","2008-12-30",57,"Safe"
"30","NSW","2008-12-31",46,"Safe"
"31","NSW","2009-01-01",72,"MinorHazard"
"32","NSW","2009-01-02",69,"MinorHazard"
"33","NSW","2009-01-03",52,"Safe"
"34","NSW","2009-01-04",65,"MinorHazard"
"35","NSW","2009-01-05",63,"MinorHazard"
"36","NSW","2009-01-06",72,"MinorHazard"
"37","NSW","2009-01-07",63,"MinorHazard"
"38","NSW","2009-01-08",57,"Safe"
"39","NSW","2009-01-09",78,"MinorHazard"
"40","NSW","2009-01-10",81,"MinorHazard"
"41","NSW","2009-01-11",76,"MinorHazard"
"42","NSW","2009-01-12",50,"Safe"
"43","NSW","2009-01-13",59,"Safe"
"44","NSW","2009-01-14",67,"MinorHazard"
"45","NSW","2009-01-15",81,"MinorHazard"
"46","NSW","2009-01-16",63,"MinorHazard"
"47","NSW","2009-01-17",61,"Safe"
"48","NSW","2009-01-18",61,"Safe"
"49","NSW","2009-01-19",59,"Safe"
"50","NSW","2009-01-20",115,"Damaging"
"51","NSW","2009-01-21",76,"MinorHazard"
"52","NSW","2009-01-22",98,"Damaging"
"53","NSW","2009-01-23",94,"Damaging"
"54","NSW","2009-01-24",85,"MinorHazard"
"55","NSW","2009-01-25",65,"MinorHazard"
"56","NSW","2009-01-26",57,"Safe"
"57","NSW","2009-01-27",57,"Safe"
"58","NSW","2009-01-28",54,"Safe"
"59","NSW","2009-01-29",61,"Safe"
"60","NSW","2009-01-30",61,"Safe"
"61","NSW","2009-01-31",61,"Safe"
"62","NSW","2009-02-01",83,"MinorHazard"
"63","NSW","2009-02-02",63,"MinorHazard"
"64","NSW","2009-02-05",63,"MinorHazard"
"65","NSW","2009-02-06",67,"MinorHazard"
"66","NSW","2009-02-07",67,"MinorHazard"
"67","NSW","2009-02-08",59,"Safe"
"68","NSW","2009-02-09",57,"Safe"
"69","NSW","2009-02-10",59,"Safe"
"70","NSW","2009-02-11",81,"MinorHazard"
"71","NSW","2009-02-12",57,"Safe"
"72","NSW","2009-02-13",69,"MinorHazard"
"73","NSW","2009-02-14",65,"MinorHazard"
"74","NSW","2009-02-15",61,"Safe"
"75","NSW","2009-02-16",67,"MinorHazard"
"76","NSW","2009-02-17",67,"MinorHazard"
"77","NSW","2009-02-18",74,"MinorHazard"
"78","NSW","2009-02-19",59,"Safe"
"79","NSW","2009-02-20",48,"Safe"
"80","NSW","2009-02-21",48,"Safe"
"81","NSW","2009-02-22",54,"Safe"
"82","NSW","2009-02-23",70,"MinorHazard"
"83","NSW","2009-02-24",56,"Safe"
"84","NSW","2009-02-25",46,"Safe"
"85","NSW","2009-02-26",52,"Safe"
"86","NSW","2009-02-27",65,"MinorHazard"
"87","NSW","2009-02-28",59,"Safe"
"88","NSW","2009-03-01",50,"Safe"
"89","NSW","2009-03-02",52,"Safe"
"90","NSW","2009-03-03",65,"MinorHazard"
"91","NSW","2009-03-04",61,"Safe"
"92","NSW","2009-03-05",57,"Safe"
"93","NSW","2009-03-06",46,"Safe"
"94","NSW","2009-03-07",52,"Safe"
"95","NSW","2009-03-08",50,"Safe"
"96","NSW","2009-03-09",50,"Safe"
"97","NSW","2009-03-10",61,"Safe"
"98","NSW","2009-03-11",57,"Safe"
"99","NSW","2009-03-12",48,"Safe"
"100","NSW","2009-03-13",39,"Safe"
"101","NSW","2009-03-14",70,"MinorHazard"
"102","NSW","2009-03-15",50,"Safe"
"103","NSW","2009-03-16",50,"Safe"
"104","NSW","2009-03-17",43,"Safe"
"105","NSW","2009-03-18",52,"Safe"
"106","NSW","2009-03-19",43,"Safe"
"107","NSW","2009-03-20",41,"Safe"
"108","NSW","2009-03-21",52,"Safe"
"109","NSW","2009-03-22",57,"Safe"
"110","NSW","2009-03-23",57,"Safe"
"111","NSW","2009-03-24",54,"Safe"
"112","NSW","2009-03-25",80,"MinorHazard"
"113","NSW","2009-03-26",76,"MinorHazard"
"114","NSW","2009-03-27",61,"Safe"
"115","NSW","2009-03-28",56,"Safe"
"116","NSW","2009-03-29",65,"MinorHazard"
"117","NSW","2009-03-30",70,"MinorHazard"
"118","NSW","2009-03-31",83,"MinorHazard"
"119","NSW","2009-04-01",85,"MinorHazard"
"120","NSW","2009-04-02",61,"Safe"
"121","NSW","2009-04-03",98,"Damaging"
"122","NSW","2009-04-04",67,"MinorHazard"
"123","NSW","2009-04-05",48,"Safe"
"124","NSW","2009-04-06",59,"Safe"
"125","NSW","2009-04-07",54,"Safe"
"126","NSW","2009-04-08",44,"Safe"
"127","NSW","2009-04-09",43,"Safe"
"128","NSW","2009-04-10",48,"Safe"
"129","NSW","2009-04-11",46,"Safe"
"130","NSW","2009-04-12",48,"Safe"
"131","NSW","2009-04-13",48,"Safe"
"132","NSW","2009-04-14",50,"Safe"
"133","NSW","2009-04-15",65,"MinorHazard"
"134","NSW","2009-04-16",54,"Safe"
"135","NSW","2009-04-17",63,"MinorHazard"
"136","NSW","2009-04-18",69,"MinorHazard"
"137","NSW","2009-04-19",80,"MinorHazard"
"138","NSW","2009-04-20",80,"MinorHazard"
"139","NSW","2009-04-21",72,"MinorHazard"
"140","NSW","2009-04-22",72,"MinorHazard"
"141","NSW","2009-04-23",63,"MinorHazard"
"142","NSW","2009-04-24",57,"Safe"
"143","NSW","2009-04-25",91,"Damaging"
"144","NSW","2009-04-26",81,"MinorHazard"
"145","NSW","2009-04-27",76,"MinorHazard"
"146","NSW","2009-04-28",59,"Safe"
"147","NSW","2009-04-29",59,"Safe"
"148","NSW","2009-04-30",54,"Safe"
"149","NSW","2009-05-01",44,"Safe"
"150","NSW","2009-05-02",61,"Safe"
"151","NSW","2009-05-03",44,"Safe"
"152","NSW","2009-05-04",43,"Safe"
"153","NSW","2009-05-05",57,"Safe"
"154","NSW","2009-05-06",46,"Safe"
"155","NSW","2009-05-07",43,"Safe"
"156","NSW","2009-05-08",69,"MinorHazard"
"157","NSW","2009-05-09",56,"Safe"
"158","NSW","2009-05-10",65,"MinorHazard"
"159","NSW","2009-05-11",65,"MinorHazard"
"160","NSW","2009-05-12",56,"Safe"
"161","NSW","2009-05-13",39,"Safe"
"162","NSW","2009-05-14",56,"Safe"
"163","NSW","2009-05-15",89,"MinorHazard"
"164","NSW","2009-05-16",91,"Damaging"
"165","NSW","2009-05-17",48,"Safe"
"166","NSW","2009-05-18",43,"Safe"
"167","NSW","2009-05-19",57,"Safe"
"168","NSW","2009-05-20",61,"Safe"
"169","NSW","2009-05-21",78,"MinorHazard"
"170","NSW","2009-05-22",87,"MinorHazard"
"171","NSW","2009-05-23",69,"MinorHazard"
"172","NSW","2009-05-24",59,"Safe"
"173","NSW","2009-05-25",63,"MinorHazard"
"174","NSW","2009-05-26",52,"Safe"
"175","NSW","2009-05-27",39,"Safe"
"176","NSW","2009-05-28",54,"Safe"
"177","NSW","2009-05-29",65,"MinorHazard"
"178","NSW","2009-05-30",69,"MinorHazard"
"179","NSW","2009-05-31",65,"MinorHazard"
"180","NSW","2009-06-01",52,"Safe"
"181","NSW","2009-06-02",39,"Safe"
"182","NSW","2009-06-03",44,"Safe"
"183","NSW","2009-06-04",41,"Safe"
"184","NSW","2009-06-05",41,"Safe"
"185","NSW","2009-06-06",54,"Safe"
"186","NSW","2009-06-07",50,"Safe"
"187","NSW","2009-06-08",63,"MinorHazard"
"188","NSW","2009-06-09",78,"MinorHazard"
"189","NSW","2009-06-10",80,"MinorHazard"
"190","NSW","2009-06-11",48,"Safe"
"191","NSW","2009-06-12",63,"MinorHazard"
"192","NSW","2009-06-13",56,"Safe"
"193","NSW","2009-06-14",54,"Safe"
"194","NSW","2009-06-15",43,"Safe"
"195","NSW","2009-06-16",70,"MinorHazard"
"196","NSW","2009-06-17",52,"Safe"
"197","NSW","2009-06-18",54,"Safe"
"198","NSW","2009-06-19",56,"Safe"
"199","NSW","2009-06-20",61,"Safe"
"200","NSW","2009-06-21",54,"Safe"
"201","NSW","2009-06-22",56,"Safe"
"202","NSW","2009-06-23",37,"Safe"
"203","NSW","2009-06-24",57,"Safe"
"204","NSW","2009-06-25",48,"Safe"
"205","NSW","2009-06-26",46,"Safe"
"206","NSW","2009-06-27",63,"MinorHazard"
"207","NSW","2009-06-28",81,"MinorHazard"
"208","NSW","2009-06-29",78,"MinorHazard"
"209","NSW","2009-06-30",72,"MinorHazard"
"210","NSW","2009-07-01",63,"MinorHazard"
"211","NSW","2009-07-02",70,"MinorHazard"
"212","NSW","2009-07-03",70,"MinorHazard"
"213","NSW","2009-07-04",83,"MinorHazard"
"214","NSW","2009-07-05",72,"MinorHazard"
"215","NSW","2009-07-06",57,"Safe"
"216","NSW","2009-07-07",56,"Safe"
"217","NSW","2009-07-08",54,"Safe"
"218","NSW","2009-07-09",50,"Safe"
"219","NSW","2009-07-10",80,"MinorHazard"
"220","NSW","2009-07-11",81,"MinorHazard"
"221","NSW","2009-07-12",91,"Damaging"
"222","NSW","2009-07-13",44,"Safe"
"223","NSW","2009-07-14",56,"Safe"
"224","NSW","2009-07-15",46,"Safe"
"225","NSW","2009-07-16",57,"Safe"
"226","NSW","2009-07-17",57,"Safe"
"227","NSW","2009-07-18",65,"MinorHazard"
"228","NSW","2009-07-19",50,"Safe"
"229","NSW","2009-07-20",46,"Safe"
"230","NSW","2009-07-21",46,"Safe"
"231","NSW","2009-07-22",72,"MinorHazard"
"232","NSW","2009-07-23",72,"MinorHazard"
"233","NSW","2009-07-24",56,"Safe"
"234","NSW","2009-07-25",46,"Safe"
"235","NSW","2009-07-26",41,"Safe"
"236","NSW","2009-07-27",54,"Safe"
"237","NSW","2009-07-28",61,"Safe"
"238","NSW","2009-07-29",43,"Safe"
"239","NSW","2009-07-30",44,"Safe"
"240","NSW","2009-07-31",59,"Safe"
"241","NSW","2009-08-01",43,"Safe"
"242","NSW","2009-08-02",37,"Safe"
"243","NSW","2009-08-03",57,"Safe"
"244","NSW","2009-08-04",39,"Safe"
"245","NSW","2009-08-05",44,"Safe"
"246","NSW","2009-08-06",54,"Safe"
"247","NSW","2009-08-07",85,"MinorHazard"
"248","NSW","2009-08-08",63,"MinorHazard"
"249","NSW","2009-08-09",63,"MinorHazard"
"250","NSW","2009-08-10",44,"Safe"
"251","NSW","2009-08-11",63,"MinorHazard"
"252","NSW","2009-08-12",43,"Safe"
"253","NSW","2009-08-13",46,"Safe"
"254","NSW","2009-08-14",39,"Safe"
"255","NSW","2009-08-15",46,"Safe"
"256","NSW","2009-08-16",70,"MinorHazard"
"257","NSW","2009-08-17",59,"Safe"
"258","NSW","2009-08-18",54,"Safe"
"259","NSW","2009-08-19",85,"MinorHazard"
"260","NSW","2009-08-20",57,"Safe"
"261","NSW","2009-08-21",70,"MinorHazard"
"262","NSW","2009-08-22",57,"Safe"
"263","NSW","2009-08-23",44,"Safe"
"264","NSW","2009-08-24",85,"MinorHazard"
"265","NSW","2009-08-25",107,"Damaging"
"266","NSW","2009-08-26",120,"Damaging"
"267","NSW","2009-08-27",50,"Safe"
"268","NSW","2009-08-28",35,"Safe"
"269","NSW","2009-08-29",83,"MinorHazard"
"270","NSW","2009-08-30",76,"MinorHazard"
"271","NSW","2009-08-31",59,"Safe"
"272","NSW","2009-09-01",46,"Safe"
"273","NSW","2009-09-02",44,"Safe"
"274","NSW","2009-09-03",52,"Safe"
"275","NSW","2009-09-04",50,"Safe"
"276","NSW","2009-09-05",67,"MinorHazard"
"277","NSW","2009-09-06",54,"Safe"
"278","NSW","2009-09-07",85,"MinorHazard"
"279","NSW","2009-09-08",57,"Safe"
"280","NSW","2009-09-09",61,"Safe"
"281","NSW","2009-09-11",61,"Safe"
"282","NSW","2009-09-12",74,"MinorHazard"
"283","NSW","2009-09-13",81,"MinorHazard"
"284","NSW","2009-09-14",67,"MinorHazard"
"285","NSW","2009-09-15",54,"Safe"
"286","NSW","2009-09-16",56,"Safe"
"287","NSW","2009-09-17",65,"MinorHazard"
"288","NSW","2009-09-18",57,"Safe"
"289","NSW","2009-09-19",39,"Safe"
"290","NSW","2009-09-20",78,"MinorHazard"
"291","NSW","2009-09-21",48,"Safe"
"292","NSW","2009-09-22",83,"MinorHazard"
"293","NSW","2009-09-23",102,"Damaging"
"294","NSW","2009-09-24",63,"MinorHazard"
"295","NSW","2009-09-25",81,"MinorHazard"
"296","NSW","2009-09-26",107,"Damaging"
"297","NSW","2009-09-27",107,"Damaging"
"298","NSW","2009-09-28",70,"MinorHazard"
"299","NSW","2009-09-29",46,"Safe"
"300","NSW","2009-09-30",54,"Safe"
"301","NSW","2009-10-01",61,"Safe"
"302","NSW","2009-10-02",72,"MinorHazard"
"303","NSW","2009-10-03",72,"MinorHazard"
"304","NSW","2009-10-04",52,"Safe"
"305","NSW","2009-10-05",56,"Safe"
"306","NSW","2009-10-06",52,"Safe"
"307","NSW","2009-10-07",69,"MinorHazard"
"308","NSW","2009-10-08",87,"MinorHazard"
"309","NSW","2009-10-09",69,"MinorHazard"
"310","NSW","2009-10-10",59,"Safe"
"311","NSW","2009-10-11",54,"Safe"
"312","NSW","2009-10-12",76,"MinorHazard"
"313","NSW","2009-10-13",87,"MinorHazard"
"314","NSW","2009-10-14",91,"Damaging"
"315","NSW","2009-10-15",72,"MinorHazard"
"316","NSW","2009-10-16",67,"MinorHazard"
"317","NSW","2009-10-17",44,"Safe"
"318","NSW","2009-10-18",46,"Safe"
"319","NSW","2009-10-19",48,"Safe"
"320","NSW","2009-10-20",52,"Safe"
"321","NSW","2009-10-21",57,"Safe"
"322","NSW","2009-10-22",56,"Safe"
"323","NSW","2009-10-23",57,"Safe"
"324","NSW","2009-10-24",57,"Safe"
"325","NSW","2009-10-25",76,"MinorHazard"
"326","NSW","2009-10-26",69,"MinorHazard"
"327","NSW","2009-10-27",54,"Safe"
"328","NSW","2009-10-28",44,"Safe"
"329","NSW","2009-10-29",44,"Safe"
"330","NSW","2009-10-30",43,"Safe"
"331","NSW","2009-10-31",46,"Safe"
"332","NSW","2009-11-01",50,"Safe"
"333","NSW","2009-11-02",52,"Safe"
"334","NSW","2009-11-03",85,"MinorHazard"
"335","NSW","2009-11-04",44,"Safe"
"336","NSW","2009-11-05",48,"Safe"
"337","NSW","2009-11-06",61,"Safe"
"338","NSW","2009-11-07",43,"Safe"
"339","NSW","2009-11-08",43,"Safe"
"340","NSW","2009-11-09",59,"Safe"
"341","NSW","2009-11-10",46,"Safe"
"342","NSW","2009-11-11",39,"Safe"
"343","NSW","2009-11-12",78,"MinorHazard"
"344","NSW","2009-11-13",65,"MinorHazard"
"345","NSW","2009-11-14",46,"Safe"
"346","NSW","2009-11-15",54,"Safe"
"347","NSW","2009-11-16",91,"Damaging"
"348","NSW","2009-11-17",74,"MinorHazard"
"349","NSW","2009-11-18",56,"Safe"
"350","NSW","2009-11-19",61,"Safe"
"351","NSW","2009-11-20",94,"Damaging"
"352","NSW","2009-11-21",85,"MinorHazard"
"353","NSW","2009-11-22",78,"MinorHazard"
"354","NSW","2009-11-23",80,"MinorHazard"
"355","NSW","2009-11-24",50,"Safe"
"356","NSW","2009-11-25",54,"Safe"
"357","NSW","2009-11-26",78,"MinorHazard"
"358","NSW","2009-11-27",61,"Safe"
"359","NSW","2009-11-28",69,"MinorHazard"
"360","NSW","2009-11-29",69,"MinorHazard"
"361","NSW","2009-11-30",74,"MinorHazard"
"362","NSW","2009-12-01",72,"MinorHazard"
"363","NSW","2009-12-02",69,"MinorHazard"
"364","NSW","2009-12-03",54,"Safe"
"365","NSW","2009-12-04",61,"Safe"
"366","NSW","2009-12-05",69,"MinorHazard"
"367","NSW","2009-12-06",52,"Safe"
"368","NSW","2009-12-07",65,"MinorHazard"
"369","NSW","2009-12-08",81,"MinorHazard"
"370","NSW","2009-12-09",54,"Safe"
"371","NSW","2009-12-10",69,"MinorHazard"
"372","NSW","2009-12-11",59,"Safe"
"373","NSW","2009-12-12",56,"Safe"
"374","NSW","2009-12-13",46,"Safe"
"375","NSW","2009-12-14",52,"Safe"
"376","NSW","2009-12-15",56,"Safe"
"377","NSW","2009-12-16",65,"MinorHazard"
"378","NSW","2009-12-17",107,"Damaging"
"379","NSW","2009-12-18",74,"MinorHazard"
"380","NSW","2009-12-19",52,"Safe"
"381","NSW","2009-12-20",50,"Safe"
"382","NSW","2009-12-21",80,"MinorHazard"
"383","NSW","2009-12-22",61,"Safe"
"384","NSW","2009-12-23",57,"Safe"
"385","NSW","2009-12-24",80,"MinorHazard"
"386","NSW","2009-12-25",65,"MinorHazard"
"387","NSW","2009-12-26",61,"Safe"
"388","NSW","2009-12-27",57,"Safe"
"389","NSW","2009-12-28",52,"Safe"
"390","NSW","2009-12-29",46,"Safe"
"391","NSW","2009-12-30",57,"Safe"
"392","NSW","2009-12-31",54,"Safe"
"393","NSW","2010-01-01",52,"Safe"
"394","NSW","2010-01-02",83,"MinorHazard"
"395","NSW","2010-01-03",57,"Safe"
"396","NSW","2010-01-04",48,"Safe"
"397","NSW","2010-01-05",96,"Damaging"
"398","NSW","2010-01-06",54,"Safe"
"399","NSW","2010-01-07",76,"MinorHazard"
"400","NSW","2010-01-08",44,"Safe"
"401","NSW","2010-01-09",50,"Safe"
"402","NSW","2010-01-10",50,"Safe"
"403","NSW","2010-01-11",54,"Safe"
"404","NSW","2010-01-12",76,"MinorHazard"
"405","NSW","2010-01-13",74,"MinorHazard"
"406","NSW","2010-01-14",52,"Safe"
"407","NSW","2010-01-15",52,"Safe"
"408","NSW","2010-01-16",63,"MinorHazard"
"409","NSW","2010-01-17",72,"MinorHazard"
"410","NSW","2010-01-18",76,"MinorHazard"
"411","NSW","2010-01-19",59,"Safe"
"412","NSW","2010-01-20",57,"Safe"
"413","NSW","2010-01-21",56,"Safe"
"414","NSW","2010-01-22",69,"MinorHazard"
"415","NSW","2010-01-23",102,"Damaging"
"416","NSW","2010-01-24",46,"Safe"
"417","NSW","2010-01-25",52,"Safe"
"418","NSW","2010-01-26",54,"Safe"
"419","NSW","2010-01-27",52,"Safe"
"420","NSW","2010-01-28",48,"Safe"
"421","NSW","2010-01-29",57,"Safe"
"422","NSW","2010-01-30",54,"Safe"
"423","NSW","2010-01-31",54,"Safe"
"424","NSW","2010-02-01",67,"MinorHazard"
"425","NSW","2010-02-02",61,"Safe"
"426","NSW","2010-02-03",85,"MinorHazard"
"427","NSW","2010-02-04",74,"MinorHazard"
"428","NSW","2010-02-05",69,"MinorHazard"
"429","NSW","2010-02-06",69,"MinorHazard"
"430","NSW","2010-02-07",72,"MinorHazard"
"431","NSW","2010-02-08",43,"Safe"
"432","NSW","2010-02-10",57,"Safe"
"433","NSW","2010-02-12",74,"MinorHazard"
"434","NSW","2010-02-13",41,"Safe"
"435","NSW","2010-02-14",59,"Safe"
"436","NSW","2010-02-15",63,"MinorHazard"
"437","NSW","2010-02-16",69,"MinorHazard"
"438","NSW","2010-02-18",52,"Safe"
"439","NSW","2010-02-19",52,"Safe"
"440","NSW","2010-02-20",57,"Safe"
"441","NSW","2010-02-21",59,"Safe"
"442","NSW","2010-02-22",50,"Safe"
"443","NSW","2010-02-23",67,"MinorHazard"
"444","NSW","2010-02-24",41,"Safe"
"445","NSW","2010-02-25",44,"Safe"
"446","NSW","2010-02-27",52,"Safe"
"447","NSW","2010-02-28",65,"MinorHazard"
"448","NSW","2010-03-02",65,"MinorHazard"
"449","NSW","2010-03-03",54,"Safe"
"450","NSW","2010-03-05",50,"Safe"
"451","NSW","2010-03-06",61,"Safe"
"452","NSW","2010-03-07",69,"MinorHazard"
"453","NSW","2010-03-08",56,"Safe"
"454","NSW","2010-03-09",54,"Safe"
"455","NSW","2010-03-11",69,"MinorHazard"
"456","NSW","2010-03-12",65,"MinorHazard"
"457","NSW","2010-03-13",52,"Safe"
"458","NSW","2010-03-14",48,"Safe"
"459","NSW","2010-03-15",43,"Safe"
"460","NSW","2010-03-16",48,"Safe"
"461","NSW","2010-03-17",46,"Safe"
"462","NSW","2010-03-18",48,"Safe"
"463","NSW","2010-03-19",52,"Safe"
"464","NSW","2010-03-20",41,"Safe"
"465","NSW","2010-03-21",81,"MinorHazard"
"466","NSW","2010-03-22",65,"MinorHazard"
"467","NSW","2010-03-23",43,"Safe"
"468","NSW","2010-03-24",39,"Safe"
"469","NSW","2010-03-25",52,"Safe"
"470","NSW","2010-03-26",41,"Safe"
"471","NSW","2010-03-27",57,"Safe"
"472","NSW","2010-03-28",50,"Safe"
"473","NSW","2010-03-29",52,"Safe"
"474","NSW","2010-03-30",56,"Safe"
"475","NSW","2010-03-31",65,"MinorHazard"
"476","NSW","2010-04-01",59,"Safe"
"477","NSW","2010-04-02",54,"Safe"
"478","NSW","2010-04-03",52,"Safe"
"479","NSW","2010-04-04",48,"Safe"
"480","NSW","2010-04-05",43,"Safe"
"481","NSW","2010-04-06",48,"Safe"
"482","NSW","2010-04-07",44,"Safe"
"483","NSW","2010-04-08",61,"Safe"
"484","NSW","2010-04-09",52,"Safe"
"485","NSW","2010-04-10",56,"Safe"
"486","NSW","2010-04-11",70,"MinorHazard"
"487","NSW","2010-04-12",50,"Safe"
"488","NSW","2010-04-13",50,"Safe"
"489","NSW","2010-04-14",35,"Safe"
"490","NSW","2010-04-15",35,"Safe"
"491","NSW","2010-04-16",50,"Safe"
"492","NSW","2010-04-17",48,"Safe"
"493","NSW","2010-04-18",44,"Safe"
"494","NSW","2010-04-19",43,"Safe"
"495","NSW","2010-04-20",37,"Safe"
"496","NSW","2010-04-21",39,"Safe"
"497","NSW","2010-04-22",59,"Safe"
"498","NSW","2010-04-23",35,"Safe"
"499","NSW","2010-04-24",48,"Safe"
"500","NSW","2010-04-25",59,"Safe"
"501","NSW","2010-04-26",48,"Safe"
"502","NSW","2010-04-27",39,"Safe"
"503","NSW","2010-04-28",54,"Safe"
"504","NSW","2010-04-29",56,"Safe"
"505","NSW","2010-04-30",48,"Safe"
"506","NSW","2010-05-01",35,"Safe"
"507","NSW","2010-05-02",48,"Safe"
"508","NSW","2010-05-03",41,"Safe"
"509","NSW","2010-05-04",76,"MinorHazard"
"510","NSW","2010-05-05",76,"MinorHazard"
"511","NSW","2010-05-06",61,"Safe"
"512","NSW","2010-05-07",83,"MinorHazard"
"513","NSW","2010-05-08",72,"MinorHazard"
"514","NSW","2010-05-09",69,"MinorHazard"
"515","NSW","2010-05-10",80,"MinorHazard"
"516","NSW","2010-05-11",65,"MinorHazard"
"517","NSW","2010-05-12",52,"Safe"
"518","NSW","2010-05-13",57,"Safe"
"519","NSW","2010-05-14",56,"Safe"
"520","NSW","2010-05-15",56,"Safe"
"521","NSW","2010-05-16",57,"Safe"
"522","NSW","2010-05-17",50,"Safe"
"523","NSW","2010-05-18",54,"Safe"
"524","NSW","2010-05-19",57,"Safe"
"525","NSW","2010-05-20",48,"Safe"
"526","NSW","2010-05-21",67,"MinorHazard"
"527","NSW","2010-05-22",59,"Safe"
"528","NSW","2010-05-23",56,"Safe"
"529","NSW","2010-05-24",50,"Safe"
"530","NSW","2010-05-25",50,"Safe"
"531","NSW","2010-05-26",78,"MinorHazard"
"532","NSW","2010-05-27",74,"MinorHazard"
"533","NSW","2010-05-28",57,"Safe"
"534","NSW","2010-05-29",57,"Safe"
"535","NSW","2010-05-30",59,"Safe"
"536","NSW","2010-05-31",80,"MinorHazard"
"537","NSW","2010-06-01",46,"Safe"
"538","NSW","2010-06-02",43,"Safe"
"539","NSW","2010-06-03",70,"MinorHazard"
"540","NSW","2010-06-04",70,"MinorHazard"
"541","NSW","2010-06-05",76,"MinorHazard"
"542","NSW","2010-06-06",70,"MinorHazard"
"543","NSW","2010-06-07",65,"MinorHazard"
"544","NSW","2010-06-08",54,"Safe"
"545","NSW","2010-06-09",91,"Damaging"
"546","NSW","2010-06-10",83,"MinorHazard"
"547","NSW","2010-06-11",76,"MinorHazard"
"548","NSW","2010-06-12",50,"Safe"
"549","NSW","2010-06-13",50,"Safe"
"550","NSW","2010-06-14",33,"Safe"
"551","NSW","2010-06-15",39,"Safe"
"552","NSW","2010-06-16",52,"Safe"
"553","NSW","2010-06-17",94,"Damaging"
"554","NSW","2010-06-18",43,"Safe"
"555","NSW","2010-06-19",61,"Safe"
"556","NSW","2010-06-20",39,"Safe"
"557","NSW","2010-06-21",48,"Safe"
"558","NSW","2010-06-22",44,"Safe"
"559","NSW","2010-06-23",46,"Safe"
"560","NSW","2010-06-24",39,"Safe"
"561","NSW","2010-06-25",50,"Safe"
"562","NSW","2010-06-26",50,"Safe"
"563","NSW","2010-06-27",43,"Safe"
"564","NSW","2010-06-28",52,"Safe"
"565","NSW","2010-06-29",50,"Safe"
"566","NSW","2010-06-30",50,"Safe"
"567","NSW","2010-07-01",37,"Safe"
"568","NSW","2010-07-02",41,"Safe"
"569","NSW","2010-07-03",57,"Safe"
"570","NSW","2010-07-04",81,"MinorHazard"
"571","NSW","2010-07-05",76,"MinorHazard"
"572","NSW","2010-07-06",56,"Safe"
"573","NSW","2010-07-07",57,"Safe"
"574","NSW","2010-07-08",50,"Safe"
"575","NSW","2010-07-09",46,"Safe"
"576","NSW","2010-07-10",52,"Safe"
"577","NSW","2010-07-11",54,"Safe"
"578","NSW","2010-07-12",57,"Safe"
"579","NSW","2010-07-13",65,"MinorHazard"
"580","NSW","2010-07-14",76,"MinorHazard"
"581","NSW","2010-07-15",67,"MinorHazard"
"582","NSW","2010-07-16",70,"MinorHazard"
"583","NSW","2010-07-17",50,"Safe"
"584","NSW","2010-07-18",46,"Safe"
"585","NSW","2010-07-19",46,"Safe"
"586","NSW","2010-07-20",52,"Safe"
"587","NSW","2010-07-21",63,"MinorHazard"
"588","NSW","2010-07-22",70,"MinorHazard"
"589","NSW","2010-07-23",48,"Safe"
"590","NSW","2010-07-24",41,"Safe"
"591","NSW","2010-07-25",43,"Safe"
"592","NSW","2010-07-26",46,"Safe"
"593","NSW","2010-07-27",35,"Safe"
"594","NSW","2010-07-28",72,"MinorHazard"
"595","NSW","2010-07-29",39,"Safe"
"596","NSW","2010-07-30",50,"Safe"
"597","NSW","2010-07-31",63,"MinorHazard"
"598","NSW","2010-08-01",80,"MinorHazard"
"599","NSW","2010-08-02",83,"MinorHazard"
"600","NSW","2010-08-03",107,"Damaging"
"601","NSW","2010-08-05",54,"Safe"
"602","NSW","2010-08-06",46,"Safe"
"603","NSW","2010-08-07",61,"Safe"
"604","NSW","2010-08-08",46,"Safe"
"605","NSW","2010-08-09",59,"Safe"
"606","NSW","2010-08-10",56,"Safe"
"607","NSW","2010-08-11",74,"MinorHazard"
"608","NSW","2010-08-12",76,"MinorHazard"
"609","NSW","2010-08-13",67,"MinorHazard"
"610","NSW","2010-08-14",61,"Safe"
"611","NSW","2010-08-15",80,"MinorHazard"
"612","NSW","2010-08-16",76,"MinorHazard"
"613","NSW","2010-08-17",39,"Safe"
"614","NSW","2010-08-18",59,"Safe"
"615","NSW","2010-08-19",72,"MinorHazard"
"616","NSW","2010-08-20",50,"Safe"
"617","NSW","2010-08-21",72,"MinorHazard"
"618","NSW","2010-08-22",46,"Safe"
"619","NSW","2010-08-23",56,"Safe"
"620","NSW","2010-08-24",67,"MinorHazard"
"621","NSW","2010-08-25",72,"MinorHazard"
"622","NSW","2010-08-26",78,"MinorHazard"
"623","NSW","2010-08-27",81,"MinorHazard"
"624","NSW","2010-08-28",48,"Safe"
"625","NSW","2010-08-29",50,"Safe"
"626","NSW","2010-08-30",54,"Safe"
"627","NSW","2010-08-31",50,"Safe"
"628","NSW","2010-09-01",57,"Safe"
"629","NSW","2010-09-02",63,"MinorHazard"
"630","NSW","2010-09-03",56,"Safe"
"631","NSW","2010-09-04",70,"MinorHazard"
"632","NSW","2010-09-05",126,"Destructive"
"633","NSW","2010-09-06",57,"Safe"
"634","NSW","2010-09-07",52,"Safe"
"635","NSW","2010-09-08",37,"Safe"
"636","NSW","2010-09-09",44,"Safe"
"637","NSW","2010-09-10",80,"MinorHazard"
"638","NSW","2010-09-11",48,"Safe"
"639","NSW","2010-09-12",44,"Safe"
"640","NSW","2010-09-13",50,"Safe"
"641","NSW","2010-09-14",56,"Safe"
"642","NSW","2010-09-15",59,"Safe"
"643","NSW","2010-09-16",78,"MinorHazard"
"644","NSW","2010-09-17",54,"Safe"
"645","NSW","2010-09-18",50,"Safe"
"646","NSW","2010-09-19",35,"Safe"
"647","NSW","2010-09-20",41,"Safe"
"648","NSW","2010-09-21",65,"MinorHazard"
"649","NSW","2010-09-22",61,"Safe"
"650","NSW","2010-09-23",41,"Safe"
"651","NSW","2010-09-24",39,"Safe"
"652","NSW","2010-09-25",52,"Safe"
"653","NSW","2010-09-26",48,"Safe"
"654","NSW","2010-09-27",74,"MinorHazard"
"655","NSW","2010-09-28",50,"Safe"
"656","NSW","2010-09-29",61,"Safe"
"657","NSW","2010-09-30",48,"Safe"
"658","NSW","2010-10-01",56,"Safe"
"659","NSW","2010-10-02",61,"Safe"
"660","NSW","2010-10-03",56,"Safe"
"661","NSW","2010-10-04",61,"Safe"
"662","NSW","2010-10-05",52,"Safe"
"663","NSW","2010-10-06",69,"MinorHazard"
"664","NSW","2010-10-07",59,"Safe"
"665","NSW","2010-10-08",39,"Safe"
"666","NSW","2010-10-09",50,"Safe"
"667","NSW","2010-10-10",52,"Safe"
"668","NSW","2010-10-11",65,"MinorHazard"
"669","NSW","2010-10-12",63,"MinorHazard"
"670","NSW","2010-10-13",59,"Safe"
"671","NSW","2010-10-14",50,"Safe"
"672","NSW","2010-10-15",85,"MinorHazard"
"673","NSW","2010-10-16",93,"Damaging"
"674","NSW","2010-10-17",54,"Safe"
"675","NSW","2010-10-18",48,"Safe"
"676","NSW","2010-10-19",54,"Safe"
"677","NSW","2010-10-20",48,"Safe"
"678","NSW","2010-10-21",46,"Safe"
"679","NSW","2010-10-22",48,"Safe"
"680","NSW","2010-10-23",57,"Safe"
"681","NSW","2010-10-24",67,"MinorHazard"
"682","NSW","2010-10-25",59,"Safe"
"683","NSW","2010-10-26",56,"Safe"
"684","NSW","2010-10-27",56,"Safe"
"685","NSW","2010-10-28",44,"Safe"
"686","NSW","2010-10-29",70,"MinorHazard"
"687","NSW","2010-10-30",65,"MinorHazard"
"688","NSW","2010-10-31",69,"MinorHazard"
"689","NSW","2010-11-01",63,"MinorHazard"
"690","NSW","2010-11-02",67,"MinorHazard"
"691","NSW","2010-11-03",52,"Safe"
"692","NSW","2010-11-04",67,"MinorHazard"
"693","NSW","2010-11-05",67,"MinorHazard"
"694","NSW","2010-11-06",48,"Safe"
"695","NSW","2010-11-07",54,"Safe"
"696","NSW","2010-11-08",80,"MinorHazard"
"697","NSW","2010-11-09",54,"Safe"
"698","NSW","2010-11-10",63,"MinorHazard"
"699","NSW","2010-11-11",43,"Safe"
"700","NSW","2010-11-12",56,"Safe"
"701","NSW","2010-11-13",63,"MinorHazard"
"702","NSW","2010-11-14",57,"Safe"
"703","NSW","2010-11-15",61,"Safe"
"704","NSW","2010-11-16",61,"Safe"
"705","NSW","2010-11-17",63,"MinorHazard"
"706","NSW","2010-11-18",50,"Safe"
"707","NSW","2010-11-19",80,"MinorHazard"
"708","NSW","2010-11-20",41,"Safe"
"709","NSW","2010-11-21",63,"MinorHazard"
"710","NSW","2010-11-22",48,"Safe"
"711","NSW","2010-11-23",57,"Safe"
"712","NSW","2010-11-24",61,"Safe"
"713","NSW","2010-11-25",54,"Safe"
"714","NSW","2010-11-26",48,"Safe"
"715","NSW","2010-11-27",74,"MinorHazard"
"716","NSW","2010-11-28",54,"Safe"
"717","NSW","2010-11-29",56,"Safe"
"718","NSW","2010-11-30",56,"Safe"
"719","NSW","2010-12-01",63,"MinorHazard"
"720","NSW","2010-12-02",67,"MinorHazard"
"721","NSW","2010-12-03",48,"Safe"
"722","NSW","2010-12-04",44,"Safe"
"723","NSW","2010-12-05",44,"Safe"
"724","NSW","2010-12-06",50,"Safe"
"725","NSW","2010-12-07",50,"Safe"
"726","NSW","2010-12-08",96,"Damaging"
"727","NSW","2010-12-09",63,"MinorHazard"
"728","NSW","2010-12-10",61,"Safe"
"729","NSW","2010-12-11",50,"Safe"
"730","NSW","2010-12-12",61,"Safe"
"731","NSW","2010-12-13",61,"Safe"
"732","NSW","2010-12-14",41,"Safe"
"733","NSW","2010-12-15",70,"MinorHazard"
"734","NSW","2010-12-16",69,"MinorHazard"
"735","NSW","2010-12-17",65,"MinorHazard"
"736","NSW","2010-12-18",76,"MinorHazard"
"737","NSW","2010-12-19",78,"MinorHazard"
"738","NSW","2010-12-20",81,"MinorHazard"
"739","NSW","2010-12-21",65,"MinorHazard"
"740","NSW","2010-12-22",44,"Safe"
"741","NSW","2010-12-23",61,"Safe"
"742","NSW","2010-12-24",59,"Safe"
"743","NSW","2010-12-25",67,"MinorHazard"
"744","NSW","2010-12-26",80,"MinorHazard"
"745","NSW","2010-12-27",70,"MinorHazard"
"746","NSW","2010-12-28",54,"Safe"
"747","NSW","2010-12-29",52,"Safe"
"748","NSW","2010-12-30",44,"Safe"
"749","NSW","2010-12-31",57,"Safe"
"750","NSW","2011-01-01",56,"Safe"
"751","NSW","2011-01-02",61,"Safe"
"752","NSW","2011-01-03",70,"MinorHazard"
"753","NSW","2011-01-04",54,"Safe"
"754","NSW","2011-01-05",50,"Safe"
"755","NSW","2011-01-06",48,"Safe"
"756","NSW","2011-01-07",56,"Safe"
"757","NSW","2011-01-08",48,"Safe"
"758","NSW","2011-01-09",65,"MinorHazard"
"759","NSW","2011-01-10",59,"Safe"
"760","NSW","2011-01-11",63,"MinorHazard"
"761","NSW","2011-01-12",65,"MinorHazard"
"762","NSW","2011-01-13",57,"Safe"
"763","NSW","2011-01-14",67,"MinorHazard"
"764","NSW","2011-01-15",85,"MinorHazard"
"765","NSW","2011-01-16",70,"MinorHazard"
"766","NSW","2011-01-17",87,"MinorHazard"
"767","NSW","2011-01-18",70,"MinorHazard"
"768","NSW","2011-01-19",59,"Safe"
"769","NSW","2011-01-20",46,"Safe"
"770","NSW","2011-01-21",54,"Safe"
"771","NSW","2011-01-22",65,"MinorHazard"
"772","NSW","2011-01-23",61,"Safe"
"773","NSW","2011-01-24",72,"MinorHazard"
"774","NSW","2011-01-25",57,"Safe"
"775","NSW","2011-01-26",59,"Safe"
"776","NSW","2011-01-27",81,"MinorHazard"
"777","NSW","2011-01-28",59,"Safe"
"778","NSW","2011-01-29",46,"Safe"
"779","NSW","2011-01-30",54,"Safe"
"780","NSW","2011-01-31",56,"Safe"
"781","NSW","2011-02-01",70,"MinorHazard"
"782","NSW","2011-02-02",61,"Safe"
"783","NSW","2011-02-03",70,"MinorHazard"
"784","NSW","2011-02-04",81,"MinorHazard"
"785","NSW","2011-02-05",69,"MinorHazard"
"786","NSW","2011-02-06",83,"MinorHazard"
"787","NSW","2011-02-07",63,"MinorHazard"
"788","NSW","2011-02-08",48,"Safe"
"789","NSW","2011-02-09",50,"Safe"
"790","NSW","2011-02-10",46,"Safe"
"791","NSW","2011-02-11",54,"Safe"
"792","NSW","2011-02-12",61,"Safe"
"793","NSW","2011-02-13",69,"MinorHazard"
"794","NSW","2011-02-14",54,"Safe"
"795","NSW","2011-02-15",48,"Safe"
"796","NSW","2011-02-16",48,"Safe"
"797","NSW","2011-02-17",63,"MinorHazard"
"798","NSW","2011-02-18",52,"Safe"
"799","NSW","2011-02-19",59,"Safe"
"800","NSW","2011-02-20",46,"Safe"
"801","NSW","2011-02-21",69,"MinorHazard"
"802","NSW","2011-02-22",69,"MinorHazard"
"803","NSW","2011-02-23",57,"Safe"
"804","NSW","2011-02-24",41,"Safe"
"805","NSW","2011-02-25",35,"Safe"
"806","NSW","2011-02-26",41,"Safe"
"807","NSW","2011-02-27",50,"Safe"
"808","NSW","2011-02-28",54,"Safe"
"809","NSW","2011-03-01",98,"Damaging"
"810","NSW","2011-03-02",50,"Safe"
"811","NSW","2011-03-03",48,"Safe"
"812","NSW","2011-03-04",63,"MinorHazard"
"813","NSW","2011-03-05",70,"MinorHazard"
"814","NSW","2011-03-06",57,"Safe"
"815","NSW","2011-03-07",56,"Safe"
"816","NSW","2011-03-08",70,"MinorHazard"
"817","NSW","2011-03-09",63,"MinorHazard"
"818","NSW","2011-03-10",57,"Safe"
"819","NSW","2011-03-11",52,"Safe"
"820","NSW","2011-03-12",54,"Safe"
"821","NSW","2011-03-13",57,"Safe"
"822","NSW","2011-03-14",67,"MinorHazard"
"823","NSW","2011-03-15",44,"Safe"
"824","NSW","2011-03-16",48,"Safe"
"825","NSW","2011-03-17",46,"Safe"
"826","NSW","2011-03-18",48,"Safe"
"827","NSW","2011-03-19",59,"Safe"
"828","NSW","2011-03-20",59,"Safe"
"829","NSW","2011-03-21",61,"Safe"
"830","NSW","2011-03-22",41,"Safe"
"831","NSW","2011-03-23",59,"Safe"
"832","NSW","2011-03-24",72,"MinorHazard"
"833","NSW","2011-03-25",56,"Safe"
"834","NSW","2011-03-26",63,"MinorHazard"
"835","NSW","2011-03-27",52,"Safe"
"836","NSW","2011-03-28",54,"Safe"
"837","NSW","2011-03-29",52,"Safe"
"838","NSW","2011-03-30",57,"Safe"
"839","NSW","2011-03-31",61,"Safe"
"840","NSW","2011-05-01",50,"Safe"
"841","NSW","2011-05-02",39,"Safe"
"842","NSW","2011-05-03",52,"Safe"
"843","NSW","2011-05-04",57,"Safe"
"844","NSW","2011-05-05",59,"Safe"
"845","NSW","2011-05-06",67,"MinorHazard"
"846","NSW","2011-05-07",54,"Safe"
"847","NSW","2011-05-08",37,"Safe"
"848","NSW","2011-05-09",67,"MinorHazard"
"849","NSW","2011-05-10",59,"Safe"
"850","NSW","2011-05-11",91,"Damaging"
"851","NSW","2011-05-12",65,"MinorHazard"
"852","NSW","2011-05-13",65,"MinorHazard"
"853","NSW","2011-05-14",72,"MinorHazard"
"854","NSW","2011-05-15",59,"Safe"
"855","NSW","2011-05-16",39,"Safe"
"856","NSW","2011-05-17",37,"Safe"
"857","NSW","2011-05-18",52,"Safe"
"858","NSW","2011-05-19",56,"Safe"
"859","NSW","2011-05-20",44,"Safe"
"860","NSW","2011-05-21",52,"Safe"
"861","NSW","2011-05-22",61,"Safe"
"862","NSW","2011-05-23",59,"Safe"
"863","NSW","2011-05-24",67,"MinorHazard"
"864","NSW","2011-05-25",83,"MinorHazard"
"865","NSW","2011-05-26",56,"Safe"
"866","NSW","2011-05-27",43,"Safe"
"867","NSW","2011-05-28",54,"Safe"
"868","NSW","2011-05-29",46,"Safe"
"869","NSW","2011-05-30",94,"Damaging"
"870","NSW","2011-05-31",81,"MinorHazard"
"871","NSW","2011-06-01",76,"MinorHazard"
"872","NSW","2011-06-02",63,"MinorHazard"
"873","NSW","2011-06-03",43,"Safe"
"874","NSW","2011-06-04",56,"Safe"
"875","NSW","2011-06-05",43,"Safe"
"876","NSW","2011-06-06",54,"Safe"
"877","NSW","2011-06-07",63,"MinorHazard"
"878","NSW","2011-06-08",76,"MinorHazard"
"879","NSW","2011-06-09",63,"MinorHazard"
"880","NSW","2011-06-10",63,"MinorHazard"
"881","NSW","2011-06-11",63,"MinorHazard"
"882","NSW","2011-06-12",74,"MinorHazard"
"883","NSW","2011-06-13",65,"MinorHazard"
"884","NSW","2011-06-14",87,"MinorHazard"
"885","NSW","2011-06-15",87,"MinorHazard"
"886","NSW","2011-06-16",69,"MinorHazard"
"887","NSW","2011-06-17",76,"MinorHazard"
"888","NSW","2011-06-18",76,"MinorHazard"
"889","NSW","2011-06-19",76,"MinorHazard"
"890","NSW","2011-06-20",57,"Safe"
"891","NSW","2011-06-21",100,"Damaging"
"892","NSW","2011-06-22",89,"MinorHazard"
"893","NSW","2011-06-23",81,"MinorHazard"
"894","NSW","2011-06-24",50,"Safe"
"895","NSW","2011-06-25",39,"Safe"
"896","NSW","2011-06-26",46,"Safe"
"897","NSW","2011-06-27",39,"Safe"
"898","NSW","2011-06-28",52,"Safe"
"899","NSW","2011-06-29",56,"Safe"
"900","NSW","2011-06-30",56,"Safe"
"901","NSW","2011-07-01",44,"Safe"
"902","NSW","2011-07-02",37,"Safe"
"903","NSW","2011-07-03",57,"Safe"
"904","NSW","2011-07-04",69,"MinorHazard"
"905","NSW","2011-07-05",87,"MinorHazard"
"906","NSW","2011-07-06",87,"MinorHazard"
"907","NSW","2011-07-07",100,"Damaging"
"908","NSW","2011-07-08",65,"MinorHazard"
"909","NSW","2011-07-09",69,"MinorHazard"
"910","NSW","2011-07-10",85,"MinorHazard"
"911","NSW","2011-07-11",63,"MinorHazard"
"912","NSW","2011-07-12",65,"MinorHazard"
"913","NSW","2011-07-13",61,"Safe"
"914","NSW","2011-07-14",52,"Safe"
"915","NSW","2011-07-15",50,"Safe"
"916","NSW","2011-07-16",41,"Safe"
"917","NSW","2011-07-17",33,"Safe"
"918","NSW","2011-07-18",43,"Safe"
"919","NSW","2011-07-19",72,"MinorHazard"
"920","NSW","2011-07-20",111,"Damaging"
"921","NSW","2011-07-21",74,"MinorHazard"
"922","NSW","2011-07-22",72,"MinorHazard"
"923","NSW","2011-07-23",65,"MinorHazard"
"924","NSW","2011-07-24",65,"MinorHazard"
"925","NSW","2011-07-25",59,"Safe"
"926","NSW","2011-07-26",44,"Safe"
"927","NSW","2011-07-27",41,"Safe"
"928","NSW","2011-07-28",41,"Safe"
"929","NSW","2011-07-29",35,"Safe"
"930","NSW","2011-07-30",37,"Safe"
"931","NSW","2011-07-31",33,"Safe"
"932","NSW","2011-08-01",37,"Safe"
"933","NSW","2011-08-02",43,"Safe"
"934","NSW","2011-08-03",52,"Safe"
"935","NSW","2011-08-04",56,"Safe"
"936","NSW","2011-08-05",52,"Safe"
"937","NSW","2011-08-06",54,"Safe"
"938","NSW","2011-08-07",63,"MinorHazard"
"939","NSW","2011-08-08",50,"Safe"
"940","NSW","2011-08-09",57,"Safe"
"941","NSW","2011-08-10",50,"Safe"
"942","NSW","2011-08-11",43,"Safe"
"943","NSW","2011-08-12",70,"MinorHazard"
"944","NSW","2011-08-13",91,"Damaging"
"945","NSW","2011-08-14",57,"Safe"
"946","NSW","2011-08-15",41,"Safe"
"947","NSW","2011-08-16",44,"Safe"
"948","NSW","2011-08-17",72,"MinorHazard"
"949","NSW","2011-08-18",67,"MinorHazard"
"950","NSW","2011-08-19",87,"MinorHazard"
"951","NSW","2011-08-20",69,"MinorHazard"
"952","NSW","2011-08-21",67,"MinorHazard"
"953","NSW","2011-08-22",72,"MinorHazard"
"954","NSW","2011-08-23",65,"MinorHazard"
"955","NSW","2011-08-24",48,"Safe"
"956","NSW","2011-08-25",74,"MinorHazard"
"957","NSW","2011-08-26",61,"Safe"
"958","NSW","2011-08-27",50,"Safe"
"959","NSW","2011-08-28",46,"Safe"
"960","NSW","2011-08-29",56,"Safe"
"961","NSW","2011-08-30",56,"Safe"
"962","NSW","2011-08-31",30,"Safe"
"963","NSW","2011-09-01",39,"Safe"
"964","NSW","2011-09-02",50,"Safe"
"965","NSW","2011-09-03",50,"Safe"
"966","NSW","2011-09-04",59,"Safe"
"967","NSW","2011-09-05",50,"Safe"
"968","NSW","2011-09-06",69,"MinorHazard"
"969","NSW","2011-09-07",56,"Safe"
"970","NSW","2011-09-08",48,"Safe"
"971","NSW","2011-09-09",59,"Safe"
"972","NSW","2011-09-14",63,"MinorHazard"
"973","NSW","2011-09-15",67,"MinorHazard"
"974","NSW","2011-09-16",59,"Safe"
"975","NSW","2011-09-17",48,"Safe"
"976","NSW","2011-09-18",67,"MinorHazard"
"977","NSW","2011-09-19",67,"MinorHazard"
"978","NSW","2011-09-20",83,"MinorHazard"
"979","NSW","2011-09-21",46,"Safe"
"980","NSW","2011-09-22",50,"Safe"
"981","NSW","2011-09-23",83,"MinorHazard"
"982","NSW","2011-09-24",56,"Safe"
"983","NSW","2011-09-25",72,"MinorHazard"
"984","NSW","2011-09-26",63,"MinorHazard"
"985","NSW","2011-09-27",54,"Safe"
"986","NSW","2011-09-28",83,"MinorHazard"
"987","NSW","2011-09-29",96,"Damaging"
"988","NSW","2011-09-30",87,"MinorHazard"
"989","NSW","2011-10-01",61,"Safe"
"990","NSW","2011-10-02",89,"MinorHazard"
"991","NSW","2011-10-03",63,"MinorHazard"
"992","NSW","2011-10-04",61,"Safe"
"993","NSW","2011-10-05",54,"Safe"
"994","NSW","2011-10-06",52,"Safe"
"995","NSW","2011-10-07",41,"Safe"
"996","NSW","2011-10-08",41,"Safe"
"997","NSW","2011-10-09",54,"Safe"
"998","NSW","2011-10-11",56,"Safe"
"999","NSW","2011-10-12",44,"Safe"
"1000","NSW","2011-10-13",43,"Safe"
"1001","NSW","2011-10-14",48,"Safe"
"1002","NSW","2011-10-15",65,"MinorHazard"
"1003","NSW","2011-10-16",52,"Safe"
"1004","NSW","2011-10-17",59,"Safe"
"1005","NSW","2011-10-18",59,"Safe"
"1006","NSW","2011-10-19",61,"Safe"
"1007","NSW","2011-10-20",52,"Safe"
"1008","NSW","2011-10-21",44,"Safe"
"1009","NSW","2011-10-22",50,"Safe"
"1010","NSW","2011-10-23",48,"Safe"
"1011","NSW","2011-10-24",57,"Safe"
"1012","NSW","2011-10-25",74,"MinorHazard"
"1013","NSW","2011-10-26",52,"Safe"
"1014","NSW","2011-10-27",48,"Safe"
"1015","NSW","2011-10-28",54,"Safe"
"1016","NSW","2011-10-29",61,"Safe"
"1017","NSW","2011-10-30",80,"MinorHazard"
"1018","NSW","2011-10-31",59,"Safe"
"1019","NSW","2011-11-01",46,"Safe"
"1020","NSW","2011-11-02",56,"Safe"
"1021","NSW","2011-11-03",54,"Safe"
"1022","NSW","2011-11-04",44,"Safe"
"1023","NSW","2011-11-05",52,"Safe"
"1024","NSW","2011-11-06",56,"Safe"
"1025","NSW","2011-11-07",59,"Safe"
"1026","NSW","2011-11-08",67,"MinorHazard"
"1027","NSW","2011-11-09",78,"MinorHazard"
"1028","NSW","2011-11-10",63,"MinorHazard"
"1029","NSW","2011-11-11",43,"Safe"
"1030","NSW","2011-11-12",43,"Safe"
"1031","NSW","2011-11-13",74,"MinorHazard"
"1032","NSW","2011-11-14",74,"MinorHazard"
"1033","NSW","2011-11-15",52,"Safe"
"1034","NSW","2011-11-16",80,"MinorHazard"
"1035","NSW","2011-11-17",43,"Safe"
"1036","NSW","2011-11-18",37,"Safe"
"1037","NSW","2011-11-19",65,"MinorHazard"
"1038","NSW","2011-11-20",74,"MinorHazard"
"1039","NSW","2011-11-21",48,"Safe"
"1040","NSW","2011-11-22",67,"MinorHazard"
"1041","NSW","2011-11-23",69,"MinorHazard"
"1042","NSW","2011-11-28",54,"Safe"
"1043","NSW","2011-11-29",93,"Damaging"
"1044","NSW","2011-11-30",65,"MinorHazard"
"1045","NSW","2011-12-01",72,"MinorHazard"
"1046","NSW","2011-12-02",57,"Safe"
"1047","NSW","2011-12-03",43,"Safe"
"1048","NSW","2011-12-04",74,"MinorHazard"
"1049","NSW","2011-12-05",63,"MinorHazard"
"1050","NSW","2011-12-06",44,"Safe"
"1051","NSW","2011-12-07",46,"Safe"
"1052","NSW","2011-12-08",46,"Safe"
"1053","NSW","2011-12-09",89,"MinorHazard"
"1054","NSW","2011-12-10",70,"MinorHazard"
"1055","NSW","2011-12-11",80,"MinorHazard"
"1056","NSW","2011-12-12",72,"MinorHazard"
"1057","NSW","2011-12-13",57,"Safe"
"1058","NSW","2011-12-14",57,"Safe"
"1059","NSW","2011-12-15",43,"Safe"
"1060","NSW","2011-12-16",48,"Safe"
"1061","NSW","2011-12-17",54,"Safe"
"1062","NSW","2011-12-18",52,"Safe"
"1063","NSW","2011-12-19",54,"Safe"
"1064","NSW","2011-12-20",48,"Safe"
"1065","NSW","2011-12-21",56,"Safe"
"1066","NSW","2011-12-22",56,"Safe"
"1067","NSW","2011-12-23",52,"Safe"
"1068","NSW","2011-12-24",59,"Safe"
"1069","NSW","2011-12-25",83,"MinorHazard"
"1070","NSW","2011-12-26",80,"MinorHazard"
"1071","NSW","2011-12-27",72,"MinorHazard"
"1072","NSW","2011-12-28",56,"Safe"
"1073","NSW","2011-12-29",57,"Safe"
"1074","NSW","2011-12-30",44,"Safe"
"1075","NSW","2011-12-31",43,"Safe"
"1076","NSW","2012-01-01",46,"Safe"
"1077","NSW","2012-01-02",52,"Safe"
"1078","NSW","2012-01-03",54,"Safe"
"1079","NSW","2012-01-04",69,"MinorHazard"
"1080","NSW","2012-01-05",57,"Safe"
"1081","NSW","2012-01-06",61,"Safe"
"1082","NSW","2012-01-07",50,"Safe"
"1083","NSW","2012-01-08",61,"Safe"
"1084","NSW","2012-01-09",50,"Safe"
"1085","NSW","2012-01-10",52,"Safe"
"1086","NSW","2012-01-11",78,"MinorHazard"
"1087","NSW","2012-01-12",63,"MinorHazard"
"1088","NSW","2012-01-13",48,"Safe"
"1089","NSW","2012-01-14",57,"Safe"
"1090","NSW","2012-01-15",56,"Safe"
"1091","NSW","2012-01-16",54,"Safe"
"1092","NSW","2012-01-17",52,"Safe"
"1093","NSW","2012-01-18",52,"Safe"
"1094","NSW","2012-01-19",48,"Safe"
"1095","NSW","2012-01-20",83,"MinorHazard"
"1096","NSW","2012-01-21",52,"Safe"
"1097","NSW","2012-01-22",57,"Safe"
"1098","NSW","2012-01-23",52,"Safe"
"1099","NSW","2012-01-24",52,"Safe"
"1100","NSW","2012-01-25",57,"Safe"
"1101","NSW","2012-01-26",54,"Safe"
"1102","NSW","2012-01-27",56,"Safe"
"1103","NSW","2012-01-28",52,"Safe"
"1104","NSW","2012-01-29",57,"Safe"
"1105","NSW","2012-01-30",67,"MinorHazard"
"1106","NSW","2012-01-31",59,"Safe"
"1107","NSW","2012-02-01",57,"Safe"
"1108","NSW","2012-02-02",59,"Safe"
"1109","NSW","2012-02-03",74,"MinorHazard"
"1110","NSW","2012-02-04",72,"MinorHazard"
"1111","NSW","2012-02-05",87,"MinorHazard"
"1112","NSW","2012-02-06",65,"MinorHazard"
"1113","NSW","2012-02-07",48,"Safe"
"1114","NSW","2012-02-08",50,"Safe"
"1115","NSW","2012-02-09",50,"Safe"
"1116","NSW","2012-02-10",72,"MinorHazard"
"1117","NSW","2012-02-11",63,"MinorHazard"
"1118","NSW","2012-02-12",98,"Damaging"
"1119","NSW","2012-02-13",65,"MinorHazard"
"1120","NSW","2012-02-14",43,"Safe"
"1121","NSW","2012-02-15",43,"Safe"
"1122","NSW","2012-02-16",54,"Safe"
"1123","NSW","2012-02-17",67,"MinorHazard"
"1124","NSW","2012-02-18",61,"Safe"
"1125","NSW","2012-02-19",65,"MinorHazard"
"1126","NSW","2012-02-20",54,"Safe"
"1127","NSW","2012-02-21",72,"MinorHazard"
"1128","NSW","2012-02-22",48,"Safe"
"1129","NSW","2012-02-23",37,"Safe"
"1130","NSW","2012-02-24",39,"Safe"
"1131","NSW","2012-02-25",56,"Safe"
"1132","NSW","2012-02-26",52,"Safe"
"1133","NSW","2012-02-27",52,"Safe"
"1134","NSW","2012-02-28",56,"Safe"
"1135","NSW","2012-02-29",56,"Safe"
"1136","NSW","2012-03-01",80,"MinorHazard"
"1137","NSW","2012-03-02",83,"MinorHazard"
"1138","NSW","2012-03-03",69,"MinorHazard"
"1139","NSW","2012-03-04",50,"Safe"
"1140","NSW","2012-03-05",50,"Safe"
"1141","NSW","2012-03-06",69,"MinorHazard"
"1142","NSW","2012-03-07",81,"MinorHazard"
"1143","NSW","2012-03-08",76,"MinorHazard"
"1144","NSW","2012-03-09",50,"Safe"
"1145","NSW","2012-03-10",44,"Safe"
"1146","NSW","2012-03-11",41,"Safe"
"1147","NSW","2012-03-12",50,"Safe"
"1148","NSW","2012-03-13",46,"Safe"
"1149","NSW","2012-03-14",46,"Safe"
"1150","NSW","2012-03-15",56,"Safe"
"1151","NSW","2012-03-16",78,"MinorHazard"
"1152","NSW","2012-03-17",59,"Safe"
"1153","NSW","2012-03-18",67,"MinorHazard"
"1154","NSW","2012-03-19",57,"Safe"
"1155","NSW","2012-03-20",46,"Safe"
"1156","NSW","2012-03-21",57,"Safe"
"1157","NSW","2012-03-22",78,"MinorHazard"
"1158","NSW","2012-03-23",63,"MinorHazard"
"1159","NSW","2012-03-24",61,"Safe"
"1160","NSW","2012-03-25",50,"Safe"
"1161","NSW","2012-03-26",52,"Safe"
"1162","NSW","2012-03-27",54,"Safe"
"1163","NSW","2012-03-28",57,"Safe"
"1164","NSW","2012-03-29",65,"MinorHazard"
"1165","NSW","2012-03-30",50,"Safe"
"1166","NSW","2012-03-31",52,"Safe"
"1167","NSW","2012-04-01",59,"Safe"
"1168","NSW","2012-04-02",56,"Safe"
"1169","NSW","2012-04-03",50,"Safe"
"1170","NSW","2012-04-04",41,"Safe"
"1171","NSW","2012-04-05",46,"Safe"
"1172","NSW","2012-04-06",57,"Safe"
"1173","NSW","2012-04-07",61,"Safe"
"1174","NSW","2012-04-08",74,"MinorHazard"
"1175","NSW","2012-04-09",72,"MinorHazard"
"1176","NSW","2012-04-10",78,"MinorHazard"
"1177","NSW","2012-04-11",61,"Safe"
"1178","NSW","2012-04-12",54,"Safe"
"1179","NSW","2012-04-13",43,"Safe"
"1180","NSW","2012-04-14",39,"Safe"
"1181","NSW","2012-04-15",39,"Safe"
"1182","NSW","2012-04-16",63,"MinorHazard"
"1183","NSW","2012-04-17",57,"Safe"
"1184","NSW","2012-04-18",69,"MinorHazard"
"1185","NSW","2012-04-19",57,"Safe"
"1186","NSW","2012-04-20",59,"Safe"
"1187","NSW","2012-04-21",54,"Safe"
"1188","NSW","2012-04-22",59,"Safe"
"1189","NSW","2012-04-23",61,"Safe"
"1190","NSW","2012-04-24",74,"MinorHazard"
"1191","NSW","2012-04-25",81,"MinorHazard"
"1192","NSW","2012-04-26",50,"Safe"
"1193","NSW","2012-04-27",35,"Safe"
"1194","NSW","2012-04-28",37,"Safe"
"1195","NSW","2012-04-29",67,"MinorHazard"
"1196","NSW","2012-04-30",50,"Safe"
"1197","NSW","2012-05-01",52,"Safe"
"1198","NSW","2012-05-02",46,"Safe"
"1199","NSW","2012-05-03",54,"Safe"
"1200","NSW","2012-05-04",63,"MinorHazard"
"1201","NSW","2012-05-05",74,"MinorHazard"
"1202","NSW","2012-05-06",83,"MinorHazard"
"1203","NSW","2012-05-07",72,"MinorHazard"
"1204","NSW","2012-05-08",37,"Safe"
"1205","NSW","2012-05-09",50,"Safe"
"1206","NSW","2012-05-10",50,"Safe"
"1207","NSW","2012-05-11",50,"Safe"
"1208","NSW","2012-05-12",61,"Safe"
"1209","NSW","2012-05-13",80,"MinorHazard"
"1210","NSW","2012-05-14",57,"Safe"
"1211","NSW","2012-05-15",67,"MinorHazard"
"1212","NSW","2012-05-16",69,"MinorHazard"
"1213","NSW","2012-05-17",39,"Safe"
"1214","NSW","2012-05-18",33,"Safe"
"1215","NSW","2012-05-19",35,"Safe"
"1216","NSW","2012-05-20",39,"Safe"
"1217","NSW","2012-05-21",46,"Safe"
"1218","NSW","2012-05-22",41,"Safe"
"1219","NSW","2012-05-23",39,"Safe"
"1220","NSW","2012-05-24",56,"Safe"
"1221","NSW","2012-05-25",76,"MinorHazard"
"1222","NSW","2012-05-26",94,"Damaging"
"1223","NSW","2012-05-27",50,"Safe"
"1224","NSW","2012-05-28",52,"Safe"
"1225","NSW","2012-05-29",52,"Safe"
"1226","NSW","2012-05-30",48,"Safe"
"1227","NSW","2012-05-31",46,"Safe"
"1228","NSW","2012-06-01",33,"Safe"
"1229","NSW","2012-06-02",39,"Safe"
"1230","NSW","2012-06-03",37,"Safe"
"1231","NSW","2012-06-04",69,"MinorHazard"
"1232","NSW","2012-06-05",104,"Damaging"
"1233","NSW","2012-06-06",98,"Damaging"
"1234","NSW","2012-06-07",50,"Safe"
"1235","NSW","2012-06-08",43,"Safe"
"1236","NSW","2012-06-09",33,"Safe"
"1237","NSW","2012-06-10",44,"Safe"
"1238","NSW","2012-06-11",61,"Safe"
"1239","NSW","2012-06-12",96,"Damaging"
"1240","NSW","2012-06-13",76,"MinorHazard"
"1241","NSW","2012-06-14",72,"MinorHazard"
"1242","NSW","2012-06-15",56,"Safe"
"1243","NSW","2012-06-16",41,"Safe"
"1244","NSW","2012-06-17",56,"Safe"
"1245","NSW","2012-06-18",50,"Safe"
"1246","NSW","2012-06-19",56,"Safe"
"1247","NSW","2012-06-20",65,"MinorHazard"
"1248","NSW","2012-06-21",50,"Safe"
"1249","NSW","2012-06-22",80,"MinorHazard"
"1250","NSW","2012-06-23",46,"Safe"
"1251","NSW","2012-06-24",48,"Safe"
"1252","NSW","2012-06-25",41,"Safe"
"1253","NSW","2012-06-26",46,"Safe"
"1254","NSW","2012-06-27",48,"Safe"
"1255","NSW","2012-06-28",48,"Safe"
"1256","NSW","2012-06-29",59,"Safe"
"1257","NSW","2012-06-30",54,"Safe"
"1258","NSW","2012-07-01",56,"Safe"
"1259","NSW","2012-07-02",54,"Safe"
"1260","NSW","2012-07-03",46,"Safe"
"1261","NSW","2012-07-04",61,"Safe"
"1262","NSW","2012-07-05",65,"MinorHazard"
"1263","NSW","2012-07-06",63,"MinorHazard"
"1264","NSW","2012-07-07",48,"Safe"
"1265","NSW","2012-07-08",39,"Safe"
"1266","NSW","2012-07-09",46,"Safe"
"1267","NSW","2012-07-10",56,"Safe"
"1268","NSW","2012-07-11",44,"Safe"
"1269","NSW","2012-07-12",52,"Safe"
"1270","NSW","2012-07-13",44,"Safe"
"1271","NSW","2012-07-14",59,"Safe"
"1272","NSW","2012-07-15",56,"Safe"
"1273","NSW","2012-07-16",56,"Safe"
"1274","NSW","2012-07-17",50,"Safe"
"1275","NSW","2012-07-18",59,"Safe"
"1276","NSW","2012-07-19",56,"Safe"
"1277","NSW","2012-07-20",67,"MinorHazard"
"1278","NSW","2012-07-21",65,"MinorHazard"
"1279","NSW","2012-07-22",69,"MinorHazard"
"1280","NSW","2012-07-23",69,"MinorHazard"
"1281","NSW","2012-07-24",48,"Safe"
"1282","NSW","2012-07-25",41,"Safe"
"1283","NSW","2012-07-26",54,"Safe"
"1284","NSW","2012-07-27",48,"Safe"
"1285","NSW","2012-07-28",52,"Safe"
"1286","NSW","2012-07-29",69,"MinorHazard"
"1287","NSW","2012-07-30",74,"MinorHazard"
"1288","NSW","2012-07-31",69,"MinorHazard"
"1289","NSW","2012-08-01",57,"Safe"
"1290","NSW","2012-08-02",48,"Safe"
"1291","NSW","2012-08-03",46,"Safe"
"1292","NSW","2012-08-04",44,"Safe"
"1293","NSW","2012-08-05",54,"Safe"
"1294","NSW","2012-08-06",56,"Safe"
"1295","NSW","2012-08-07",52,"Safe"
"1296","NSW","2012-08-08",52,"Safe"
"1297","NSW","2012-08-09",69,"MinorHazard"
"1298","NSW","2012-08-10",106,"Damaging"
"1299","NSW","2012-08-11",91,"Damaging"
"1300","NSW","2012-08-12",72,"MinorHazard"
"1301","NSW","2012-08-13",50,"Safe"
"1302","NSW","2012-08-14",48,"Safe"
"1303","NSW","2012-08-15",59,"Safe"
"1304","NSW","2012-08-16",41,"Safe"
"1305","NSW","2012-08-17",89,"MinorHazard"
"1306","NSW","2012-08-18",81,"MinorHazard"
"1307","NSW","2012-08-19",50,"Safe"
"1308","NSW","2012-08-20",37,"Safe"
"1309","NSW","2012-08-21",44,"Safe"
"1310","NSW","2012-08-22",56,"Safe"
"1311","NSW","2012-08-23",91,"Damaging"
"1312","NSW","2012-08-24",72,"MinorHazard"
"1313","NSW","2012-08-25",67,"MinorHazard"
"1314","NSW","2012-08-26",46,"Safe"
"1315","NSW","2012-08-27",39,"Safe"
"1316","NSW","2012-08-28",50,"Safe"
"1317","NSW","2012-08-29",56,"Safe"
"1318","NSW","2012-08-30",67,"MinorHazard"
"1319","NSW","2012-08-31",76,"MinorHazard"
"1320","NSW","2012-09-01",67,"MinorHazard"
"1321","NSW","2012-09-02",59,"Safe"
"1322","NSW","2012-09-03",54,"Safe"
"1323","NSW","2012-09-04",41,"Safe"
"1324","NSW","2012-09-05",85,"MinorHazard"
"1325","NSW","2012-09-06",81,"MinorHazard"
"1326","NSW","2012-09-07",80,"MinorHazard"
"1327","NSW","2012-09-08",69,"MinorHazard"
"1328","NSW","2012-09-09",63,"MinorHazard"
"1329","NSW","2012-09-10",46,"Safe"
"1330","NSW","2012-09-11",56,"Safe"
"1331","NSW","2012-09-12",48,"Safe"
"1332","NSW","2012-09-13",80,"MinorHazard"
"1333","NSW","2012-09-14",59,"Safe"
"1334","NSW","2012-09-15",69,"MinorHazard"
"1335","NSW","2012-09-16",48,"Safe"
"1336","NSW","2012-09-17",52,"Safe"
"1337","NSW","2012-09-18",52,"Safe"
"1338","NSW","2012-09-19",43,"Safe"
"1339","NSW","2012-09-20",50,"Safe"
"1340","NSW","2012-09-21",57,"Safe"
"1341","NSW","2012-09-22",48,"Safe"
"1342","NSW","2012-09-23",57,"Safe"
"1343","NSW","2012-09-24",54,"Safe"
"1344","NSW","2012-09-25",39,"Safe"
"1345","NSW","2012-09-26",57,"Safe"
"1346","NSW","2012-09-27",59,"Safe"
"1347","NSW","2012-09-28",72,"MinorHazard"
"1348","NSW","2012-09-29",74,"MinorHazard"
"1349","NSW","2012-09-30",61,"Safe"
"1350","NSW","2012-10-01",50,"Safe"
"1351","NSW","2012-10-02",48,"Safe"
"1352","NSW","2012-10-03",41,"Safe"
"1353","NSW","2012-10-07",70,"MinorHazard"
"1354","NSW","2012-10-08",44,"Safe"
"1355","NSW","2012-10-09",57,"Safe"
"1356","NSW","2012-10-10",59,"Safe"
"1357","NSW","2012-10-11",65,"MinorHazard"
"1358","NSW","2012-10-12",93,"Damaging"
"1359","NSW","2012-10-13",72,"MinorHazard"
"1360","NSW","2012-10-14",50,"Safe"
"1361","NSW","2012-10-15",48,"Safe"
"1362","NSW","2012-10-16",57,"Safe"
"1363","NSW","2012-10-17",54,"Safe"
"1364","NSW","2012-10-18",50,"Safe"
"1365","NSW","2012-10-19",57,"Safe"
"1366","NSW","2012-10-20",65,"MinorHazard"
"1367","NSW","2012-10-21",76,"MinorHazard"
"1368","NSW","2012-10-22",96,"Damaging"
"1369","NSW","2012-10-23",74,"MinorHazard"
"1370","NSW","2012-10-24",70,"MinorHazard"
"1371","NSW","2012-10-25",63,"MinorHazard"
"1372","NSW","2012-10-26",63,"MinorHazard"
"1373","NSW","2012-10-27",52,"Safe"
"1374","NSW","2012-10-28",48,"Safe"
"1375","NSW","2012-10-29",52,"Safe"
"1376","NSW","2012-10-30",50,"Safe"
"1377","NSW","2012-10-31",41,"Safe"
"1378","NSW","2012-11-01",69,"MinorHazard"
"1379","NSW","2012-11-02",59,"Safe"
"1380","NSW","2012-11-03",46,"Safe"
"1381","NSW","2012-11-04",54,"Safe"
"1382","NSW","2012-11-05",59,"Safe"
"1383","NSW","2012-11-06",70,"MinorHazard"
"1384","NSW","2012-11-07",65,"MinorHazard"
"1385","NSW","2012-11-08",107,"Damaging"
"1386","NSW","2012-11-09",61,"Safe"
"1387","NSW","2012-11-10",56,"Safe"
"1388","NSW","2012-11-11",41,"Safe"
"1389","NSW","2012-11-12",61,"Safe"
"1390","NSW","2012-11-13",65,"MinorHazard"
"1391","NSW","2012-11-14",44,"Safe"
"1392","NSW","2012-11-15",56,"Safe"
"1393","NSW","2012-11-16",56,"Safe"
"1394","NSW","2012-11-17",48,"Safe"
"1395","NSW","2012-11-18",89,"MinorHazard"
"1396","NSW","2012-11-19",63,"MinorHazard"
"1397","NSW","2012-11-20",70,"MinorHazard"
"1398","NSW","2012-11-21",70,"MinorHazard"
"1399","NSW","2012-11-22",80,"MinorHazard"
"1400","NSW","2012-11-23",54,"Safe"
"1401","NSW","2012-11-24",52,"Safe"
"1402","NSW","2012-11-25",61,"Safe"
"1403","NSW","2012-11-26",59,"Safe"
"1404","NSW","2012-11-27",70,"MinorHazard"
"1405","NSW","2012-11-28",54,"Safe"
"1406","NSW","2012-11-29",50,"Safe"
"1407","NSW","2012-11-30",65,"MinorHazard"
"1408","NSW","2013-01-01",56,"Safe"
"1409","NSW","2013-01-02",61,"Safe"
"1410","NSW","2013-01-03",50,"Safe"
"1411","NSW","2013-01-04",67,"MinorHazard"
"1412","NSW","2013-01-05",81,"MinorHazard"
"1413","NSW","2013-01-06",50,"Safe"
"1414","NSW","2013-01-07",69,"MinorHazard"
"1415","NSW","2013-01-08",78,"MinorHazard"
"1416","NSW","2013-01-09",61,"Safe"
"1417","NSW","2013-01-10",46,"Safe"
"1418","NSW","2013-01-11",67,"MinorHazard"
"1419","NSW","2013-01-12",87,"MinorHazard"
"1420","NSW","2013-01-13",65,"MinorHazard"
"1421","NSW","2013-01-14",65,"MinorHazard"
"1422","NSW","2013-01-15",52,"Safe"
"1423","NSW","2013-01-16",44,"Safe"
"1424","NSW","2013-01-17",56,"Safe"
"1425","NSW","2013-01-18",98,"Damaging"
"1426","NSW","2013-01-19",61,"Safe"
"1427","NSW","2013-01-20",44,"Safe"
"1428","NSW","2013-01-21",56,"Safe"
"1429","NSW","2013-01-22",63,"MinorHazard"
"1430","NSW","2013-01-23",65,"MinorHazard"
"1431","NSW","2013-01-24",54,"Safe"
"1432","NSW","2013-01-25",54,"Safe"
"1433","NSW","2013-01-26",72,"MinorHazard"
"1434","NSW","2013-01-27",67,"MinorHazard"
"1435","NSW","2013-01-28",70,"MinorHazard"
"1436","NSW","2013-01-29",70,"MinorHazard"
"1437","NSW","2013-01-30",56,"Safe"
"1438","NSW","2013-01-31",61,"Safe"
"1439","NSW","2013-03-01",85,"MinorHazard"
"1440","NSW","2013-03-02",74,"MinorHazard"
"1441","NSW","2013-03-03",61,"Safe"
"1442","NSW","2013-03-04",56,"Safe"
"1443","NSW","2013-03-05",56,"Safe"
"1444","NSW","2013-03-06",50,"Safe"
"1445","NSW","2013-03-07",48,"Safe"
"1446","NSW","2013-03-08",41,"Safe"
"1447","NSW","2013-03-09",48,"Safe"
"1448","NSW","2013-03-10",44,"Safe"
"1449","NSW","2013-03-11",48,"Safe"
"1450","NSW","2013-03-12",44,"Safe"
"1451","NSW","2013-03-13",59,"Safe"
"1452","NSW","2013-03-14",57,"Safe"
"1453","NSW","2013-03-15",50,"Safe"
"1454","NSW","2013-03-16",50,"Safe"
"1455","NSW","2013-03-17",76,"MinorHazard"
"1456","NSW","2013-03-18",61,"Safe"
"1457","NSW","2013-03-19",44,"Safe"
"1458","NSW","2013-03-20",46,"Safe"
"1459","NSW","2013-03-21",67,"MinorHazard"
"1460","NSW","2013-03-22",69,"MinorHazard"
"1461","NSW","2013-03-23",56,"Safe"
"1462","NSW","2013-03-24",52,"Safe"
"1463","NSW","2013-03-25",43,"Safe"
"1464","NSW","2013-03-26",50,"Safe"
"1465","NSW","2013-03-27",61,"Safe"
"1466","NSW","2013-03-28",63,"MinorHazard"
"1467","NSW","2013-03-29",56,"Safe"
"1468","NSW","2013-03-30",44,"Safe"
"1469","NSW","2013-03-31",61,"Safe"
"1470","NSW","2013-04-01",48,"Safe"
"1471","NSW","2013-04-02",41,"Safe"
"1472","NSW","2013-04-03",70,"MinorHazard"
"1473","NSW","2013-04-04",48,"Safe"
"1474","NSW","2013-04-05",48,"Safe"
"1475","NSW","2013-04-06",44,"Safe"
"1476","NSW","2013-04-07",44,"Safe"
"1477","NSW","2013-04-08",39,"Safe"
"1478","NSW","2013-04-09",41,"Safe"
"1479","NSW","2013-04-10",39,"Safe"
"1480","NSW","2013-04-11",50,"Safe"
"1481","NSW","2013-04-12",50,"Safe"
"1482","NSW","2013-04-13",78,"MinorHazard"
"1483","NSW","2013-04-14",76,"MinorHazard"
"1484","NSW","2013-04-15",72,"MinorHazard"
"1485","NSW","2013-04-16",56,"Safe"
"1486","NSW","2013-04-17",37,"Safe"
"1487","NSW","2013-04-18",61,"Safe"
"1488","NSW","2013-04-19",76,"MinorHazard"
"1489","NSW","2013-04-20",81,"MinorHazard"
"1490","NSW","2013-04-21",46,"Safe"
"1491","NSW","2013-04-22",41,"Safe"
"1492","NSW","2013-04-23",50,"Safe"
"1493","NSW","2013-04-24",61,"Safe"
"1494","NSW","2013-04-25",43,"Safe"
"1495","NSW","2013-04-26",41,"Safe"
"1496","NSW","2013-04-27",37,"Safe"
"1497","NSW","2013-04-28",57,"Safe"
"1498","NSW","2013-04-29",43,"Safe"
"1499","NSW","2013-04-30",39,"Safe"
"1500","NSW","2013-05-01",52,"Safe"
"1501","NSW","2013-05-02",69,"MinorHazard"
"1502","NSW","2013-05-03",54,"Safe"
"1503","NSW","2013-05-04",94,"Damaging"
"1504","NSW","2013-05-05",59,"Safe"
"1505","NSW","2013-05-06",65,"MinorHazard"
"1506","NSW","2013-05-10",39,"Safe"
"1507","NSW","2013-05-11",50,"Safe"
"1508","NSW","2013-05-12",48,"Safe"
"1509","NSW","2013-05-13",59,"Safe"
"1510","NSW","2013-05-14",50,"Safe"
"1511","NSW","2013-05-15",57,"Safe"
"1512","NSW","2013-05-16",80,"MinorHazard"
"1513","NSW","2013-05-17",72,"MinorHazard"
"1514","NSW","2013-05-18",52,"Safe"
"1515","NSW","2013-05-19",43,"Safe"
"1516","NSW","2013-05-20",57,"Safe"
"1517","NSW","2013-05-21",74,"MinorHazard"
"1518","NSW","2013-05-22",61,"Safe"
"1519","NSW","2013-05-23",72,"MinorHazard"
"1520","NSW","2013-05-24",72,"MinorHazard"
"1521","NSW","2013-05-25",61,"Safe"
"1522","NSW","2013-05-26",41,"Safe"
"1523","NSW","2013-05-27",56,"Safe"
"1524","NSW","2013-05-28",56,"Safe"
"1525","NSW","2013-05-29",52,"Safe"
"1526","NSW","2013-05-30",46,"Safe"
"1527","NSW","2013-05-31",57,"Safe"
"1528","NSW","2013-06-01",59,"Safe"
"1529","NSW","2013-06-02",81,"MinorHazard"
"1530","NSW","2013-06-03",67,"MinorHazard"
"1531","NSW","2013-06-04",78,"MinorHazard"
"1532","NSW","2013-06-05",72,"MinorHazard"
"1533","NSW","2013-06-06",39,"Safe"
"1534","NSW","2013-06-07",52,"Safe"
"1535","NSW","2013-06-08",48,"Safe"
"1536","NSW","2013-06-09",39,"Safe"
"1537","NSW","2013-06-10",33,"Safe"
"1538","NSW","2013-06-11",37,"Safe"
"1539","NSW","2013-06-12",52,"Safe"
"1540","NSW","2013-06-13",48,"Safe"
"1541","NSW","2013-06-14",69,"MinorHazard"
"1542","NSW","2013-06-15",70,"MinorHazard"
"1543","NSW","2013-06-16",61,"Safe"
"1544","NSW","2013-06-17",56,"Safe"
"1545","NSW","2013-06-18",63,"MinorHazard"
"1546","NSW","2013-06-19",69,"MinorHazard"
"1547","NSW","2013-06-20",61,"Safe"
"1548","NSW","2013-06-21",48,"Safe"
"1549","NSW","2013-06-22",52,"Safe"
"1550","NSW","2013-06-23",80,"MinorHazard"
"1551","NSW","2013-06-24",81,"MinorHazard"
"1552","NSW","2013-06-25",76,"MinorHazard"
"1553","NSW","2013-06-26",76,"MinorHazard"
"1554","NSW","2013-06-27",65,"MinorHazard"
"1555","NSW","2013-06-28",41,"Safe"
"1556","NSW","2013-06-29",43,"Safe"
"1557","NSW","2013-06-30",48,"Safe"
"1558","NSW","2013-07-01",65,"MinorHazard"
"1559","NSW","2013-07-02",67,"MinorHazard"
"1560","NSW","2013-07-03",80,"MinorHazard"
"1561","NSW","2013-07-04",57,"Safe"
"1562","NSW","2013-07-05",72,"MinorHazard"
"1563","NSW","2013-07-06",50,"Safe"
"1564","NSW","2013-07-07",44,"Safe"
"1565","NSW","2013-07-08",46,"Safe"
"1566","NSW","2013-07-09",48,"Safe"
"1567","NSW","2013-07-10",48,"Safe"
"1568","NSW","2013-07-11",39,"Safe"
"1569","NSW","2013-07-12",50,"Safe"
"1570","NSW","2013-07-13",44,"Safe"
"1571","NSW","2013-07-14",52,"Safe"
"1572","NSW","2013-07-15",56,"Safe"
"1573","NSW","2013-07-16",41,"Safe"
"1574","NSW","2013-07-17",46,"Safe"
"1575","NSW","2013-07-18",59,"Safe"
"1576","NSW","2013-07-19",57,"Safe"
"1577","NSW","2013-07-20",65,"MinorHazard"
"1578","NSW","2013-07-21",76,"MinorHazard"
"1579","NSW","2013-07-22",61,"Safe"
"1580","NSW","2013-07-23",52,"Safe"
"1581","NSW","2013-07-24",70,"MinorHazard"
"1582","NSW","2013-07-25",39,"Safe"
"1583","NSW","2013-07-26",48,"Safe"
"1584","NSW","2013-07-27",39,"Safe"
"1585","NSW","2013-07-28",46,"Safe"
"1586","NSW","2013-07-29",56,"Safe"
"1587","NSW","2013-07-30",67,"MinorHazard"
"1588","NSW","2013-07-31",70,"MinorHazard"
"1589","NSW","2013-08-01",48,"Safe"
"1590","NSW","2013-08-02",61,"Safe"
"1591","NSW","2013-08-03",61,"Safe"
"1592","NSW","2013-08-04",72,"MinorHazard"
"1593","NSW","2013-08-05",65,"MinorHazard"
"1594","NSW","2013-08-06",70,"MinorHazard"
"1595","NSW","2013-08-07",48,"Safe"
"1596","NSW","2013-08-08",65,"MinorHazard"
"1597","NSW","2013-08-09",48,"Safe"
"1598","NSW","2013-08-10",56,"Safe"
"1599","NSW","2013-08-11",46,"Safe"
"1600","NSW","2013-08-12",102,"Damaging"
"1601","NSW","2013-08-13",69,"MinorHazard"
"1602","NSW","2013-08-14",65,"MinorHazard"
"1603","NSW","2013-08-15",59,"Safe"
"1604","NSW","2013-08-16",65,"MinorHazard"
"1605","NSW","2013-08-17",69,"MinorHazard"
"1606","NSW","2013-08-18",50,"Safe"
"1607","NSW","2013-08-19",78,"MinorHazard"
"1608","NSW","2013-08-20",61,"Safe"
"1609","NSW","2013-08-21",54,"Safe"
"1610","NSW","2013-08-22",59,"Safe"
"1611","NSW","2013-08-23",87,"MinorHazard"
"1612","NSW","2013-08-24",59,"Safe"
"1613","NSW","2013-08-25",57,"Safe"
"1614","NSW","2013-08-26",48,"Safe"
"1615","NSW","2013-08-27",33,"Safe"
"1616","NSW","2013-08-28",41,"Safe"
"1617","NSW","2013-08-29",59,"Safe"
"1618","NSW","2013-08-30",57,"Safe"
"1619","NSW","2013-08-31",46,"Safe"
"1620","NSW","2013-09-01",52,"Safe"
"1621","NSW","2013-09-02",35,"Safe"
"1622","NSW","2013-09-03",67,"MinorHazard"
"1623","NSW","2013-09-04",54,"Safe"
"1624","NSW","2013-09-05",76,"MinorHazard"
"1625","NSW","2013-09-06",63,"MinorHazard"
"1626","NSW","2013-09-07",50,"Safe"
"1627","NSW","2013-09-08",48,"Safe"
"1628","NSW","2013-09-09",54,"Safe"
"1629","NSW","2013-09-10",80,"MinorHazard"
"1630","NSW","2013-09-11",57,"Safe"
"1631","NSW","2013-09-12",80,"MinorHazard"
"1632","NSW","2013-09-13",67,"MinorHazard"
"1633","NSW","2013-09-14",59,"Safe"
"1634","NSW","2013-09-15",52,"Safe"
"1635","NSW","2013-09-16",83,"MinorHazard"
"1636","NSW","2013-09-17",72,"MinorHazard"
"1637","NSW","2013-09-18",72,"MinorHazard"
"1638","NSW","2013-09-19",63,"MinorHazard"
"1639","NSW","2013-09-20",76,"MinorHazard"
"1640","NSW","2013-09-21",50,"Safe"
"1641","NSW","2013-09-22",39,"Safe"
"1642","NSW","2013-09-23",57,"Safe"
"1643","NSW","2013-09-24",57,"Safe"
"1644","NSW","2013-09-25",50,"Safe"
"1645","NSW","2013-09-26",89,"MinorHazard"
"1646","NSW","2013-09-27",56,"Safe"
"1647","NSW","2013-09-28",80,"MinorHazard"
"1648","NSW","2013-09-29",50,"Safe"
"1649","NSW","2013-09-30",63,"MinorHazard"
"1650","NSW","2013-10-01",91,"Damaging"
"1651","NSW","2013-10-02",80,"MinorHazard"
"1652","NSW","2013-10-03",69,"MinorHazard"
"1653","NSW","2013-10-04",52,"Safe"
"1654","NSW","2013-10-05",48,"Safe"
"1655","NSW","2013-10-06",57,"Safe"
"1656","NSW","2013-10-07",69,"MinorHazard"
"1657","NSW","2013-10-08",56,"Safe"
"1658","NSW","2013-10-09",44,"Safe"
"1659","NSW","2013-10-10",85,"MinorHazard"
"1660","NSW","2013-10-11",89,"MinorHazard"
"1661","NSW","2013-10-12",59,"Safe"
"1662","NSW","2013-10-13",83,"MinorHazard"
"1663","NSW","2013-10-14",69,"MinorHazard"
"1664","NSW","2013-10-15",59,"Safe"
"1665","NSW","2013-10-16",63,"MinorHazard"
"1666","NSW","2013-10-17",91,"Damaging"
"1667","NSW","2013-10-18",72,"MinorHazard"
"1668","NSW","2013-10-19",52,"Safe"
"1669","NSW","2013-10-20",52,"Safe"
"1670","NSW","2013-10-21",61,"Safe"
"1671","NSW","2013-10-22",69,"MinorHazard"
"1672","NSW","2013-10-23",83,"MinorHazard"
"1673","NSW","2013-10-24",70,"MinorHazard"
"1674","NSW","2013-10-25",46,"Safe"
"1675","NSW","2013-10-26",54,"Safe"
"1676","NSW","2013-10-27",50,"Safe"
"1677","NSW","2013-10-28",61,"Safe"
"1678","NSW","2013-10-29",94,"Damaging"
"1679","NSW","2013-10-30",56,"Safe"
"1680","NSW","2013-10-31",50,"Safe"
"1681","NSW","2013-11-01",44,"Safe"
"1682","NSW","2013-11-02",57,"Safe"
"1683","NSW","2013-11-03",83,"MinorHazard"
"1684","NSW","2013-11-04",69,"MinorHazard"
"1685","NSW","2013-11-05",59,"Safe"
"1686","NSW","2013-11-06",52,"Safe"
"1687","NSW","2013-11-07",50,"Safe"
"1688","NSW","2013-11-08",81,"MinorHazard"
"1689","NSW","2013-11-09",65,"MinorHazard"
"1690","NSW","2013-11-10",63,"MinorHazard"
"1691","NSW","2013-11-11",83,"MinorHazard"
"1692","NSW","2013-11-12",57,"Safe"
"1693","NSW","2013-11-13",59,"Safe"
"1694","NSW","2013-11-14",50,"Safe"
"1695","NSW","2013-11-15",69,"MinorHazard"
"1696","NSW","2013-11-16",65,"MinorHazard"
"1697","NSW","2013-11-17",80,"MinorHazard"
"1698","NSW","2013-11-18",80,"MinorHazard"
"1699","NSW","2013-11-19",52,"Safe"
"1700","NSW","2013-11-20",59,"Safe"
"1701","NSW","2013-11-21",56,"Safe"
"1702","NSW","2013-11-22",78,"MinorHazard"
"1703","NSW","2013-11-23",48,"Safe"
"1704","NSW","2013-11-24",54,"Safe"
"1705","NSW","2013-11-25",78,"MinorHazard"
"1706","NSW","2013-11-26",57,"Safe"
"1707","NSW","2013-11-27",43,"Safe"
"1708","NSW","2013-11-28",76,"MinorHazard"
"1709","NSW","2013-11-29",69,"MinorHazard"
"1710","NSW","2013-11-30",56,"Safe"
"1711","NSW","2013-12-01",48,"Safe"
"1712","NSW","2013-12-02",46,"Safe"
"1713","NSW","2013-12-03",59,"Safe"
"1714","NSW","2013-12-04",67,"MinorHazard"
"1715","NSW","2013-12-05",106,"Damaging"
"1716","NSW","2013-12-06",61,"Safe"
"1717","NSW","2013-12-07",44,"Safe"
"1718","NSW","2013-12-08",54,"Safe"
"1719","NSW","2013-12-09",63,"MinorHazard"
"1720","NSW","2013-12-10",67,"MinorHazard"
"1721","NSW","2013-12-11",54,"Safe"
"1722","NSW","2013-12-12",56,"Safe"
"1723","NSW","2013-12-13",56,"Safe"
"1724","NSW","2013-12-14",59,"Safe"
"1725","NSW","2013-12-15",50,"Safe"
"1726","NSW","2013-12-16",85,"MinorHazard"
"1727","NSW","2013-12-17",52,"Safe"
"1728","NSW","2013-12-18",48,"Safe"
"1729","NSW","2013-12-19",65,"MinorHazard"
"1730","NSW","2013-12-20",57,"Safe"
"1731","NSW","2013-12-21",61,"Safe"
"1732","NSW","2013-12-22",70,"MinorHazard"
"1733","NSW","2013-12-23",72,"MinorHazard"
"1734","NSW","2013-12-24",52,"Safe"
"1735","NSW","2013-12-25",52,"Safe"
"1736","NSW","2013-12-26",61,"Safe"
"1737","NSW","2013-12-27",57,"Safe"
"1738","NSW","2013-12-28",57,"Safe"
"1739","NSW","2013-12-29",89,"MinorHazard"
"1740","NSW","2013-12-30",48,"Safe"
"1741","NSW","2013-12-31",52,"Safe"
"1742","NSW","2014-01-01",61,"Safe"
"1743","NSW","2014-01-02",63,"MinorHazard"
"1744","NSW","2014-01-03",63,"MinorHazard"
"1745","NSW","2014-01-04",65,"MinorHazard"
"1746","NSW","2014-01-05",72,"MinorHazard"
"1747","NSW","2014-01-06",57,"Safe"
"1748","NSW","2014-01-07",57,"Safe"
"1749","NSW","2014-01-08",63,"MinorHazard"
"1750","NSW","2014-01-09",63,"MinorHazard"
"1751","NSW","2014-01-10",50,"Safe"
"1752","NSW","2014-01-11",46,"Safe"
"1753","NSW","2014-01-12",46,"Safe"
"1754","NSW","2014-01-13",46,"Safe"
"1755","NSW","2014-01-14",52,"Safe"
"1756","NSW","2014-01-15",65,"MinorHazard"
"1757","NSW","2014-01-16",48,"Safe"
"1758","NSW","2014-01-17",63,"MinorHazard"
"1759","NSW","2014-01-18",70,"MinorHazard"
"1760","NSW","2014-01-19",98,"Damaging"
"1761","NSW","2014-01-20",81,"MinorHazard"
"1762","NSW","2014-01-21",54,"Safe"
"1763","NSW","2014-01-22",57,"Safe"
"1764","NSW","2014-01-23",50,"Safe"
"1765","NSW","2014-01-24",63,"MinorHazard"
"1766","NSW","2014-01-25",65,"MinorHazard"
"1767","NSW","2014-01-26",56,"Safe"
"1768","NSW","2014-01-27",54,"Safe"
"1769","NSW","2014-01-28",65,"MinorHazard"
"1770","NSW","2014-01-29",57,"Safe"
"1771","NSW","2014-01-30",63,"MinorHazard"
"1772","NSW","2014-01-31",52,"Safe"
"1773","NSW","2014-02-01",46,"Safe"
"1774","NSW","2014-02-02",54,"Safe"
"1775","NSW","2014-02-03",65,"MinorHazard"
"1776","NSW","2014-02-04",80,"MinorHazard"
"1777","NSW","2014-02-05",57,"Safe"
"1778","NSW","2014-02-06",56,"Safe"
"1779","NSW","2014-02-07",50,"Safe"
"1780","NSW","2014-02-08",65,"MinorHazard"
"1781","NSW","2014-02-09",63,"MinorHazard"
"1782","NSW","2014-02-10",83,"MinorHazard"
"1783","NSW","2014-02-11",46,"Safe"
"1784","NSW","2014-02-12",52,"Safe"
"1785","NSW","2014-02-13",50,"Safe"
"1786","NSW","2014-02-14",44,"Safe"
"1787","NSW","2014-02-15",69,"MinorHazard"
"1788","NSW","2014-02-16",83,"MinorHazard"
"1789","NSW","2014-02-17",59,"Safe"
"1790","NSW","2014-02-18",61,"Safe"
"1791","NSW","2014-02-19",83,"MinorHazard"
"1792","NSW","2014-02-20",54,"Safe"
"1793","NSW","2014-02-21",48,"Safe"
"1794","NSW","2014-02-22",41,"Safe"
"1795","NSW","2014-02-23",56,"Safe"
"1796","NSW","2014-02-24",48,"Safe"
"1797","NSW","2014-02-25",57,"Safe"
"1798","NSW","2014-02-26",70,"MinorHazard"
"1799","NSW","2014-02-27",54,"Safe"
"1800","NSW","2014-02-28",52,"Safe"
"1801","NSW","2014-03-01",50,"Safe"
"1802","NSW","2014-03-02",43,"Safe"
"1803","NSW","2014-03-03",44,"Safe"
"1804","NSW","2014-03-04",48,"Safe"
"1805","NSW","2014-03-05",59,"Safe"
"1806","NSW","2014-03-06",59,"Safe"
"1807","NSW","2014-03-07",46,"Safe"
"1808","NSW","2014-03-08",61,"Safe"
"1809","NSW","2014-03-09",46,"Safe"
"1810","NSW","2014-03-10",50,"Safe"
"1811","NSW","2014-03-11",54,"Safe"
"1812","NSW","2014-03-12",52,"Safe"
"1813","NSW","2014-03-13",57,"Safe"
"1814","NSW","2014-03-14",57,"Safe"
"1815","NSW","2014-03-15",91,"Damaging"
"1816","NSW","2014-03-16",93,"Damaging"
"1817","NSW","2014-03-17",52,"Safe"
"1818","NSW","2014-03-18",43,"Safe"
"1819","NSW","2014-03-19",67,"MinorHazard"
"1820","NSW","2014-03-20",52,"Safe"
"1821","NSW","2014-03-21",72,"MinorHazard"
"1822","NSW","2014-03-22",46,"Safe"
"1823","NSW","2014-03-23",50,"Safe"
"1824","NSW","2014-03-24",72,"MinorHazard"
"1825","NSW","2014-03-25",46,"Safe"
"1826","NSW","2014-03-26",56,"Safe"
"1827","NSW","2014-03-27",67,"MinorHazard"
"1828","NSW","2014-03-28",48,"Safe"
"1829","NSW","2014-03-29",50,"Safe"
"1830","NSW","2014-03-30",50,"Safe"
"1831","NSW","2014-03-31",44,"Safe"
"1832","NSW","2014-04-01",43,"Safe"
"1833","NSW","2014-04-02",39,"Safe"
"1834","NSW","2014-04-03",43,"Safe"
"1835","NSW","2014-04-04",52,"Safe"
"1836","NSW","2014-04-05",70,"MinorHazard"
"1837","NSW","2014-04-06",63,"MinorHazard"
"1838","NSW","2014-04-07",52,"Safe"
"1839","NSW","2014-04-08",37,"Safe"
"1840","NSW","2014-04-09",37,"Safe"
"1841","NSW","2014-04-10",46,"Safe"
"1842","NSW","2014-04-11",57,"Safe"
"1843","NSW","2014-04-12",72,"MinorHazard"
"1844","NSW","2014-04-13",57,"Safe"
"1845","NSW","2014-04-14",61,"Safe"
"1846","NSW","2014-04-15",61,"Safe"
"1847","NSW","2014-04-16",72,"MinorHazard"
"1848","NSW","2014-04-17",63,"MinorHazard"
"1849","NSW","2014-04-18",50,"Safe"
"1850","NSW","2014-04-19",54,"Safe"
"1851","NSW","2014-04-20",37,"Safe"
"1852","NSW","2014-04-21",35,"Safe"
"1853","NSW","2014-04-22",48,"Safe"
"1854","NSW","2014-04-23",44,"Safe"
"1855","NSW","2014-04-24",59,"Safe"
"1856","NSW","2014-04-25",59,"Safe"
"1857","NSW","2014-04-26",43,"Safe"
"1858","NSW","2014-04-27",52,"Safe"
"1859","NSW","2014-04-28",44,"Safe"
"1860","NSW","2014-04-29",54,"Safe"
"1861","NSW","2014-04-30",50,"Safe"
"1862","NSW","2014-05-01",35,"Safe"
"1863","NSW","2014-05-02",65,"MinorHazard"
"1864","NSW","2014-05-03",83,"MinorHazard"
"1865","NSW","2014-05-04",80,"MinorHazard"
"1866","NSW","2014-05-05",46,"Safe"
"1867","NSW","2014-05-06",39,"Safe"
"1868","NSW","2014-05-07",50,"Safe"
"1869","NSW","2014-05-08",54,"Safe"
"1870","NSW","2014-05-09",39,"Safe"
"1871","NSW","2014-05-10",43,"Safe"
"1872","NSW","2014-05-11",50,"Safe"
"1873","NSW","2014-05-12",50,"Safe"
"1874","NSW","2014-05-13",39,"Safe"
"1875","NSW","2014-05-14",37,"Safe"
"1876","NSW","2014-05-15",43,"Safe"
"1877","NSW","2014-05-16",48,"Safe"
"1878","NSW","2014-05-17",59,"Safe"
"1879","NSW","2014-05-18",50,"Safe"
"1880","NSW","2014-05-19",43,"Safe"
"1881","NSW","2014-05-20",48,"Safe"
"1882","NSW","2014-05-21",37,"Safe"
"1883","NSW","2014-05-22",35,"Safe"
"1884","NSW","2014-05-23",50,"Safe"
"1885","NSW","2014-05-24",44,"Safe"
"1886","NSW","2014-05-25",39,"Safe"
"1887","NSW","2014-05-26",43,"Safe"
"1888","NSW","2014-05-27",91,"Damaging"
"1889","NSW","2014-05-28",57,"Safe"
"1890","NSW","2014-05-29",48,"Safe"
"1891","NSW","2014-05-30",44,"Safe"
"1892","NSW","2014-05-31",54,"Safe"
"1893","NSW","2014-06-01",54,"Safe"
"1894","NSW","2014-06-02",54,"Safe"
"1895","NSW","2014-06-03",54,"Safe"
"1896","NSW","2014-06-05",43,"Safe"
"1897","NSW","2014-06-06",74,"MinorHazard"
"1898","NSW","2014-06-07",56,"Safe"
"1899","NSW","2014-06-08",54,"Safe"
"1900","NSW","2014-06-09",63,"MinorHazard"
"1901","NSW","2014-06-10",56,"Safe"
"1902","NSW","2014-06-11",35,"Safe"
"1903","NSW","2014-06-12",43,"Safe"
"1904","NSW","2014-06-13",39,"Safe"
"1905","NSW","2014-06-14",41,"Safe"
"1906","NSW","2014-06-15",67,"MinorHazard"
"1907","NSW","2014-06-16",50,"Safe"
"1908","NSW","2014-06-17",54,"Safe"
"1909","NSW","2014-06-18",48,"Safe"
"1910","NSW","2014-06-19",52,"Safe"
"1911","NSW","2014-06-20",39,"Safe"
"1912","NSW","2014-06-21",37,"Safe"
"1913","NSW","2014-06-22",35,"Safe"
"1914","NSW","2014-06-23",76,"MinorHazard"
"1915","NSW","2014-06-24",113,"Damaging"
"1916","NSW","2014-06-25",85,"MinorHazard"
"1917","NSW","2014-06-26",76,"MinorHazard"
"1918","NSW","2014-06-27",44,"Safe"
"1919","NSW","2014-06-28",96,"Damaging"
"1920","NSW","2014-06-29",98,"Damaging"
"1921","NSW","2014-06-30",61,"Safe"
"1922","NSW","2014-07-01",61,"Safe"
"1923","NSW","2014-07-02",54,"Safe"
"1924","NSW","2014-07-03",81,"MinorHazard"
"1925","NSW","2014-07-04",72,"MinorHazard"
"1926","NSW","2014-07-05",63,"MinorHazard"
"1927","NSW","2014-07-06",57,"Safe"
"1928","NSW","2014-07-07",52,"Safe"
"1929","NSW","2014-07-08",76,"MinorHazard"
"1930","NSW","2014-07-09",81,"MinorHazard"
"1931","NSW","2014-07-10",78,"MinorHazard"
"1932","NSW","2014-07-11",67,"MinorHazard"
"1933","NSW","2014-07-12",61,"Safe"
"1934","NSW","2014-07-13",59,"Safe"
"1935","NSW","2014-07-14",80,"MinorHazard"
"1936","NSW","2014-07-15",61,"Safe"
"1937","NSW","2014-07-16",56,"Safe"
"1938","NSW","2014-07-17",74,"MinorHazard"
"1939","NSW","2014-07-18",67,"MinorHazard"
"1940","NSW","2014-07-19",76,"MinorHazard"
"1941","NSW","2014-07-20",72,"MinorHazard"
"1942","NSW","2014-07-21",50,"Safe"
"1943","NSW","2014-07-22",41,"Safe"
"1944","NSW","2014-07-23",37,"Safe"
"1945","NSW","2014-07-24",46,"Safe"
"1946","NSW","2014-07-25",57,"Safe"
"1947","NSW","2014-07-26",59,"Safe"
"1948","NSW","2014-07-27",48,"Safe"
"1949","NSW","2014-07-28",46,"Safe"
"1950","NSW","2014-07-29",54,"Safe"
"1951","NSW","2014-07-30",96,"Damaging"
"1952","NSW","2014-07-31",65,"MinorHazard"
"1953","NSW","2014-08-01",87,"MinorHazard"
"1954","NSW","2014-08-02",57,"Safe"
"1955","NSW","2014-08-03",54,"Safe"
"1956","NSW","2014-08-04",48,"Safe"
"1957","NSW","2014-08-05",39,"Safe"
"1958","NSW","2014-08-06",43,"Safe"
"1959","NSW","2014-08-07",44,"Safe"
"1960","NSW","2014-08-08",39,"Safe"
"1961","NSW","2014-08-09",41,"Safe"
"1962","NSW","2014-08-10",52,"Safe"
"1963","NSW","2014-08-11",56,"Safe"
"1964","NSW","2014-08-12",52,"Safe"
"1965","NSW","2014-08-13",48,"Safe"
"1966","NSW","2014-08-14",48,"Safe"
"1967","NSW","2014-08-15",44,"Safe"
"1968","NSW","2014-08-16",46,"Safe"
"1969","NSW","2014-08-17",57,"Safe"
"1970","NSW","2014-08-18",89,"MinorHazard"
"1971","NSW","2014-08-19",81,"MinorHazard"
"1972","NSW","2014-08-20",59,"Safe"
"1973","NSW","2014-08-21",52,"Safe"
"1974","NSW","2014-08-22",46,"Safe"
"1975","NSW","2014-08-23",56,"Safe"
"1976","NSW","2014-08-24",50,"Safe"
"1977","NSW","2014-08-25",59,"Safe"
"1978","NSW","2014-08-26",81,"MinorHazard"
"1979","NSW","2014-08-27",72,"MinorHazard"
"1980","NSW","2014-08-28",69,"MinorHazard"
"1981","NSW","2014-08-29",72,"MinorHazard"
"1982","NSW","2014-08-30",61,"Safe"
"1983","NSW","2014-08-31",39,"Safe"
"1984","NSW","2014-09-01",50,"Safe"
"1985","NSW","2014-09-02",70,"MinorHazard"
"1986","NSW","2014-09-03",83,"MinorHazard"
"1987","NSW","2014-09-04",70,"MinorHazard"
"1988","NSW","2014-09-05",61,"Safe"
"1989","NSW","2014-09-06",48,"Safe"
"1990","NSW","2014-09-07",50,"Safe"
"1991","NSW","2014-09-08",44,"Safe"
"1992","NSW","2014-09-09",78,"MinorHazard"
"1993","NSW","2014-09-10",63,"MinorHazard"
"1994","NSW","2014-09-11",59,"Safe"
"1995","NSW","2014-09-12",52,"Safe"
"1996","NSW","2014-09-13",46,"Safe"
"1997","NSW","2014-09-14",37,"Safe"
"1998","NSW","2014-09-15",72,"MinorHazard"
"1999","NSW","2014-09-16",69,"MinorHazard"
"2000","NSW","2014-09-17",61,"Safe"
"2001","NSW","2014-09-18",48,"Safe"
"2002","NSW","2014-09-19",43,"Safe"
"2003","NSW","2014-09-20",54,"Safe"
"2004","NSW","2014-09-24",48,"Safe"
"2005","NSW","2014-09-25",65,"MinorHazard"
"2006","NSW","2014-09-26",52,"Safe"
"2007","NSW","2014-09-27",46,"Safe"
"2008","NSW","2014-09-28",59,"Safe"
"2009","NSW","2014-09-29",50,"Safe"
"2010","NSW","2014-09-30",74,"MinorHazard"
"2011","NSW","2014-10-01",67,"MinorHazard"
"2012","NSW","2014-10-02",54,"Safe"
"2013","NSW","2014-10-04",89,"MinorHazard"
"2014","NSW","2014-10-05",72,"MinorHazard"
"2015","NSW","2014-10-06",72,"MinorHazard"
"2016","NSW","2014-10-07",65,"MinorHazard"
"2017","NSW","2014-10-08",46,"Safe"
"2018","NSW","2014-10-09",43,"Safe"
"2019","NSW","2014-10-10",50,"Safe"
"2020","NSW","2014-10-11",50,"Safe"
"2021","NSW","2014-10-12",76,"MinorHazard"
"2022","NSW","2014-10-13",83,"MinorHazard"
"2023","NSW","2014-10-14",107,"Damaging"
"2024","NSW","2014-10-15",102,"Damaging"
"2025","NSW","2014-10-16",46,"Safe"
"2026","NSW","2014-10-17",56,"Safe"
"2027","NSW","2014-10-18",39,"Safe"
"2028","NSW","2014-10-19",46,"Safe"
"2029","NSW","2014-10-20",80,"MinorHazard"
"2030","NSW","2014-10-21",59,"Safe"
"2031","NSW","2014-10-22",54,"Safe"
"2032","NSW","2014-10-23",69,"MinorHazard"
"2033","NSW","2014-10-24",57,"Safe"
"2034","NSW","2014-10-25",56,"Safe"
"2035","NSW","2014-10-26",57,"Safe"
"2036","NSW","2014-10-27",85,"MinorHazard"
"2037","NSW","2014-10-28",57,"Safe"
"2038","NSW","2014-10-29",50,"Safe"
"2039","NSW","2014-10-30",50,"Safe"
"2040","NSW","2014-10-31",57,"Safe"
"2041","NSW","2014-11-01",93,"Damaging"
"2042","NSW","2014-11-02",65,"MinorHazard"
"2043","NSW","2014-11-03",48,"Safe"
"2044","NSW","2014-11-04",54,"Safe"
"2045","NSW","2014-11-05",96,"Damaging"
"2046","NSW","2014-11-06",54,"Safe"
"2047","NSW","2014-11-07",50,"Safe"
"2048","NSW","2014-11-08",52,"Safe"
"2049","NSW","2014-11-09",57,"Safe"
"2050","NSW","2014-11-10",63,"MinorHazard"
"2051","NSW","2014-11-11",50,"Safe"
"2052","NSW","2014-11-12",43,"Safe"
"2053","NSW","2014-11-13",56,"Safe"
"2054","NSW","2014-11-14",83,"MinorHazard"
"2055","NSW","2014-11-15",54,"Safe"
"2056","NSW","2014-11-16",87,"MinorHazard"
"2057","NSW","2014-11-17",52,"Safe"
"2058","NSW","2014-11-18",52,"Safe"
"2059","NSW","2014-11-19",46,"Safe"
"2060","NSW","2014-11-20",56,"Safe"
"2061","NSW","2014-11-21",70,"MinorHazard"
"2062","NSW","2014-11-22",50,"Safe"
"2063","NSW","2014-11-23",74,"MinorHazard"
"2064","NSW","2014-11-24",98,"Damaging"
"2065","NSW","2014-11-25",57,"Safe"
"2066","NSW","2014-11-26",50,"Safe"
"2067","NSW","2014-11-27",59,"Safe"
"2068","NSW","2014-11-28",67,"MinorHazard"
"2069","NSW","2014-11-29",52,"Safe"
"2070","NSW","2014-11-30",70,"MinorHazard"
"2071","NSW","2014-12-01",61,"Safe"
"2072","NSW","2014-12-02",74,"MinorHazard"
"2073","NSW","2014-12-03",80,"MinorHazard"
"2074","NSW","2014-12-04",80,"MinorHazard"
"2075","NSW","2014-12-05",63,"MinorHazard"
"2076","NSW","2014-12-06",78,"MinorHazard"
"2077","NSW","2014-12-07",69,"MinorHazard"
"2078","NSW","2014-12-08",76,"MinorHazard"
"2079","NSW","2014-12-09",63,"MinorHazard"
"2080","NSW","2014-12-10",54,"Safe"
"2081","NSW","2014-12-11",81,"MinorHazard"
"2082","NSW","2014-12-12",78,"MinorHazard"
"2083","NSW","2014-12-13",56,"Safe"
"2084","NSW","2014-12-14",59,"Safe"
"2085","NSW","2014-12-15",63,"MinorHazard"
"2086","NSW","2014-12-16",78,"MinorHazard"
"2087","NSW","2014-12-17",80,"MinorHazard"
"2088","NSW","2014-12-18",74,"MinorHazard"
"2089","NSW","2014-12-19",70,"MinorHazard"
"2090","NSW","2014-12-20",46,"Safe"
"2091","NSW","2014-12-21",59,"Safe"
"2092","NSW","2014-12-22",89,"MinorHazard"
"2093","NSW","2014-12-23",59,"Safe"
"2094","NSW","2014-12-24",57,"Safe"
"2095","NSW","2014-12-25",74,"MinorHazard"
"2096","NSW","2014-12-26",59,"Safe"
"2097","NSW","2014-12-27",44,"Safe"
"2098","NSW","2014-12-28",48,"Safe"
"2099","NSW","2014-12-29",85,"MinorHazard"
"2100","NSW","2014-12-30",59,"Safe"
"2101","NSW","2014-12-31",54,"Safe"
"2102","NSW","2015-01-01",52,"Safe"
"2103","NSW","2015-01-02",61,"Safe"
"2104","NSW","2015-01-03",65,"MinorHazard"
"2105","NSW","2015-01-04",72,"MinorHazard"
"2106","NSW","2015-01-05",57,"Safe"
"2107","NSW","2015-01-06",54,"Safe"
"2108","NSW","2015-01-07",52,"Safe"
"2109","NSW","2015-01-08",69,"MinorHazard"
"2110","NSW","2015-01-09",74,"MinorHazard"
"2111","NSW","2015-01-10",69,"MinorHazard"
"2112","NSW","2015-01-11",50,"Safe"
"2113","NSW","2015-01-12",61,"Safe"
"2114","NSW","2015-01-13",59,"Safe"
"2115","NSW","2015-01-14",67,"MinorHazard"
"2116","NSW","2015-01-15",57,"Safe"
"2117","NSW","2015-01-16",48,"Safe"
"2118","NSW","2015-01-17",50,"Safe"
"2119","NSW","2015-01-18",50,"Safe"
"2120","NSW","2015-01-19",54,"Safe"
"2121","NSW","2015-01-20",72,"MinorHazard"
"2122","NSW","2015-01-21",78,"MinorHazard"
"2123","NSW","2015-01-22",67,"MinorHazard"
"2124","NSW","2015-01-23",63,"MinorHazard"
"2125","NSW","2015-01-24",63,"MinorHazard"
"2126","NSW","2015-01-25",69,"MinorHazard"
"2127","NSW","2015-01-26",56,"Safe"
"2128","NSW","2015-01-27",98,"Damaging"
"2129","NSW","2015-01-28",59,"Safe"
"2130","NSW","2015-01-29",65,"MinorHazard"
"2131","NSW","2015-01-30",48,"Safe"
"2132","NSW","2015-01-31",44,"Safe"
"2133","NSW","2015-02-01",48,"Safe"
"2134","NSW","2015-02-02",69,"MinorHazard"
"2135","NSW","2015-02-03",59,"Safe"
"2136","NSW","2015-02-04",56,"Safe"
"2137","NSW","2015-02-05",54,"Safe"
"2138","NSW","2015-02-06",48,"Safe"
"2139","NSW","2015-02-07",43,"Safe"
"2140","NSW","2015-02-08",44,"Safe"
"2141","NSW","2015-02-09",61,"Safe"
"2142","NSW","2015-02-10",63,"MinorHazard"
"2143","NSW","2015-02-11",81,"MinorHazard"
"2144","NSW","2015-02-12",61,"Safe"
"2145","NSW","2015-02-13",54,"Safe"
"2146","NSW","2015-02-14",57,"Safe"
"2147","NSW","2015-02-15",74,"MinorHazard"
"2148","NSW","2015-02-16",65,"MinorHazard"
"2149","NSW","2015-02-17",65,"MinorHazard"
"2150","NSW","2015-02-18",61,"Safe"
"2151","NSW","2015-02-19",67,"MinorHazard"
"2152","NSW","2015-02-20",57,"Safe"
"2153","NSW","2015-02-21",54,"Safe"
"2154","NSW","2015-02-22",46,"Safe"
"2155","NSW","2015-02-23",70,"MinorHazard"
"2156","NSW","2015-02-24",63,"MinorHazard"
"2157","NSW","2015-02-25",61,"Safe"
"2158","NSW","2015-02-26",72,"MinorHazard"
"2159","NSW","2015-02-27",39,"Safe"
"2160","NSW","2015-02-28",52,"Safe"
"2161","NSW","2015-03-01",96,"Damaging"
"2162","NSW","2015-03-02",65,"MinorHazard"
"2163","NSW","2015-03-03",43,"Safe"
"2164","NSW","2015-03-04",54,"Safe"
"2165","NSW","2015-03-05",70,"MinorHazard"
"2166","NSW","2015-03-06",54,"Safe"
"2167","NSW","2015-03-07",48,"Safe"
"2168","NSW","2015-03-08",63,"MinorHazard"
"2169","NSW","2015-03-09",43,"Safe"
"2170","NSW","2015-03-10",61,"Safe"
"2171","NSW","2015-03-11",81,"MinorHazard"
"2172","NSW","2015-03-12",52,"Safe"
"2173","NSW","2015-03-13",81,"MinorHazard"
"2174","NSW","2015-03-14",56,"Safe"
"2175","NSW","2015-03-15",74,"MinorHazard"
"2176","NSW","2015-03-16",56,"Safe"
"2177","NSW","2015-03-17",61,"Safe"
"2178","NSW","2015-03-18",59,"Safe"
"2179","NSW","2015-03-19",48,"Safe"
"2180","NSW","2015-03-20",72,"MinorHazard"
"2181","NSW","2015-03-21",94,"Damaging"
"2182","NSW","2015-03-22",50,"Safe"
"2183","NSW","2015-03-23",50,"Safe"
"2184","NSW","2015-03-24",56,"Safe"
"2185","NSW","2015-03-25",54,"Safe"
"2186","NSW","2015-03-26",48,"Safe"
"2187","NSW","2015-03-27",63,"MinorHazard"
"2188","NSW","2015-03-28",37,"Safe"
"2189","NSW","2015-03-29",39,"Safe"
"2190","NSW","2015-03-30",56,"Safe"
"2191","NSW","2015-03-31",46,"Safe"
"2192","NSW","2015-04-01",46,"Safe"
"2193","NSW","2015-04-02",57,"Safe"
"2194","NSW","2015-04-03",61,"Safe"
"2195","NSW","2015-04-04",78,"MinorHazard"
"2196","NSW","2015-04-05",46,"Safe"
"2197","NSW","2015-04-06",74,"MinorHazard"
"2198","NSW","2015-04-07",80,"MinorHazard"
"2199","NSW","2015-04-08",74,"MinorHazard"
"2200","NSW","2015-04-09",72,"MinorHazard"
"2201","NSW","2015-04-10",52,"Safe"
"2202","NSW","2015-04-11",41,"Safe"
"2203","NSW","2015-04-12",57,"Safe"
"2204","NSW","2015-04-13",52,"Safe"
"2205","NSW","2015-04-14",50,"Safe"
"2206","NSW","2015-04-15",63,"MinorHazard"
"2207","NSW","2015-04-16",63,"MinorHazard"
"2208","NSW","2015-04-17",43,"Safe"
"2209","NSW","2015-04-18",57,"Safe"
"2210","NSW","2015-04-19",70,"MinorHazard"
"2211","NSW","2015-04-20",117,"Damaging"
"2212","NSW","2015-04-21",135,"Destructive"
"2213","NSW","2015-04-22",89,"MinorHazard"
"2214","NSW","2015-04-23",54,"Safe"
"2215","NSW","2015-04-24",50,"Safe"
"2216","NSW","2015-04-25",70,"MinorHazard"
"2217","NSW","2015-04-26",70,"MinorHazard"
"2218","NSW","2015-04-27",65,"MinorHazard"
"2219","NSW","2015-04-28",48,"Safe"
"2220","NSW","2015-04-29",48,"Safe"
"2221","NSW","2015-04-30",59,"Safe"
"2222","NSW","2015-05-01",67,"MinorHazard"
"2223","NSW","2015-05-02",57,"Safe"
"2224","NSW","2015-05-03",59,"Safe"
"2225","NSW","2015-05-04",57,"Safe"
"2226","NSW","2015-05-05",70,"MinorHazard"
"2227","NSW","2015-05-06",65,"MinorHazard"
"2228","NSW","2015-05-07",67,"MinorHazard"
"2229","NSW","2015-05-08",50,"Safe"
"2230","NSW","2015-05-09",48,"Safe"
"2231","NSW","2015-05-10",80,"MinorHazard"
"2232","NSW","2015-05-11",96,"Damaging"
"2233","NSW","2015-05-12",81,"MinorHazard"
"2234","NSW","2015-05-13",69,"MinorHazard"
"2235","NSW","2015-05-14",87,"MinorHazard"
"2236","NSW","2015-05-15",72,"MinorHazard"
"2237","NSW","2015-05-16",65,"MinorHazard"
"2238","NSW","2015-05-17",44,"Safe"
"2239","NSW","2015-05-18",44,"Safe"
"2240","NSW","2015-05-19",57,"Safe"
"2241","NSW","2015-05-20",57,"Safe"
"2242","NSW","2015-05-21",57,"Safe"
"2243","NSW","2015-05-22",96,"Damaging"
"2244","NSW","2015-05-23",72,"MinorHazard"
"2245","NSW","2015-05-24",54,"Safe"
"2246","NSW","2015-05-25",46,"Safe"
"2247","NSW","2015-05-26",35,"Safe"
"2248","NSW","2015-05-27",35,"Safe"
"2249","NSW","2015-05-28",33,"Safe"
"2250","NSW","2015-05-29",37,"Safe"
"2251","NSW","2015-05-30",43,"Safe"
"2252","NSW","2015-05-31",46,"Safe"
"2253","NSW","2015-06-01",87,"MinorHazard"
"2254","NSW","2015-06-02",67,"MinorHazard"
"2255","NSW","2015-06-03",67,"MinorHazard"
"2256","NSW","2015-06-04",54,"Safe"
"2257","NSW","2015-06-05",57,"Safe"
"2258","NSW","2015-06-06",48,"Safe"
"2259","NSW","2015-06-07",50,"Safe"
"2260","NSW","2015-06-08",100,"Damaging"
"2261","NSW","2015-06-09",63,"MinorHazard"
"2262","NSW","2015-06-10",50,"Safe"
"2263","NSW","2015-06-11",46,"Safe"
"2264","NSW","2015-06-12",41,"Safe"
"2265","NSW","2015-06-13",37,"Safe"
"2266","NSW","2015-06-14",33,"Safe"
"2267","NSW","2015-06-15",54,"Safe"
"2268","NSW","2015-06-16",48,"Safe"
"2269","NSW","2015-06-17",52,"Safe"
"2270","NSW","2015-06-18",52,"Safe"
"2271","NSW","2015-06-19",63,"MinorHazard"
"2272","NSW","2015-06-20",70,"MinorHazard"
"2273","NSW","2015-06-21",48,"Safe"
"2274","NSW","2015-06-22",46,"Safe"
"2275","NSW","2015-06-23",50,"Safe"
"2276","NSW","2015-06-24",52,"Safe"
"2277","NSW","2015-06-25",54,"Safe"
"2278","NSW","2015-06-26",54,"Safe"
"2279","NSW","2015-06-27",35,"Safe"
"2280","NSW","2015-06-28",35,"Safe"
"2281","NSW","2015-06-29",33,"Safe"
"2282","NSW","2015-06-30",33,"Safe"
"2283","NSW","2015-07-01",46,"Safe"
"2284","NSW","2015-07-02",69,"MinorHazard"
"2285","NSW","2015-07-03",54,"Safe"
"2286","NSW","2015-07-04",72,"MinorHazard"
"2287","NSW","2015-07-05",48,"Safe"
"2288","NSW","2015-07-06",57,"Safe"
"2289","NSW","2015-07-07",57,"Safe"
"2290","NSW","2015-07-08",63,"MinorHazard"
"2291","NSW","2015-07-09",54,"Safe"
"2292","NSW","2015-07-10",50,"Safe"
"2293","NSW","2015-07-11",70,"MinorHazard"
"2294","NSW","2015-07-12",80,"MinorHazard"
"2295","NSW","2015-07-13",76,"MinorHazard"
"2296","NSW","2015-07-14",74,"MinorHazard"
"2297","NSW","2015-07-15",63,"MinorHazard"
"2298","NSW","2015-07-16",50,"Safe"
"2299","NSW","2015-07-17",70,"MinorHazard"
"2300","NSW","2015-07-18",65,"MinorHazard"
"2301","NSW","2015-07-19",63,"MinorHazard"
"2302","NSW","2015-07-20",39,"Safe"
"2303","NSW","2015-07-21",52,"Safe"
"2304","NSW","2015-07-22",48,"Safe"
"2305","NSW","2015-07-23",41,"Safe"
"2306","NSW","2015-07-24",41,"Safe"
"2307","NSW","2015-07-25",52,"Safe"
"2308","NSW","2015-07-26",76,"MinorHazard"
"2309","NSW","2015-07-27",74,"MinorHazard"
"2310","NSW","2015-07-28",50,"Safe"
"2311","NSW","2015-07-29",50,"Safe"
"2312","NSW","2015-07-30",39,"Safe"
"2313","NSW","2015-07-31",57,"Safe"
"2314","NSW","2015-08-01",67,"MinorHazard"
"2315","NSW","2015-08-02",83,"MinorHazard"
"2316","NSW","2015-08-03",63,"MinorHazard"
"2317","NSW","2015-08-04",50,"Safe"
"2318","NSW","2015-08-05",59,"Safe"
"2319","NSW","2015-08-06",48,"Safe"
"2320","NSW","2015-08-07",52,"Safe"
"2321","NSW","2015-08-08",46,"Safe"
"2322","NSW","2015-08-09",54,"Safe"
"2323","NSW","2015-08-10",52,"Safe"
"2324","NSW","2015-08-11",43,"Safe"
"2325","NSW","2015-08-12",80,"MinorHazard"
"2326","NSW","2015-08-13",74,"MinorHazard"
"2327","NSW","2015-08-14",61,"Safe"
"2328","NSW","2015-08-15",48,"Safe"
"2329","NSW","2015-08-16",63,"MinorHazard"
"2330","NSW","2015-08-17",61,"Safe"
"2331","NSW","2015-08-18",46,"Safe"
"2332","NSW","2015-08-19",30,"Safe"
"2333","NSW","2015-08-20",39,"Safe"
"2334","NSW","2015-08-21",43,"Safe"
"2335","NSW","2015-08-22",57,"Safe"
"2336","NSW","2015-08-23",48,"Safe"
"2337","NSW","2015-08-24",69,"MinorHazard"
"2338","NSW","2015-08-25",87,"MinorHazard"
"2339","NSW","2015-08-26",50,"Safe"
"2340","NSW","2015-08-27",59,"Safe"
"2341","NSW","2015-08-28",57,"Safe"
"2342","NSW","2015-08-29",44,"Safe"
"2343","NSW","2015-08-30",48,"Safe"
"2344","NSW","2015-08-31",61,"Safe"
"2345","NSW","2015-09-01",41,"Safe"
"2346","NSW","2015-09-02",69,"MinorHazard"
"2347","NSW","2015-09-03",67,"MinorHazard"
"2348","NSW","2015-09-04",69,"MinorHazard"
"2349","NSW","2015-09-05",59,"Safe"
"2350","NSW","2015-09-06",41,"Safe"
"2351","NSW","2015-09-07",56,"Safe"
"2352","NSW","2015-09-08",54,"Safe"
"2353","NSW","2015-09-09",48,"Safe"
"2354","NSW","2015-09-10",46,"Safe"
"2355","NSW","2015-09-11",50,"Safe"
"2356","NSW","2015-09-12",41,"Safe"
"2357","NSW","2015-09-13",39,"Safe"
"2358","NSW","2015-09-14",54,"Safe"
"2359","NSW","2015-09-15",69,"MinorHazard"
"2360","NSW","2015-09-16",39,"Safe"
"2361","NSW","2015-09-17",74,"MinorHazard"
"2362","NSW","2015-09-18",61,"Safe"
"2363","NSW","2015-09-19",41,"Safe"
"2364","NSW","2015-09-20",52,"Safe"
"2365","NSW","2015-09-21",44,"Safe"
"2366","NSW","2015-09-22",83,"MinorHazard"
"2367","NSW","2015-09-23",87,"MinorHazard"
"2368","NSW","2015-09-24",80,"MinorHazard"
"2369","NSW","2015-09-25",78,"MinorHazard"
"2370","NSW","2015-09-26",54,"Safe"
"2371","NSW","2015-09-27",54,"Safe"
"2372","NSW","2015-09-28",37,"Safe"
"2373","NSW","2015-09-29",50,"Safe"
"2374","NSW","2015-09-30",59,"Safe"
"2375","NSW","2015-10-01",46,"Safe"
"2376","NSW","2015-10-02",48,"Safe"
"2377","NSW","2015-10-03",56,"Safe"
"2378","NSW","2015-10-04",48,"Safe"
"2379","NSW","2015-10-05",37,"Safe"
"2380","NSW","2015-10-06",56,"Safe"
"2381","NSW","2015-10-07",81,"MinorHazard"
"2382","NSW","2015-10-08",48,"Safe"
"2383","NSW","2015-10-09",52,"Safe"
"2384","NSW","2015-10-10",46,"Safe"
"2385","NSW","2015-10-11",59,"Safe"
"2386","NSW","2015-10-12",59,"Safe"
"2387","NSW","2015-10-13",54,"Safe"
"2388","NSW","2015-10-14",44,"Safe"
"2389","NSW","2015-10-15",54,"Safe"
"2390","NSW","2015-10-16",52,"Safe"
"2391","NSW","2015-10-17",50,"Safe"
"2392","NSW","2015-10-18",63,"MinorHazard"
"2393","NSW","2015-10-19",48,"Safe"
"2394","NSW","2015-10-20",61,"Safe"
"2395","NSW","2015-10-21",69,"MinorHazard"
"2396","NSW","2015-10-22",78,"MinorHazard"
"2397","NSW","2015-10-23",67,"MinorHazard"
"2398","NSW","2015-10-24",44,"Safe"
"2399","NSW","2015-10-25",54,"Safe"
"2400","NSW","2015-10-26",85,"MinorHazard"
"2401","NSW","2015-10-27",70,"MinorHazard"
"2402","NSW","2015-10-28",48,"Safe"
"2403","NSW","2015-10-29",67,"MinorHazard"
"2404","NSW","2015-10-30",54,"Safe"
"2405","NSW","2015-10-31",56,"Safe"
"2406","NSW","2015-11-01",70,"MinorHazard"
"2407","NSW","2015-11-02",52,"Safe"
"2408","NSW","2015-11-03",50,"Safe"
"2409","NSW","2015-11-04",70,"MinorHazard"
"2410","NSW","2015-11-05",63,"MinorHazard"
"2411","NSW","2015-11-06",57,"Safe"
"2412","NSW","2015-11-07",54,"Safe"
"2413","NSW","2015-11-08",54,"Safe"
"2414","NSW","2015-11-09",35,"Safe"
"2415","NSW","2015-11-10",52,"Safe"
"2416","NSW","2015-11-11",46,"Safe"
"2417","NSW","2015-11-12",59,"Safe"
"2418","NSW","2015-11-13",54,"Safe"
"2419","NSW","2015-11-14",87,"MinorHazard"
"2420","NSW","2015-11-15",63,"MinorHazard"
"2421","NSW","2015-11-16",57,"Safe"
"2422","NSW","2015-11-17",52,"Safe"
"2423","NSW","2015-11-18",57,"Safe"
"2424","NSW","2015-11-19",48,"Safe"
"2425","NSW","2015-11-20",69,"MinorHazard"
"2426","NSW","2015-11-21",61,"Safe"
"2427","NSW","2015-11-22",52,"Safe"
"2428","NSW","2015-11-23",56,"Safe"
"2429","NSW","2015-11-24",57,"Safe"
"2430","NSW","2015-11-25",63,"MinorHazard"
"2431","NSW","2015-11-26",98,"Damaging"
"2432","NSW","2015-11-27",57,"Safe"
"2433","NSW","2015-11-28",54,"Safe"
"2434","NSW","2015-11-29",56,"Safe"
"2435","NSW","2015-11-30",57,"Safe"
"2436","NSW","2015-12-01",67,"MinorHazard"
"2437","NSW","2015-12-02",67,"MinorHazard"
"2438","NSW","2015-12-03",56,"Safe"
"2439","NSW","2015-12-04",39,"Safe"
"2440","NSW","2015-12-05",44,"Safe"
"2441","NSW","2015-12-06",43,"Safe"
"2442","NSW","2015-12-07",59,"Safe"
"2443","NSW","2015-12-08",56,"Safe"
"2444","NSW","2015-12-09",76,"MinorHazard"
"2445","NSW","2015-12-10",67,"MinorHazard"
"2446","NSW","2015-12-11",76,"MinorHazard"
"2447","NSW","2015-12-12",52,"Safe"
"2448","NSW","2015-12-13",52,"Safe"
"2449","NSW","2015-12-14",54,"Safe"
"2450","NSW","2015-12-15",52,"Safe"
"2451","NSW","2015-12-16",117,"Damaging"
"2452","NSW","2015-12-17",46,"Safe"
"2453","NSW","2015-12-18",56,"Safe"
"2454","NSW","2015-12-19",61,"Safe"
"2455","NSW","2015-12-20",93,"Damaging"
"2456","NSW","2015-12-21",56,"Safe"
"2457","NSW","2015-12-22",52,"Safe"
"2458","NSW","2015-12-23",48,"Safe"
"2459","NSW","2015-12-24",57,"Safe"
"2460","NSW","2015-12-25",59,"Safe"
"2461","NSW","2015-12-26",69,"MinorHazard"
"2462","NSW","2015-12-27",74,"MinorHazard"
"2463","NSW","2015-12-28",61,"Safe"
"2464","NSW","2015-12-29",59,"Safe"
"2465","NSW","2015-12-30",61,"Safe"
"2466","NSW","2015-12-31",81,"MinorHazard"
"2467","NSW","2016-01-01",70,"MinorHazard"
"2468","NSW","2016-01-02",61,"Safe"
"2469","NSW","2016-01-03",56,"Safe"
"2470","NSW","2016-01-04",50,"Safe"
"2471","NSW","2016-01-05",70,"MinorHazard"
"2472","NSW","2016-01-06",80,"MinorHazard"
"2473","NSW","2016-01-07",83,"MinorHazard"
"2474","NSW","2016-01-08",37,"Safe"
"2475","NSW","2016-01-09",39,"Safe"
"2476","NSW","2016-01-10",50,"Safe"
"2477","NSW","2016-01-11",57,"Safe"
"2478","NSW","2016-01-12",70,"MinorHazard"
"2479","NSW","2016-01-13",74,"MinorHazard"
"2480","NSW","2016-01-14",120,"Damaging"
"2481","NSW","2016-01-15",74,"MinorHazard"
"2482","NSW","2016-01-16",63,"MinorHazard"
"2483","NSW","2016-01-17",52,"Safe"
"2484","NSW","2016-01-18",39,"Safe"
"2485","NSW","2016-01-19",50,"Safe"
"2486","NSW","2016-01-20",67,"MinorHazard"
"2487","NSW","2016-01-21",78,"MinorHazard"
"2488","NSW","2016-01-22",59,"Safe"
"2489","NSW","2016-01-23",57,"Safe"
"2490","NSW","2016-01-24",37,"Safe"
"2491","NSW","2016-01-25",52,"Safe"
"2492","NSW","2016-01-26",61,"Safe"
"2493","NSW","2016-01-27",57,"Safe"
"2494","NSW","2016-01-28",102,"Damaging"
"2495","NSW","2016-01-29",65,"MinorHazard"
"2496","NSW","2016-01-30",98,"Damaging"
"2497","NSW","2016-01-31",67,"MinorHazard"
"2498","NSW","2016-02-01",59,"Safe"
"2499","NSW","2016-02-02",39,"Safe"
"2500","NSW","2016-02-03",61,"Safe"
"2501","NSW","2016-02-04",76,"MinorHazard"
"2502","NSW","2016-02-05",74,"MinorHazard"
"2503","NSW","2016-02-06",52,"Safe"
"2504","NSW","2016-02-07",41,"Safe"
"2505","NSW","2016-02-08",50,"Safe"
"2506","NSW","2016-02-09",52,"Safe"
"2507","NSW","2016-02-10",50,"Safe"
"2508","NSW","2016-02-11",52,"Safe"
"2509","NSW","2016-02-12",54,"Safe"
"2510","NSW","2016-02-13",57,"Safe"
"2511","NSW","2016-02-14",56,"Safe"
"2512","NSW","2016-02-15",56,"Safe"
"2513","NSW","2016-02-16",52,"Safe"
"2514","NSW","2016-02-17",52,"Safe"
"2515","NSW","2016-02-18",43,"Safe"
"2516","NSW","2016-02-19",52,"Safe"
"2517","NSW","2016-02-20",65,"MinorHazard"
"2518","NSW","2016-02-21",52,"Safe"
"2519","NSW","2016-02-22",43,"Safe"
"2520","NSW","2016-02-23",48,"Safe"
"2521","NSW","2016-02-24",57,"Safe"
"2522","NSW","2016-02-25",85,"MinorHazard"
"2523","NSW","2016-02-26",89,"MinorHazard"
"2524","NSW","2016-02-27",48,"Safe"
"2525","NSW","2016-02-28",50,"Safe"
"2526","NSW","2016-02-29",44,"Safe"
"2527","NSW","2016-03-01",43,"Safe"
"2528","NSW","2016-03-02",54,"Safe"
"2529","NSW","2016-03-03",93,"Damaging"
"2530","NSW","2016-03-04",52,"Safe"
"2531","NSW","2016-03-05",48,"Safe"
"2532","NSW","2016-03-06",54,"Safe"
"2533","NSW","2016-03-07",50,"Safe"
"2534","NSW","2016-03-08",65,"MinorHazard"
"2535","NSW","2016-03-09",56,"Safe"
"2536","NSW","2016-03-10",56,"Safe"
"2537","NSW","2016-03-11",50,"Safe"
"2538","NSW","2016-03-12",52,"Safe"
"2539","NSW","2016-03-13",52,"Safe"
"2540","NSW","2016-03-14",67,"MinorHazard"
"2541","NSW","2016-03-15",54,"Safe"
"2542","NSW","2016-03-16",50,"Safe"
"2543","NSW","2016-03-17",41,"Safe"
"2544","NSW","2016-03-18",87,"MinorHazard"
"2545","NSW","2016-03-19",54,"Safe"
"2546","NSW","2016-03-20",63,"MinorHazard"
"2547","NSW","2016-03-21",70,"MinorHazard"
"2548","NSW","2016-03-22",59,"Safe"
"2549","NSW","2016-03-23",43,"Safe"
"2550","NSW","2016-03-24",35,"Safe"
"2551","NSW","2016-03-25",50,"Safe"
"2552","NSW","2016-03-26",43,"Safe"
"2553","NSW","2016-03-27",44,"Safe"
"2554","NSW","2016-03-28",43,"Safe"
"2555","NSW","2016-03-29",50,"Safe"
"2556","NSW","2016-03-30",50,"Safe"
"2557","NSW","2016-03-31",56,"Safe"
"2558","NSW","2016-04-01",48,"Safe"
"2559","NSW","2016-04-02",50,"Safe"
"2560","NSW","2016-04-03",43,"Safe"
"2561","NSW","2016-04-04",46,"Safe"
"2562","NSW","2016-04-05",63,"MinorHazard"
"2563","NSW","2016-04-06",52,"Safe"
"2564","NSW","2016-04-07",54,"Safe"
"2565","NSW","2016-04-08",48,"Safe"
"2566","NSW","2016-04-09",54,"Safe"
"2567","NSW","2016-04-10",50,"Safe"
"2568","NSW","2016-04-11",41,"Safe"
"2569","NSW","2016-04-12",50,"Safe"
"2570","NSW","2016-04-13",37,"Safe"
"2571","NSW","2016-04-14",43,"Safe"
"2572","NSW","2016-04-15",44,"Safe"
"2573","NSW","2016-04-16",59,"Safe"
"2574","NSW","2016-04-17",63,"MinorHazard"
"2575","NSW","2016-04-18",48,"Safe"
"2576","NSW","2016-04-19",39,"Safe"
"2577","NSW","2016-04-20",50,"Safe"
"2578","NSW","2016-04-21",46,"Safe"
"2579","NSW","2016-04-22",54,"Safe"
"2580","NSW","2016-04-23",72,"MinorHazard"
"2581","NSW","2016-04-24",65,"MinorHazard"
"2582","NSW","2016-04-25",61,"Safe"
"2583","NSW","2016-04-26",52,"Safe"
"2584","NSW","2016-04-27",52,"Safe"
"2585","NSW","2016-04-28",41,"Safe"
"2586","NSW","2016-04-29",100,"Damaging"
"2587","NSW","2016-04-30",43,"Safe"
"2588","NSW","2016-05-01",63,"MinorHazard"
"2589","NSW","2016-05-02",37,"Safe"
"2590","NSW","2016-05-03",59,"Safe"
"2591","NSW","2016-05-04",43,"Safe"
"2592","NSW","2016-05-05",39,"Safe"
"2593","NSW","2016-05-06",50,"Safe"
"2594","NSW","2016-05-07",48,"Safe"
"2595","NSW","2016-05-08",57,"Safe"
"2596","NSW","2016-05-09",63,"MinorHazard"
"2597","NSW","2016-05-10",78,"MinorHazard"
"2598","NSW","2016-05-11",63,"MinorHazard"
"2599","NSW","2016-05-12",74,"MinorHazard"
"2600","NSW","2016-05-13",78,"MinorHazard"
"2601","NSW","2016-05-14",48,"Safe"
"2602","NSW","2016-05-15",48,"Safe"
"2603","NSW","2016-05-16",39,"Safe"
"2604","NSW","2016-05-17",59,"Safe"
"2605","NSW","2016-05-18",50,"Safe"
"2606","NSW","2016-05-19",48,"Safe"
"2607","NSW","2016-05-20",46,"Safe"
"2608","NSW","2016-05-21",65,"MinorHazard"
"2609","NSW","2016-05-22",54,"Safe"
"2610","NSW","2016-05-23",69,"MinorHazard"
"2611","NSW","2016-05-24",63,"MinorHazard"
"2612","NSW","2016-05-25",57,"Safe"
"2613","NSW","2016-05-26",67,"MinorHazard"
"2614","NSW","2016-05-27",74,"MinorHazard"
"2615","NSW","2016-05-28",67,"MinorHazard"
"2616","NSW","2016-05-29",61,"Safe"
"2617","NSW","2016-05-30",48,"Safe"
"2618","NSW","2016-05-31",39,"Safe"
"2619","NSW","2016-06-01",44,"Safe"
"2620","NSW","2016-06-02",41,"Safe"
"2621","NSW","2016-06-03",56,"Safe"
"2622","NSW","2016-06-04",106,"Damaging"
"2623","NSW","2016-06-05",98,"Damaging"
"2624","NSW","2016-06-06",89,"MinorHazard"
"2625","NSW","2016-06-07",63,"MinorHazard"
"2626","NSW","2016-06-08",61,"Safe"
"2627","NSW","2016-06-09",87,"MinorHazard"
"2628","NSW","2016-06-10",56,"Safe"
"2629","NSW","2016-06-11",54,"Safe"
"2630","NSW","2016-06-12",54,"Safe"
"2631","NSW","2016-06-13",59,"Safe"
"2632","NSW","2016-06-14",54,"Safe"
"2633","NSW","2016-06-15",41,"Safe"
"2634","NSW","2016-06-16",39,"Safe"
"2635","NSW","2016-06-17",43,"Safe"
"2636","NSW","2016-06-18",46,"Safe"
"2637","NSW","2016-06-19",70,"MinorHazard"
"2638","NSW","2016-06-20",93,"Damaging"
"2639","NSW","2016-06-21",91,"Damaging"
"2640","NSW","2016-06-22",81,"MinorHazard"
"2641","NSW","2016-06-23",63,"MinorHazard"
"2642","NSW","2016-06-24",85,"MinorHazard"
"2643","NSW","2016-06-25",69,"MinorHazard"
"2644","NSW","2016-06-26",54,"Safe"
"2645","NSW","2016-06-27",50,"Safe"
"2646","NSW","2016-06-28",65,"MinorHazard"
"2647","NSW","2016-06-29",44,"Safe"
"2648","NSW","2016-06-30",61,"Safe"
"2649","NSW","2016-07-01",61,"Safe"
"2650","NSW","2016-07-02",44,"Safe"
"2651","NSW","2016-07-03",43,"Safe"
"2652","NSW","2016-07-04",44,"Safe"
"2653","NSW","2016-07-05",59,"Safe"
"2654","NSW","2016-07-06",91,"Damaging"
"2655","NSW","2016-07-07",80,"MinorHazard"
"2656","NSW","2016-07-08",76,"MinorHazard"
"2657","NSW","2016-07-09",61,"Safe"
"2658","NSW","2016-07-10",48,"Safe"
"2659","NSW","2016-07-11",69,"MinorHazard"
"2660","NSW","2016-07-12",76,"MinorHazard"
"2661","NSW","2016-07-13",98,"Damaging"
"2662","NSW","2016-07-14",52,"Safe"
"2663","NSW","2016-07-15",39,"Safe"
"2664","NSW","2016-07-16",46,"Safe"
"2665","NSW","2016-07-17",35,"Safe"
"2666","NSW","2016-07-18",43,"Safe"
"2667","NSW","2016-07-19",33,"Safe"
"2668","NSW","2016-07-20",54,"Safe"
"2669","NSW","2016-07-21",39,"Safe"
"2670","NSW","2016-07-22",80,"MinorHazard"
"2671","NSW","2016-07-23",91,"Damaging"
"2672","NSW","2016-07-24",50,"Safe"
"2673","NSW","2016-07-25",70,"MinorHazard"
"2674","NSW","2016-07-26",56,"Safe"
"2675","NSW","2016-07-27",76,"MinorHazard"
"2676","NSW","2016-07-28",50,"Safe"
"2677","NSW","2016-07-29",52,"Safe"
"2678","NSW","2016-07-30",35,"Safe"
"2679","NSW","2016-07-31",52,"Safe"
"2680","NSW","2016-08-01",41,"Safe"
"2681","NSW","2016-08-02",80,"MinorHazard"
"2682","NSW","2016-08-03",85,"MinorHazard"
"2683","NSW","2016-08-04",91,"Damaging"
"2684","NSW","2016-08-05",59,"Safe"
"2685","NSW","2016-08-06",76,"MinorHazard"
"2686","NSW","2016-08-07",61,"Safe"
"2687","NSW","2016-08-08",41,"Safe"
"2688","NSW","2016-08-09",50,"Safe"
"2689","NSW","2016-08-10",48,"Safe"
"2690","NSW","2016-08-11",56,"Safe"
"2691","NSW","2016-08-12",54,"Safe"
"2692","NSW","2016-08-13",50,"Safe"
"2693","NSW","2016-08-14",43,"Safe"
"2694","NSW","2016-08-15",56,"Safe"
"2695","NSW","2016-08-16",59,"Safe"
"2696","NSW","2016-08-17",56,"Safe"
"2697","NSW","2016-08-18",43,"Safe"
"2698","NSW","2016-08-19",70,"MinorHazard"
"2699","NSW","2016-08-20",67,"MinorHazard"
"2700","NSW","2016-08-21",41,"Safe"
"2701","NSW","2016-08-22",52,"Safe"
"2702","NSW","2016-08-23",48,"Safe"
"2703","NSW","2016-08-24",61,"Safe"
"2704","NSW","2016-08-25",59,"Safe"
"2705","NSW","2016-08-26",54,"Safe"
"2706","NSW","2016-08-27",48,"Safe"
"2707","NSW","2016-08-28",54,"Safe"
"2708","NSW","2016-08-29",39,"Safe"
"2709","NSW","2016-08-30",48,"Safe"
"2710","NSW","2016-08-31",59,"Safe"
"2711","NSW","2016-09-01",37,"Safe"
"2712","NSW","2016-09-02",67,"MinorHazard"
"2713","NSW","2016-09-03",83,"MinorHazard"
"2714","NSW","2016-09-04",48,"Safe"
"2715","NSW","2016-09-05",37,"Safe"
"2716","NSW","2016-09-06",37,"Safe"
"2717","NSW","2016-09-07",41,"Safe"
"2718","NSW","2016-09-08",54,"Safe"
"2719","NSW","2016-09-09",67,"MinorHazard"
"2720","NSW","2016-09-10",69,"MinorHazard"
"2721","NSW","2016-09-11",33,"Safe"
"2722","NSW","2016-09-12",39,"Safe"
"2723","NSW","2016-09-13",48,"Safe"
"2724","NSW","2016-09-14",52,"Safe"
"2725","NSW","2016-09-15",70,"MinorHazard"
"2726","NSW","2016-09-16",50,"Safe"
"2727","NSW","2016-09-17",54,"Safe"
"2728","NSW","2016-09-18",74,"MinorHazard"
"2729","NSW","2016-09-19",80,"MinorHazard"
"2730","NSW","2016-09-20",56,"Safe"
"2731","NSW","2016-09-21",50,"Safe"
"2732","NSW","2016-09-22",56,"Safe"
"2733","NSW","2016-09-23",69,"MinorHazard"
"2734","NSW","2016-09-24",54,"Safe"
"2735","NSW","2016-09-25",56,"Safe"
"2736","NSW","2016-09-26",57,"Safe"
"2737","NSW","2016-09-27",70,"MinorHazard"
"2738","NSW","2016-09-28",57,"Safe"
"2739","NSW","2016-09-29",65,"MinorHazard"
"2740","NSW","2016-09-30",67,"MinorHazard"
"2741","NSW","2016-10-01",85,"MinorHazard"
"2742","NSW","2016-10-02",50,"Safe"
"2743","NSW","2016-10-03",109,"Damaging"
"2744","NSW","2016-10-04",93,"Damaging"
"2745","NSW","2016-10-05",87,"MinorHazard"
"2746","NSW","2016-10-06",63,"MinorHazard"
"2747","NSW","2016-10-07",56,"Safe"
"2748","NSW","2016-10-08",65,"MinorHazard"
"2749","NSW","2016-10-09",70,"MinorHazard"
"2750","NSW","2016-10-10",76,"MinorHazard"
"2751","NSW","2016-10-11",63,"MinorHazard"
"2752","NSW","2016-10-12",43,"Safe"
"2753","NSW","2016-10-13",65,"MinorHazard"
"2754","NSW","2016-10-14",46,"Safe"
"2755","NSW","2016-10-15",56,"Safe"
"2756","NSW","2016-10-16",67,"MinorHazard"
"2757","NSW","2016-10-17",63,"MinorHazard"
"2758","NSW","2016-10-18",56,"Safe"
"2759","NSW","2016-10-19",50,"Safe"
"2760","NSW","2016-10-20",57,"Safe"
"2761","NSW","2016-10-21",63,"MinorHazard"
"2762","NSW","2016-10-22",59,"Safe"
"2763","NSW","2016-10-23",67,"MinorHazard"
"2764","NSW","2016-10-24",48,"Safe"
"2765","NSW","2016-10-25",50,"Safe"
"2766","NSW","2016-10-26",41,"Safe"
"2767","NSW","2016-10-27",52,"Safe"
"2768","NSW","2016-10-28",50,"Safe"
"2769","NSW","2016-10-29",48,"Safe"
"2770","NSW","2016-10-30",72,"MinorHazard"
"2771","NSW","2016-10-31",113,"Damaging"
"2772","NSW","2016-11-01",50,"Safe"
"2773","NSW","2016-11-02",69,"MinorHazard"
"2774","NSW","2016-11-03",46,"Safe"
"2775","NSW","2016-11-04",52,"Safe"
"2776","NSW","2016-11-05",76,"MinorHazard"
"2777","NSW","2016-11-06",65,"MinorHazard"
"2778","NSW","2016-11-07",57,"Safe"
"2779","NSW","2016-11-08",72,"MinorHazard"
"2780","NSW","2016-11-09",54,"Safe"
"2781","NSW","2016-11-10",48,"Safe"
"2782","NSW","2016-11-11",57,"Safe"
"2783","NSW","2016-11-12",70,"MinorHazard"
"2784","NSW","2016-11-13",91,"Damaging"
"2785","NSW","2016-11-14",63,"MinorHazard"
"2786","NSW","2016-11-15",56,"Safe"
"2787","NSW","2016-11-16",48,"Safe"
"2788","NSW","2016-11-17",63,"MinorHazard"
"2789","NSW","2016-11-18",61,"Safe"
"2790","NSW","2016-11-19",57,"Safe"
"2791","NSW","2016-11-20",72,"MinorHazard"
"2792","NSW","2016-11-21",54,"Safe"
"2793","NSW","2016-11-22",57,"Safe"
"2794","NSW","2016-11-23",69,"MinorHazard"
"2795","NSW","2016-11-24",61,"Safe"
"2796","NSW","2016-11-25",50,"Safe"
"2797","NSW","2016-11-26",50,"Safe"
"2798","NSW","2016-11-27",54,"Safe"
"2799","NSW","2016-11-28",65,"MinorHazard"
"2800","NSW","2016-11-29",52,"Safe"
"2801","NSW","2016-11-30",63,"MinorHazard"
"2802","NSW","2016-12-01",48,"Safe"
"2803","NSW","2016-12-02",67,"MinorHazard"
"2804","NSW","2016-12-03",59,"Safe"
"2805","NSW","2016-12-04",57,"Safe"
"2806","NSW","2016-12-05",83,"MinorHazard"
"2807","NSW","2016-12-06",61,"Safe"
"2808","NSW","2016-12-07",43,"Safe"
"2809","NSW","2016-12-08",87,"MinorHazard"
"2810","NSW","2016-12-09",72,"MinorHazard"
"2811","NSW","2016-12-10",48,"Safe"
"2812","NSW","2016-12-11",52,"Safe"
"2813","NSW","2016-12-12",57,"Safe"
"2814","NSW","2016-12-13",76,"MinorHazard"
"2815","NSW","2016-12-14",76,"MinorHazard"
"2816","NSW","2016-12-15",56,"Safe"
"2817","NSW","2016-12-16",59,"Safe"
"2818","NSW","2016-12-17",78,"MinorHazard"
"2819","NSW","2016-12-18",72,"MinorHazard"
"2820","NSW","2016-12-19",61,"Safe"
"2821","NSW","2016-12-20",78,"MinorHazard"
"2822","NSW","2016-12-21",56,"Safe"
"2823","NSW","2016-12-22",83,"MinorHazard"
"2824","NSW","2016-12-23",56,"Safe"
"2825","NSW","2016-12-24",63,"MinorHazard"
"2826","NSW","2016-12-25",59,"Safe"
"2827","NSW","2016-12-26",63,"MinorHazard"
"2828","NSW","2016-12-27",50,"Safe"
"2829","NSW","2016-12-28",65,"MinorHazard"
"2830","NSW","2016-12-29",59,"Safe"
"2831","NSW","2016-12-30",65,"MinorHazard"
"2832","NSW","2016-12-31",52,"Safe"
"2833","NSW","2017-01-01",48,"Safe"
"2834","NSW","2017-01-02",67,"MinorHazard"
"2835","NSW","2017-01-03",57,"Safe"
"2836","NSW","2017-01-04",50,"Safe"
"2837","NSW","2017-01-05",52,"Safe"
"2838","NSW","2017-01-06",83,"MinorHazard"
"2839","NSW","2017-01-07",54,"Safe"
"2840","NSW","2017-01-08",59,"Safe"
"2841","NSW","2017-01-09",57,"Safe"
"2842","NSW","2017-01-10",57,"Safe"
"2843","NSW","2017-01-11",70,"MinorHazard"
"2844","NSW","2017-01-12",59,"Safe"
"2845","NSW","2017-01-13",74,"MinorHazard"
"2846","NSW","2017-01-14",83,"MinorHazard"
"2847","NSW","2017-01-15",54,"Safe"
"2848","NSW","2017-01-16",61,"Safe"
"2849","NSW","2017-01-17",57,"Safe"
"2850","NSW","2017-01-18",76,"MinorHazard"
"2851","NSW","2017-01-19",65,"MinorHazard"
"2852","NSW","2017-01-20",96,"Damaging"
"2853","NSW","2017-01-21",63,"MinorHazard"
"2854","NSW","2017-01-22",48,"Safe"
"2855","NSW","2017-01-23",72,"MinorHazard"
"2856","NSW","2017-01-24",74,"MinorHazard"
"2857","NSW","2017-01-25",67,"MinorHazard"
"2858","NSW","2017-01-26",59,"Safe"
"2859","NSW","2017-01-27",43,"Safe"
"2860","NSW","2017-01-28",56,"Safe"
"2861","NSW","2017-01-29",74,"MinorHazard"
"2862","NSW","2017-01-30",76,"MinorHazard"
"2863","NSW","2017-01-31",72,"MinorHazard"
"2864","NSW","2017-02-01",46,"Safe"
"2865","NSW","2017-02-02",57,"Safe"
"2866","NSW","2017-02-03",59,"Safe"
"2867","NSW","2017-02-04",67,"MinorHazard"
"2868","NSW","2017-02-05",65,"MinorHazard"
"2869","NSW","2017-02-06",61,"Safe"
"2870","NSW","2017-02-07",65,"MinorHazard"
"2871","NSW","2017-02-08",61,"Safe"
"2872","NSW","2017-02-09",59,"Safe"
"2873","NSW","2017-02-10",56,"Safe"
"2874","NSW","2017-02-11",98,"Damaging"
"2875","NSW","2017-02-12",91,"Damaging"
"2876","NSW","2017-02-13",65,"MinorHazard"
"2877","NSW","2017-02-14",54,"Safe"
"2878","NSW","2017-02-15",50,"Safe"
"2879","NSW","2017-02-16",57,"Safe"
"2880","NSW","2017-02-17",89,"MinorHazard"
"2881","NSW","2017-02-18",96,"Damaging"
"2882","NSW","2017-02-19",67,"MinorHazard"
"2883","NSW","2017-02-20",63,"MinorHazard"
"2884","NSW","2017-02-21",48,"Safe"
"2885","NSW","2017-02-22",57,"Safe"
"2886","NSW","2017-02-23",56,"Safe"
"2887","NSW","2017-02-24",52,"Safe"
"2888","NSW","2017-02-25",57,"Safe"
"2889","NSW","2017-02-26",65,"MinorHazard"
"2890","NSW","2017-02-27",57,"Safe"
"2891","NSW","2017-02-28",52,"Safe"
"2892","NSW","2017-03-01",57,"Safe"
"2893","NSW","2017-03-02",54,"Safe"
"2894","NSW","2017-03-03",65,"MinorHazard"
"2895","NSW","2017-03-04",67,"MinorHazard"
"2896","NSW","2017-03-05",59,"Safe"
"2897","NSW","2017-03-06",76,"MinorHazard"
"2898","NSW","2017-03-07",81,"MinorHazard"
"2899","NSW","2017-03-08",63,"MinorHazard"
"2900","NSW","2017-03-09",63,"MinorHazard"
"2901","NSW","2017-03-10",57,"Safe"
"2902","NSW","2017-03-11",63,"MinorHazard"
"2903","NSW","2017-03-12",80,"MinorHazard"
"2904","NSW","2017-03-13",74,"MinorHazard"
"2905","NSW","2017-03-14",74,"MinorHazard"
"2906","NSW","2017-03-15",59,"Safe"
"2907","NSW","2017-03-16",63,"MinorHazard"
"2908","NSW","2017-03-17",83,"MinorHazard"
"2909","NSW","2017-03-18",76,"MinorHazard"
"2910","NSW","2017-03-19",72,"MinorHazard"
"2911","NSW","2017-03-20",52,"Safe"
"2912","NSW","2017-03-21",50,"Safe"
"2913","NSW","2017-03-22",93,"Damaging"
"2914","NSW","2017-03-23",54,"Safe"
"2915","NSW","2017-03-24",54,"Safe"
"2916","NSW","2017-03-25",35,"Safe"
"2917","NSW","2017-03-26",33,"Safe"
"2918","NSW","2017-03-27",102,"Damaging"
"2919","NSW","2017-03-28",67,"MinorHazard"
"2920","NSW","2017-03-29",50,"Safe"
"2921","NSW","2017-03-30",85,"MinorHazard"
"2922","NSW","2017-03-31",69,"MinorHazard"
"2923","NSW","2017-04-01",57,"Safe"
"2924","NSW","2017-04-02",74,"MinorHazard"
"2925","NSW","2017-04-03",67,"MinorHazard"
"2926","NSW","2017-04-04",63,"MinorHazard"
"2927","NSW","2017-04-05",54,"Safe"
"2928","NSW","2017-04-06",37,"Safe"
"2929","NSW","2017-04-07",41,"Safe"
"2930","NSW","2017-04-08",46,"Safe"
"2931","NSW","2017-04-09",91,"Damaging"
"2932","NSW","2017-04-10",70,"MinorHazard"
"2933","NSW","2017-04-11",83,"MinorHazard"
"2934","NSW","2017-04-12",81,"MinorHazard"
"2935","NSW","2017-04-13",48,"Safe"
"2936","NSW","2017-04-14",41,"Safe"
"2937","NSW","2017-04-15",35,"Safe"
"2938","NSW","2017-04-16",48,"Safe"
"2939","NSW","2017-04-17",35,"Safe"
"2940","NSW","2017-04-18",39,"Safe"
"2941","NSW","2017-04-19",39,"Safe"
"2942","NSW","2017-04-20",41,"Safe"
"2943","NSW","2017-04-21",52,"Safe"
"2944","NSW","2017-04-22",48,"Safe"
"2945","NSW","2017-04-23",44,"Safe"
"2946","NSW","2017-04-24",35,"Safe"
"2947","NSW","2017-04-25",78,"MinorHazard"
"2948","NSW","2017-04-26",81,"MinorHazard"
"2949","NSW","2017-04-27",54,"Safe"
"2950","NSW","2017-04-28",57,"Safe"
"2951","NSW","2017-04-29",41,"Safe"
"2952","NSW","2017-04-30",57,"Safe"
"2953","NSW","2017-05-01",43,"Safe"
"2954","NSW","2017-05-02",50,"Safe"
"2955","NSW","2017-05-03",63,"MinorHazard"
"2956","NSW","2017-05-04",44,"Safe"
"2957","NSW","2017-05-05",39,"Safe"
"2958","NSW","2017-05-06",46,"Safe"
"2959","NSW","2017-05-07",54,"Safe"
"2960","NSW","2017-05-08",44,"Safe"
"2961","NSW","2017-05-09",52,"Safe"
"2962","NSW","2017-05-10",50,"Safe"
"2963","NSW","2017-05-11",59,"Safe"
"2964","NSW","2017-05-12",61,"Safe"
"2965","NSW","2017-05-13",41,"Safe"
"2966","NSW","2017-05-14",48,"Safe"
"2967","NSW","2017-05-15",61,"Safe"
"2968","NSW","2017-05-16",52,"Safe"
"2969","NSW","2017-05-17",41,"Safe"
"2970","NSW","2017-05-18",52,"Safe"
"2971","NSW","2017-05-19",61,"Safe"
"2972","NSW","2017-05-20",44,"Safe"
"2973","NSW","2017-05-21",50,"Safe"
"2974","NSW","2017-05-22",56,"Safe"
"2975","NSW","2017-05-23",69,"MinorHazard"
"2976","NSW","2017-05-24",56,"Safe"
"2977","NSW","2017-05-25",59,"Safe"
"2978","NSW","2017-05-26",37,"Safe"
"2979","NSW","2017-05-27",37,"Safe"
"2980","NSW","2017-05-28",76,"MinorHazard"
"2981","NSW","2017-05-29",65,"MinorHazard"
"2982","NSW","2017-05-30",43,"Safe"
"2983","NSW","2017-05-31",59,"Safe"
"2984","NSW","2017-06-01",52,"Safe"
"2985","NSW","2017-06-02",63,"MinorHazard"
"2986","NSW","2017-06-03",54,"Safe"
"2987","NSW","2017-06-04",41,"Safe"
"2988","NSW","2017-06-05",44,"Safe"
"2989","NSW","2017-06-06",59,"Safe"
"2990","NSW","2017-06-07",74,"MinorHazard"
"2991","NSW","2017-06-08",69,"MinorHazard"
"2992","NSW","2017-06-09",61,"Safe"
"2993","NSW","2017-06-10",52,"Safe"
"2994","NSW","2017-06-11",37,"Safe"
"2995","NSW","2017-06-12",43,"Safe"
"2996","NSW","2017-06-13",54,"Safe"
"2997","NSW","2017-06-14",41,"Safe"
"2998","NSW","2017-06-15",39,"Safe"
"2999","NSW","2017-06-16",33,"Safe"
"3000","NSW","2017-06-17",48,"Safe"
"3001","NSW","2017-06-18",69,"MinorHazard"
"3002","NSW","2017-06-19",61,"Safe"
"3003","NSW","2017-06-20",50,"Safe"
"3004","NSW","2017-06-21",56,"Safe"
"3005","NSW","2017-06-22",52,"Safe"
"3006","NSW","2017-06-23",56,"Safe"
"3007","NSW","2017-06-24",56,"Safe"
"3008","NSW","2017-06-25",48,"Safe"
"3009","NSW","2009-02-03",54,"Safe"
"3010","NSW","2009-02-04",44,"Safe"
"3011","NSW","2009-09-10",63,"MinorHazard"
"3012","NSW","2010-02-09",44,"Safe"
"3013","NSW","2010-02-26",48,"Safe"
"3014","NSW","2010-03-01",69,"MinorHazard"
"3015","NSW","2010-03-04",48,"Safe"
"3016","NSW","2010-03-10",63,"MinorHazard"
"3017","NSW","2010-08-04",70,"MinorHazard"
"3018","NSW","2011-09-10",69,"MinorHazard"
"3019","NSW","2011-09-11",76,"MinorHazard"
"3020","NSW","2011-09-12",59,"Safe"
"3021","NSW","2011-09-13",52,"Safe"
"3022","NSW","2011-10-10",50,"Safe"
"3023","NSW","2011-11-24",54,"Safe"
"3024","NSW","2011-11-25",52,"Safe"
"3025","NSW","2011-11-26",72,"MinorHazard"
"3026","NSW","2011-11-27",83,"MinorHazard"
"3027","NSW","2012-10-04",54,"Safe"
"3028","NSW","2012-10-05",67,"MinorHazard"
"3029","NSW","2012-10-06",72,"MinorHazard"
"3030","NSW","2013-05-07",46,"Safe"
"3031","NSW","2013-05-08",50,"Safe"
"3032","NSW","2013-05-09",31,"Safe"
"3033","NSW","2014-06-04",35,"Safe"
"3034","NSW","2014-09-21",56,"Safe"
"3035","NSW","2014-09-22",54,"Safe"
"3036","NSW","2014-09-23",46,"Safe"
"3037","NSW","2014-10-03",43,"Safe"
"3038","NSW","2010-02-11",52,"Safe"
"3039","NSW","2010-02-17",52,"Safe"
"3040","NSW","2008-12-15",56,"Safe"
"3041","VIC","2008-12-01",56,"Safe"
"3042","VIC","2008-12-02",48,"Safe"
"3043","VIC","2008-12-03",48,"Safe"
"3044","VIC","2008-12-04",41,"Safe"
"3045","VIC","2008-12-05",67,"MinorHazard"
"3046","VIC","2008-12-06",63,"MinorHazard"
"3047","VIC","2008-12-07",52,"Safe"
"3048","VIC","2008-12-08",43,"Safe"
"3049","VIC","2008-12-09",41,"Safe"
"3050","VIC","2008-12-10",50,"Safe"
"3051","VIC","2008-12-11",54,"Safe"
"3052","VIC","2008-12-12",59,"Safe"
"3053","VIC","2008-12-13",76,"MinorHazard"
"3054","VIC","2008-12-14",50,"Safe"
"3055","VIC","2008-12-15",41,"Safe"
"3056","VIC","2008-12-16",39,"Safe"
"3057","VIC","2008-12-17",31,"Safe"
"3058","VIC","2008-12-18",48,"Safe"
"3059","VIC","2008-12-19",56,"Safe"
"3060","VIC","2008-12-20",41,"Safe"
"3061","VIC","2008-12-21",48,"Safe"
"3062","VIC","2008-12-22",85,"MinorHazard"
"3063","VIC","2008-12-23",48,"Safe"
"3064","VIC","2008-12-24",37,"Safe"
"3065","VIC","2008-12-25",44,"Safe"
"3066","VIC","2008-12-26",67,"MinorHazard"
"3067","VIC","2008-12-27",46,"Safe"
"3068","VIC","2008-12-28",48,"Safe"
"3069","VIC","2008-12-29",54,"Safe"
"3070","VIC","2008-12-30",61,"Safe"
"3071","VIC","2008-12-31",48,"Safe"
"3072","VIC","2009-01-01",76,"MinorHazard"
"3073","VIC","2009-01-02",56,"Safe"
"3074","VIC","2009-01-03",35,"Safe"
"3075","VIC","2009-01-04",43,"Safe"
"3076","VIC","2009-01-05",54,"Safe"
"3077","VIC","2009-01-06",50,"Safe"
"3078","VIC","2009-01-07",50,"Safe"
"3079","VIC","2009-01-08",56,"Safe"
"3080","VIC","2009-01-09",44,"Safe"
"3081","VIC","2009-01-10",52,"Safe"
"3082","VIC","2009-01-11",56,"Safe"
"3083","VIC","2009-01-12",50,"Safe"
"3084","VIC","2009-01-13",52,"Safe"
"3085","VIC","2009-01-14",69,"MinorHazard"
"3086","VIC","2009-01-15",54,"Safe"
"3087","VIC","2009-01-16",69,"MinorHazard"
"3088","VIC","2009-01-17",44,"Safe"
"3089","VIC","2009-01-18",35,"Safe"
"3090","VIC","2009-01-19",54,"Safe"
"3091","VIC","2009-01-20",100,"Damaging"
"3092","VIC","2009-01-21",54,"Safe"
"3093","VIC","2009-01-22",94,"Damaging"
"3094","VIC","2009-01-23",59,"Safe"
"3095","VIC","2009-01-24",76,"MinorHazard"
"3096","VIC","2009-01-25",39,"Safe"
"3097","VIC","2009-01-26",46,"Safe"
"3098","VIC","2009-01-27",39,"Safe"
"3099","VIC","2009-01-28",50,"Safe"
"3100","VIC","2009-01-29",61,"Safe"
"3101","VIC","2009-01-30",54,"Safe"
"3102","VIC","2009-01-31",67,"MinorHazard"
"3103","VIC","2009-02-01",54,"Safe"
"3104","VIC","2009-02-02",46,"Safe"
"3105","VIC","2009-02-03",59,"Safe"
"3106","VIC","2009-02-04",39,"Safe"
"3107","VIC","2009-02-05",48,"Safe"
"3108","VIC","2009-02-06",57,"Safe"
"3109","VIC","2009-02-07",93,"Damaging"
"3110","VIC","2009-02-08",46,"Safe"
"3111","VIC","2009-02-09",56,"Safe"
"3112","VIC","2009-02-10",54,"Safe"
"3113","VIC","2009-02-11",59,"Safe"
"3114","VIC","2009-02-13",57,"Safe"
"3115","VIC","2009-02-14",52,"Safe"
"3116","VIC","2009-02-15",56,"Safe"
"3117","VIC","2009-02-16",59,"Safe"
"3118","VIC","2009-02-17",57,"Safe"
"3119","VIC","2009-02-18",57,"Safe"
"3120","VIC","2009-02-19",52,"Safe"
"3121","VIC","2009-02-20",52,"Safe"
"3122","VIC","2009-02-21",54,"Safe"
"3123","VIC","2009-02-22",46,"Safe"
"3124","VIC","2009-02-23",57,"Safe"
"3125","VIC","2009-02-24",63,"MinorHazard"
"3126","VIC","2009-02-25",44,"Safe"
"3127","VIC","2009-02-26",56,"Safe"
"3128","VIC","2009-02-27",72,"MinorHazard"
"3129","VIC","2009-02-28",70,"MinorHazard"
"3130","VIC","2009-03-01",43,"Safe"
"3131","VIC","2009-03-02",46,"Safe"
"3132","VIC","2009-03-03",93,"Damaging"
"3133","VIC","2009-03-04",87,"MinorHazard"
"3134","VIC","2009-03-05",54,"Safe"
"3135","VIC","2009-03-07",54,"Safe"
"3136","VIC","2009-03-08",54,"Safe"
"3137","VIC","2009-03-09",52,"Safe"
"3138","VIC","2009-03-10",59,"Safe"
"3139","VIC","2009-03-11",54,"Safe"
"3140","VIC","2009-03-12",59,"Safe"
"3141","VIC","2009-03-13",39,"Safe"
"3142","VIC","2009-03-14",85,"MinorHazard"
"3143","VIC","2009-03-15",63,"MinorHazard"
"3144","VIC","2009-03-16",72,"MinorHazard"
"3145","VIC","2009-03-17",56,"Safe"
"3146","VIC","2009-03-18",43,"Safe"
"3147","VIC","2009-03-19",56,"Safe"
"3148","VIC","2009-03-20",52,"Safe"
"3149","VIC","2009-03-21",59,"Safe"
"3150","VIC","2009-03-22",50,"Safe"
"3151","VIC","2009-03-23",39,"Safe"
"3152","VIC","2009-03-24",39,"Safe"
"3153","VIC","2009-03-25",43,"Safe"
"3154","VIC","2009-03-26",70,"MinorHazard"
"3155","VIC","2009-03-27",37,"Safe"
"3156","VIC","2009-03-28",31,"Safe"
"3157","VIC","2009-03-29",44,"Safe"
"3158","VIC","2009-03-30",50,"Safe"
"3159","VIC","2009-03-31",52,"Safe"
"3160","VIC","2009-04-01",50,"Safe"
"3161","VIC","2009-04-02",50,"Safe"
"3162","VIC","2009-04-03",76,"MinorHazard"
"3163","VIC","2009-04-04",44,"Safe"
"3164","VIC","2009-04-05",65,"MinorHazard"
"3165","VIC","2009-04-06",52,"Safe"
"3166","VIC","2009-04-07",46,"Safe"
"3167","VIC","2009-04-08",33,"Safe"
"3168","VIC","2009-04-09",39,"Safe"
"3169","VIC","2009-04-10",37,"Safe"
"3170","VIC","2009-04-11",30,"Safe"
"3171","VIC","2009-04-12",44,"Safe"
"3172","VIC","2009-04-13",35,"Safe"
"3173","VIC","2009-04-14",57,"Safe"
"3174","VIC","2009-04-15",104,"Damaging"
"3175","VIC","2009-04-16",59,"Safe"
"3176","VIC","2009-04-17",41,"Safe"
"3177","VIC","2009-04-18",37,"Safe"
"3178","VIC","2009-04-19",48,"Safe"
"3179","VIC","2009-04-20",39,"Safe"
"3180","VIC","2009-04-21",41,"Safe"
"3181","VIC","2009-04-22",41,"Safe"
"3182","VIC","2009-04-23",72,"MinorHazard"
"3183","VIC","2009-04-24",76,"MinorHazard"
"3184","VIC","2009-04-25",91,"Damaging"
"3185","VIC","2009-04-26",94,"Damaging"
"3186","VIC","2009-04-27",56,"Safe"
"3187","VIC","2009-04-28",48,"Safe"
"3188","VIC","2009-04-29",24,"Safe"
"3189","VIC","2009-04-30",46,"Safe"
"3190","VIC","2009-05-02",33,"Safe"
"3191","VIC","2009-05-03",30,"Safe"
"3192","VIC","2009-05-04",41,"Safe"
"3193","VIC","2009-05-05",30,"Safe"
"3194","VIC","2009-05-06",33,"Safe"
"3195","VIC","2009-05-07",48,"Safe"
"3196","VIC","2009-05-08",37,"Safe"
"3197","VIC","2009-05-09",50,"Safe"
"3198","VIC","2009-05-10",46,"Safe"
"3199","VIC","2009-05-11",26,"Safe"
"3200","VIC","2009-05-12",28,"Safe"
"3201","VIC","2009-05-13",63,"MinorHazard"
"3202","VIC","2009-05-14",70,"MinorHazard"
"3203","VIC","2009-05-15",72,"MinorHazard"
"3204","VIC","2009-05-16",81,"MinorHazard"
"3205","VIC","2009-05-17",57,"Safe"
"3206","VIC","2009-05-18",31,"Safe"
"3207","VIC","2009-05-19",46,"Safe"
"3208","VIC","2009-05-20",37,"Safe"
"3209","VIC","2009-05-21",39,"Safe"
"3210","VIC","2009-05-22",54,"Safe"
"3211","VIC","2009-05-23",63,"MinorHazard"
"3212","VIC","2009-05-24",63,"MinorHazard"
"3213","VIC","2009-05-25",76,"MinorHazard"
"3214","VIC","2009-05-26",35,"Safe"
"3215","VIC","2009-05-27",33,"Safe"
"3216","VIC","2009-05-28",41,"Safe"
"3217","VIC","2009-05-29",54,"Safe"
"3218","VIC","2009-05-30",50,"Safe"
"3219","VIC","2009-05-31",43,"Safe"
"3220","VIC","2009-06-01",35,"Safe"
"3221","VIC","2009-06-02",41,"Safe"
"3222","VIC","2009-06-03",41,"Safe"
"3223","VIC","2009-06-04",41,"Safe"
"3224","VIC","2009-06-05",26,"Safe"
"3225","VIC","2009-06-06",41,"Safe"
"3226","VIC","2009-06-07",41,"Safe"
"3227","VIC","2009-06-08",57,"Safe"
"3228","VIC","2009-06-09",72,"MinorHazard"
"3229","VIC","2009-06-10",57,"Safe"
"3230","VIC","2009-06-11",46,"Safe"
"3231","VIC","2009-06-12",61,"Safe"
"3232","VIC","2009-06-13",80,"MinorHazard"
"3233","VIC","2009-06-14",52,"Safe"
"3234","VIC","2009-06-15",37,"Safe"
"3235","VIC","2009-06-16",35,"Safe"
"3236","VIC","2009-06-17",20,"Safe"
"3237","VIC","2009-06-18",31,"Safe"
"3238","VIC","2009-06-19",44,"Safe"
"3239","VIC","2009-06-20",63,"MinorHazard"
"3240","VIC","2009-06-21",41,"Safe"
"3241","VIC","2009-06-22",63,"MinorHazard"
"3242","VIC","2009-06-23",59,"Safe"
"3243","VIC","2009-06-24",37,"Safe"
"3244","VIC","2009-06-25",39,"Safe"
"3245","VIC","2009-06-26",48,"Safe"
"3246","VIC","2009-06-27",20,"Safe"
"3247","VIC","2009-06-28",61,"Safe"
"3248","VIC","2009-06-29",59,"Safe"
"3249","VIC","2009-06-30",94,"Damaging"
"3250","VIC","2009-07-01",98,"Damaging"
"3251","VIC","2009-07-02",83,"MinorHazard"
"3252","VIC","2009-07-03",61,"Safe"
"3253","VIC","2009-07-04",59,"Safe"
"3254","VIC","2009-07-05",48,"Safe"
"3255","VIC","2009-07-06",50,"Safe"
"3256","VIC","2009-07-07",46,"Safe"
"3257","VIC","2009-07-08",46,"Safe"
"3258","VIC","2009-07-09",50,"Safe"
"3259","VIC","2009-07-10",65,"MinorHazard"
"3260","VIC","2009-07-11",94,"Damaging"
"3261","VIC","2009-07-12",63,"MinorHazard"
"3262","VIC","2009-07-13",56,"Safe"
"3263","VIC","2009-07-14",37,"Safe"
"3264","VIC","2009-07-15",30,"Safe"
"3265","VIC","2009-07-16",41,"Safe"
"3266","VIC","2009-07-17",43,"Safe"
"3267","VIC","2009-07-18",63,"MinorHazard"
"3268","VIC","2009-07-19",63,"MinorHazard"
"3269","VIC","2009-07-20",83,"MinorHazard"
"3270","VIC","2009-07-21",78,"MinorHazard"
"3271","VIC","2009-07-22",65,"MinorHazard"
"3272","VIC","2009-07-23",41,"Safe"
"3273","VIC","2009-07-24",59,"Safe"
"3274","VIC","2009-07-25",65,"MinorHazard"
"3275","VIC","2009-07-26",56,"Safe"
"3276","VIC","2009-07-27",61,"Safe"
"3277","VIC","2009-07-28",57,"Safe"
"3278","VIC","2009-07-29",52,"Safe"
"3279","VIC","2009-07-30",52,"Safe"
"3280","VIC","2009-07-31",59,"Safe"
"3281","VIC","2009-08-01",61,"Safe"
"3282","VIC","2009-08-02",96,"Damaging"
"3283","VIC","2009-08-03",100,"Damaging"
"3284","VIC","2009-08-04",56,"Safe"
"3285","VIC","2009-08-05",50,"Safe"
"3286","VIC","2009-08-06",80,"MinorHazard"
"3287","VIC","2009-08-07",87,"MinorHazard"
"3288","VIC","2009-08-08",44,"Safe"
"3289","VIC","2009-08-09",61,"Safe"
"3290","VIC","2009-08-10",44,"Safe"
"3291","VIC","2009-08-11",48,"Safe"
"3292","VIC","2009-08-12",50,"Safe"
"3293","VIC","2009-08-13",50,"Safe"
"3294","VIC","2009-08-14",61,"Safe"
"3295","VIC","2009-08-15",89,"MinorHazard"
"3296","VIC","2009-08-16",98,"Damaging"
"3297","VIC","2009-08-17",80,"MinorHazard"
"3298","VIC","2009-08-18",46,"Safe"
"3299","VIC","2009-08-19",69,"MinorHazard"
"3300","VIC","2009-08-20",70,"MinorHazard"
"3301","VIC","2009-08-21",96,"Damaging"
"3302","VIC","2009-08-22",63,"MinorHazard"
"3303","VIC","2009-08-23",69,"MinorHazard"
"3304","VIC","2009-08-24",78,"MinorHazard"
"3305","VIC","2009-08-25",104,"Damaging"
"3306","VIC","2009-08-26",85,"MinorHazard"
"3307","VIC","2009-08-27",65,"MinorHazard"
"3308","VIC","2009-08-28",56,"Safe"
"3309","VIC","2009-08-29",72,"MinorHazard"
"3310","VIC","2009-08-30",74,"MinorHazard"
"3311","VIC","2009-08-31",78,"MinorHazard"
"3312","VIC","2009-09-01",56,"Safe"
"3313","VIC","2009-09-02",69,"MinorHazard"
"3314","VIC","2009-09-03",72,"MinorHazard"
"3315","VIC","2009-09-04",72,"MinorHazard"
"3316","VIC","2009-09-05",57,"Safe"
"3317","VIC","2009-09-06",67,"MinorHazard"
"3318","VIC","2009-09-07",50,"Safe"
"3319","VIC","2009-09-08",57,"Safe"
"3320","VIC","2009-09-09",50,"Safe"
"3321","VIC","2009-09-10",54,"Safe"
"3322","VIC","2009-09-11",100,"Damaging"
"3323","VIC","2009-09-12",83,"MinorHazard"
"3324","VIC","2009-09-13",78,"MinorHazard"
"3325","VIC","2009-09-14",56,"Safe"
"3326","VIC","2009-09-15",50,"Safe"
"3327","VIC","2009-09-16",52,"Safe"
"3328","VIC","2009-09-17",59,"Safe"
"3329","VIC","2009-09-18",56,"Safe"
"3330","VIC","2009-09-19",69,"MinorHazard"
"3331","VIC","2009-09-20",57,"Safe"
"3332","VIC","2009-09-21",72,"MinorHazard"
"3333","VIC","2009-09-22",70,"MinorHazard"
"3334","VIC","2009-09-23",76,"MinorHazard"
"3335","VIC","2009-09-26",80,"MinorHazard"
"3336","VIC","2009-09-27",104,"Damaging"
"3337","VIC","2009-09-28",54,"Safe"
"3338","VIC","2009-09-29",56,"Safe"
"3339","VIC","2009-09-30",89,"MinorHazard"
"3340","VIC","2009-10-01",43,"Safe"
"3341","VIC","2009-10-02",50,"Safe"
"3342","VIC","2009-10-03",56,"Safe"
"3343","VIC","2009-10-04",35,"Safe"
"3344","VIC","2009-10-05",44,"Safe"
"3345","VIC","2009-10-06",59,"Safe"
"3346","VIC","2009-10-07",54,"Safe"
"3347","VIC","2009-10-08",44,"Safe"
"3348","VIC","2009-10-09",52,"Safe"
"3349","VIC","2009-10-10",50,"Safe"
"3350","VIC","2009-10-11",54,"Safe"
"3351","VIC","2009-10-12",80,"MinorHazard"
"3352","VIC","2009-10-13",74,"MinorHazard"
"3353","VIC","2009-10-14",76,"MinorHazard"
"3354","VIC","2009-10-15",81,"MinorHazard"
"3355","VIC","2009-10-16",50,"Safe"
"3356","VIC","2009-10-17",43,"Safe"
"3357","VIC","2009-10-18",35,"Safe"
"3358","VIC","2009-10-19",39,"Safe"
"3359","VIC","2009-10-20",74,"MinorHazard"
"3360","VIC","2009-10-21",43,"Safe"
"3361","VIC","2009-10-22",54,"Safe"
"3362","VIC","2009-10-23",43,"Safe"
"3363","VIC","2009-10-24",39,"Safe"
"3364","VIC","2009-10-25",65,"MinorHazard"
"3365","VIC","2009-10-26",57,"Safe"
"3366","VIC","2009-10-27",46,"Safe"
"3367","VIC","2009-10-28",39,"Safe"
"3368","VIC","2009-10-29",46,"Safe"
"3369","VIC","2009-10-30",65,"MinorHazard"
"3370","VIC","2009-10-31",54,"Safe"
"3371","VIC","2009-11-01",44,"Safe"
"3372","VIC","2009-11-02",67,"MinorHazard"
"3373","VIC","2009-11-03",87,"MinorHazard"
"3374","VIC","2009-11-04",56,"Safe"
"3375","VIC","2009-11-05",46,"Safe"
"3376","VIC","2009-11-06",48,"Safe"
"3377","VIC","2009-11-07",56,"Safe"
"3378","VIC","2009-11-08",54,"Safe"
"3379","VIC","2009-11-09",41,"Safe"
"3380","VIC","2009-11-10",43,"Safe"
"3381","VIC","2009-11-11",39,"Safe"
"3382","VIC","2009-11-12",50,"Safe"
"3383","VIC","2009-11-13",41,"Safe"
"3384","VIC","2009-11-14",52,"Safe"
"3385","VIC","2009-11-15",41,"Safe"
"3386","VIC","2009-11-16",74,"MinorHazard"
"3387","VIC","2009-11-17",50,"Safe"
"3388","VIC","2009-11-18",56,"Safe"
"3389","VIC","2009-11-19",87,"MinorHazard"
"3390","VIC","2009-11-20",98,"Damaging"
"3391","VIC","2009-11-21",39,"Safe"
"3392","VIC","2009-11-22",87,"MinorHazard"
"3393","VIC","2009-11-23",48,"Safe"
"3394","VIC","2009-11-24",43,"Safe"
"3395","VIC","2009-11-25",46,"Safe"
"3396","VIC","2009-11-26",67,"MinorHazard"
"3397","VIC","2009-11-27",102,"Damaging"
"3398","VIC","2009-11-28",65,"MinorHazard"
"3399","VIC","2009-11-29",63,"MinorHazard"
"3400","VIC","2009-11-30",52,"Safe"
"3401","VIC","2009-12-01",61,"Safe"
"3402","VIC","2009-12-02",46,"Safe"
"3403","VIC","2009-12-03",74,"MinorHazard"
"3404","VIC","2009-12-04",48,"Safe"
"3405","VIC","2009-12-05",52,"Safe"
"3406","VIC","2009-12-06",39,"Safe"
"3407","VIC","2009-12-07",43,"Safe"
"3408","VIC","2009-12-08",54,"Safe"
"3409","VIC","2009-12-09",61,"Safe"
"3410","VIC","2009-12-10",69,"MinorHazard"
"3411","VIC","2009-12-11",63,"MinorHazard"
"3412","VIC","2009-12-12",59,"Safe"
"3413","VIC","2009-12-13",57,"Safe"
"3414","VIC","2009-12-14",39,"Safe"
"3415","VIC","2009-12-15",50,"Safe"
"3416","VIC","2009-12-16",78,"MinorHazard"
"3417","VIC","2009-12-17",63,"MinorHazard"
"3418","VIC","2009-12-18",63,"MinorHazard"
"3419","VIC","2009-12-19",59,"Safe"
"3420","VIC","2009-12-20",35,"Safe"
"3421","VIC","2009-12-21",43,"Safe"
"3422","VIC","2009-12-22",43,"Safe"
"3423","VIC","2009-12-23",81,"MinorHazard"
"3424","VIC","2009-12-24",94,"Damaging"
"3425","VIC","2009-12-25",54,"Safe"
"3426","VIC","2009-12-26",48,"Safe"
"3427","VIC","2009-12-27",46,"Safe"
"3428","VIC","2009-12-28",43,"Safe"
"3429","VIC","2009-12-29",50,"Safe"
"3430","VIC","2009-12-30",54,"Safe"
"3431","VIC","2009-12-31",96,"Damaging"
"3432","VIC","2010-01-01",74,"MinorHazard"
"3433","VIC","2010-01-02",63,"MinorHazard"
"3434","VIC","2010-01-03",46,"Safe"
"3435","VIC","2010-01-04",39,"Safe"
"3436","VIC","2010-01-05",48,"Safe"
"3437","VIC","2010-01-06",39,"Safe"
"3438","VIC","2010-01-07",41,"Safe"
"3439","VIC","2010-01-08",57,"Safe"
"3440","VIC","2010-01-09",56,"Safe"
"3441","VIC","2010-01-10",48,"Safe"
"3442","VIC","2010-01-11",61,"Safe"
"3443","VIC","2010-01-12",69,"MinorHazard"
"3444","VIC","2010-01-13",48,"Safe"
"3445","VIC","2010-01-14",46,"Safe"
"3446","VIC","2010-01-15",46,"Safe"
"3447","VIC","2010-01-16",57,"Safe"
"3448","VIC","2010-01-17",69,"MinorHazard"
"3449","VIC","2010-01-18",69,"MinorHazard"
"3450","VIC","2010-01-19",69,"MinorHazard"
"3451","VIC","2010-01-20",57,"Safe"
"3452","VIC","2010-01-21",41,"Safe"
"3453","VIC","2010-01-22",81,"MinorHazard"
"3454","VIC","2010-01-23",85,"MinorHazard"
"3455","VIC","2010-01-24",46,"Safe"
"3456","VIC","2010-01-25",44,"Safe"
"3457","VIC","2010-01-26",48,"Safe"
"3458","VIC","2010-01-27",50,"Safe"
"3459","VIC","2010-01-28",46,"Safe"
"3460","VIC","2010-01-29",50,"Safe"
"3461","VIC","2010-01-30",57,"Safe"
"3462","VIC","2010-01-31",81,"MinorHazard"
"3463","VIC","2010-02-01",61,"Safe"
"3464","VIC","2010-02-02",59,"Safe"
"3465","VIC","2010-02-03",72,"MinorHazard"
"3466","VIC","2010-02-04",63,"MinorHazard"
"3467","VIC","2010-02-05",54,"Safe"
"3468","VIC","2010-02-06",61,"Safe"
"3469","VIC","2010-02-07",46,"Safe"
"3470","VIC","2010-02-08",44,"Safe"
"3471","VIC","2010-02-09",54,"Safe"
"3472","VIC","2010-02-10",78,"MinorHazard"
"3473","VIC","2010-02-11",72,"MinorHazard"
"3474","VIC","2010-02-12",43,"Safe"
"3475","VIC","2010-02-13",41,"Safe"
"3476","VIC","2010-02-14",56,"Safe"
"3477","VIC","2010-02-15",57,"Safe"
"3478","VIC","2010-02-16",56,"Safe"
"3479","VIC","2010-02-17",43,"Safe"
"3480","VIC","2010-02-18",52,"Safe"
"3481","VIC","2010-02-19",74,"MinorHazard"
"3482","VIC","2010-02-20",74,"MinorHazard"
"3483","VIC","2010-02-21",57,"Safe"
"3484","VIC","2010-02-22",74,"MinorHazard"
"3485","VIC","2010-02-23",57,"Safe"
"3486","VIC","2010-02-24",48,"Safe"
"3487","VIC","2010-02-25",50,"Safe"
"3488","VIC","2010-02-26",59,"Safe"
"3489","VIC","2010-02-27",52,"Safe"
"3490","VIC","2010-02-28",59,"Safe"
"3491","VIC","2010-03-01",69,"MinorHazard"
"3492","VIC","2010-03-02",54,"Safe"
"3493","VIC","2010-03-03",52,"Safe"
"3494","VIC","2010-03-04",48,"Safe"
"3495","VIC","2010-03-05",48,"Safe"
"3496","VIC","2010-03-06",102,"Damaging"
"3497","VIC","2010-03-07",70,"MinorHazard"
"3498","VIC","2010-03-08",67,"MinorHazard"
"3499","VIC","2010-03-09",81,"MinorHazard"
"3500","VIC","2010-03-10",46,"Safe"
"3501","VIC","2010-03-11",48,"Safe"
"3502","VIC","2010-03-12",44,"Safe"
"3503","VIC","2010-03-13",43,"Safe"
"3504","VIC","2010-03-14",41,"Safe"
"3505","VIC","2010-03-15",43,"Safe"
"3506","VIC","2010-03-16",43,"Safe"
"3507","VIC","2010-03-17",56,"Safe"
"3508","VIC","2010-03-18",41,"Safe"
"3509","VIC","2010-03-19",50,"Safe"
"3510","VIC","2010-03-20",46,"Safe"
"3511","VIC","2010-03-21",78,"MinorHazard"
"3512","VIC","2010-03-22",41,"Safe"
"3513","VIC","2010-03-23",57,"Safe"
"3514","VIC","2010-03-24",37,"Safe"
"3515","VIC","2010-03-25",46,"Safe"
"3516","VIC","2010-03-26",52,"Safe"
"3517","VIC","2010-03-27",39,"Safe"
"3518","VIC","2010-03-28",61,"Safe"
"3519","VIC","2010-03-29",44,"Safe"
"3520","VIC","2010-03-30",46,"Safe"
"3521","VIC","2010-03-31",41,"Safe"
"3522","VIC","2010-04-01",35,"Safe"
"3523","VIC","2010-04-02",44,"Safe"
"3524","VIC","2010-04-03",44,"Safe"
"3525","VIC","2010-04-04",48,"Safe"
"3526","VIC","2010-04-05",50,"Safe"
"3527","VIC","2010-04-06",48,"Safe"
"3528","VIC","2010-04-07",50,"Safe"
"3529","VIC","2010-04-08",54,"Safe"
"3530","VIC","2010-04-09",35,"Safe"
"3531","VIC","2010-04-10",57,"Safe"
"3532","VIC","2010-04-11",91,"Damaging"
"3533","VIC","2010-04-12",76,"MinorHazard"
"3534","VIC","2010-04-13",44,"Safe"
"3535","VIC","2010-04-14",46,"Safe"
"3536","VIC","2010-04-15",41,"Safe"
"3537","VIC","2010-04-16",44,"Safe"
"3538","VIC","2010-04-17",44,"Safe"
"3539","VIC","2010-04-18",50,"Safe"
"3540","VIC","2010-04-19",46,"Safe"
"3541","VIC","2010-04-20",57,"Safe"
"3542","VIC","2010-04-21",41,"Safe"
"3543","VIC","2010-04-22",52,"Safe"
"3544","VIC","2010-04-23",56,"Safe"
"3545","VIC","2010-04-24",67,"MinorHazard"
"3546","VIC","2010-04-25",56,"Safe"
"3547","VIC","2010-04-26",48,"Safe"
"3548","VIC","2010-04-27",52,"Safe"
"3549","VIC","2010-04-28",69,"MinorHazard"
"3550","VIC","2010-04-29",69,"MinorHazard"
"3551","VIC","2010-04-30",31,"Safe"
"3552","VIC","2010-05-01",56,"Safe"
"3553","VIC","2010-05-02",54,"Safe"
"3554","VIC","2010-05-03",70,"MinorHazard"
"3555","VIC","2010-05-04",80,"MinorHazard"
"3556","VIC","2010-05-05",63,"MinorHazard"
"3557","VIC","2010-05-06",50,"Safe"
"3558","VIC","2010-05-07",56,"Safe"
"3559","VIC","2010-05-08",39,"Safe"
"3560","VIC","2010-05-09",44,"Safe"
"3561","VIC","2010-05-10",61,"Safe"
"3562","VIC","2010-05-11",61,"Safe"
"3563","VIC","2010-05-12",41,"Safe"
"3564","VIC","2010-05-13",41,"Safe"
"3565","VIC","2010-05-14",35,"Safe"
"3566","VIC","2010-05-15",26,"Safe"
"3567","VIC","2010-05-16",26,"Safe"
"3568","VIC","2010-05-17",26,"Safe"
"3569","VIC","2010-05-18",26,"Safe"
"3570","VIC","2010-05-19",28,"Safe"
"3571","VIC","2010-05-20",52,"Safe"
"3572","VIC","2010-05-21",30,"Safe"
"3573","VIC","2010-05-22",30,"Safe"
"3574","VIC","2010-05-23",44,"Safe"
"3575","VIC","2010-05-24",50,"Safe"
"3576","VIC","2010-05-25",59,"Safe"
"3577","VIC","2010-05-26",52,"Safe"
"3578","VIC","2010-05-27",50,"Safe"
"3579","VIC","2010-05-28",57,"Safe"
"3580","VIC","2010-05-29",43,"Safe"
"3581","VIC","2010-05-30",72,"MinorHazard"
"3582","VIC","2010-05-31",74,"MinorHazard"
"3583","VIC","2010-06-01",33,"Safe"
"3584","VIC","2010-06-02",28,"Safe"
"3585","VIC","2010-06-03",39,"Safe"
"3586","VIC","2010-06-04",30,"Safe"
"3587","VIC","2010-06-05",44,"Safe"
"3588","VIC","2010-06-06",46,"Safe"
"3589","VIC","2010-06-07",26,"Safe"
"3590","VIC","2010-06-08",54,"Safe"
"3591","VIC","2010-06-09",63,"MinorHazard"
"3592","VIC","2010-06-10",52,"Safe"
"3593","VIC","2010-06-11",57,"Safe"
"3594","VIC","2010-06-12",37,"Safe"
"3595","VIC","2010-06-13",31,"Safe"
"3596","VIC","2010-06-14",46,"Safe"
"3597","VIC","2010-06-15",35,"Safe"
"3598","VIC","2010-06-16",67,"MinorHazard"
"3599","VIC","2010-06-17",93,"Damaging"
"3600","VIC","2010-06-18",72,"MinorHazard"
"3601","VIC","2010-06-19",56,"Safe"
"3602","VIC","2010-06-20",41,"Safe"
"3603","VIC","2010-06-21",28,"Safe"
"3604","VIC","2010-06-22",46,"Safe"
"3605","VIC","2010-06-23",41,"Safe"
"3606","VIC","2010-06-24",65,"MinorHazard"
"3607","VIC","2010-06-25",65,"MinorHazard"
"3608","VIC","2010-06-26",41,"Safe"
"3609","VIC","2010-06-27",33,"Safe"
"3610","VIC","2010-06-28",78,"MinorHazard"
"3611","VIC","2010-06-29",76,"MinorHazard"
"3612","VIC","2010-06-30",59,"Safe"
"3613","VIC","2010-07-01",44,"Safe"
"3614","VIC","2010-07-02",37,"Safe"
"3615","VIC","2010-07-03",41,"Safe"
"3616","VIC","2010-07-04",28,"Safe"
"3617","VIC","2010-07-05",24,"Safe"
"3618","VIC","2010-07-06",35,"Safe"
"3619","VIC","2010-07-07",30,"Safe"
"3620","VIC","2010-07-08",24,"Safe"
"3621","VIC","2010-07-09",43,"Safe"
"3622","VIC","2010-07-10",80,"MinorHazard"
"3623","VIC","2010-07-11",56,"Safe"
"3624","VIC","2010-07-12",50,"Safe"
"3625","VIC","2010-07-13",67,"MinorHazard"
"3626","VIC","2010-07-14",69,"MinorHazard"
"3627","VIC","2010-07-15",50,"Safe"
"3628","VIC","2010-07-16",43,"Safe"
"3629","VIC","2010-07-17",46,"Safe"
"3630","VIC","2010-07-18",65,"MinorHazard"
"3631","VIC","2010-07-19",35,"Safe"
"3632","VIC","2010-07-20",37,"Safe"
"3633","VIC","2010-07-21",30,"Safe"
"3634","VIC","2010-07-22",33,"Safe"
"3635","VIC","2010-07-23",33,"Safe"
"3636","VIC","2010-07-24",33,"Safe"
"3637","VIC","2010-07-25",31,"Safe"
"3638","VIC","2010-07-26",39,"Safe"
"3639","VIC","2010-07-27",31,"Safe"
"3640","VIC","2010-07-28",33,"Safe"
"3641","VIC","2010-07-29",52,"Safe"
"3642","VIC","2010-07-30",59,"Safe"
"3643","VIC","2010-07-31",65,"MinorHazard"
"3644","VIC","2010-08-01",74,"MinorHazard"
"3645","VIC","2010-08-02",74,"MinorHazard"
"3646","VIC","2010-08-03",39,"Safe"
"3647","VIC","2010-08-04",46,"Safe"
"3648","VIC","2010-08-05",59,"Safe"
"3649","VIC","2010-08-06",35,"Safe"
"3650","VIC","2010-08-07",41,"Safe"
"3651","VIC","2010-08-08",57,"Safe"
"3652","VIC","2010-08-09",41,"Safe"
"3653","VIC","2010-08-10",63,"MinorHazard"
"3654","VIC","2010-08-11",78,"MinorHazard"
"3655","VIC","2010-08-12",72,"MinorHazard"
"3656","VIC","2010-08-13",41,"Safe"
"3657","VIC","2010-08-14",89,"MinorHazard"
"3658","VIC","2010-08-15",63,"MinorHazard"
"3659","VIC","2010-08-16",78,"MinorHazard"
"3660","VIC","2010-08-17",44,"Safe"
"3661","VIC","2010-08-18",85,"MinorHazard"
"3662","VIC","2010-08-19",76,"MinorHazard"
"3663","VIC","2010-08-20",81,"MinorHazard"
"3664","VIC","2010-08-21",67,"MinorHazard"
"3665","VIC","2010-08-22",52,"Safe"
"3666","VIC","2010-08-23",59,"Safe"
"3667","VIC","2010-08-24",85,"MinorHazard"
"3668","VIC","2010-08-25",72,"MinorHazard"
"3669","VIC","2010-08-26",65,"MinorHazard"
"3670","VIC","2010-08-27",59,"Safe"
"3671","VIC","2010-08-28",35,"Safe"
"3672","VIC","2010-08-29",30,"Safe"
"3673","VIC","2010-08-30",54,"Safe"
"3674","VIC","2010-08-31",76,"MinorHazard"
"3675","VIC","2010-09-01",54,"Safe"
"3676","VIC","2010-09-02",50,"Safe"
"3677","VIC","2010-09-03",54,"Safe"
"3678","VIC","2010-09-04",91,"Damaging"
"3679","VIC","2010-09-05",91,"Damaging"
"3680","VIC","2010-09-06",56,"Safe"
"3681","VIC","2010-09-07",57,"Safe"
"3682","VIC","2010-09-08",70,"MinorHazard"
"3683","VIC","2010-09-09",72,"MinorHazard"
"3684","VIC","2010-09-10",63,"MinorHazard"
"3685","VIC","2010-09-11",52,"Safe"
"3686","VIC","2010-09-12",61,"Safe"
"3687","VIC","2010-09-13",50,"Safe"
"3688","VIC","2010-09-14",50,"Safe"
"3689","VIC","2010-09-15",74,"MinorHazard"
"3690","VIC","2010-09-16",83,"MinorHazard"
"3691","VIC","2010-09-17",69,"MinorHazard"
"3692","VIC","2010-09-18",63,"MinorHazard"
"3693","VIC","2010-09-19",48,"Safe"
"3694","VIC","2010-09-20",56,"Safe"
"3695","VIC","2010-09-21",44,"Safe"
"3696","VIC","2010-09-22",46,"Safe"
"3697","VIC","2010-09-23",48,"Safe"
"3698","VIC","2010-09-24",50,"Safe"
"3699","VIC","2010-09-25",56,"Safe"
"3700","VIC","2010-09-26",46,"Safe"
"3701","VIC","2010-09-27",74,"MinorHazard"
"3702","VIC","2010-09-28",70,"MinorHazard"
"3703","VIC","2010-09-29",56,"Safe"
"3704","VIC","2010-09-30",43,"Safe"
"3705","VIC","2010-10-01",33,"Safe"
"3706","VIC","2010-10-02",39,"Safe"
"3707","VIC","2010-10-03",52,"Safe"
"3708","VIC","2010-10-04",65,"MinorHazard"
"3709","VIC","2010-10-05",35,"Safe"
"3710","VIC","2010-10-06",76,"MinorHazard"
"3711","VIC","2010-10-07",67,"MinorHazard"
"3712","VIC","2010-10-08",52,"Safe"
"3713","VIC","2010-10-09",35,"Safe"
"3714","VIC","2010-10-10",56,"Safe"
"3715","VIC","2010-10-11",63,"MinorHazard"
"3716","VIC","2010-10-12",72,"MinorHazard"
"3717","VIC","2010-10-13",31,"Safe"
"3718","VIC","2010-10-14",57,"Safe"
"3719","VIC","2010-10-15",72,"MinorHazard"
"3720","VIC","2010-10-16",76,"MinorHazard"
"3721","VIC","2010-10-17",72,"MinorHazard"
"3722","VIC","2010-10-18",70,"MinorHazard"
"3723","VIC","2010-10-19",31,"Safe"
"3724","VIC","2010-10-20",30,"Safe"
"3725","VIC","2010-10-21",37,"Safe"
"3726","VIC","2010-10-22",70,"MinorHazard"
"3727","VIC","2010-10-23",56,"Safe"
"3728","VIC","2010-10-24",39,"Safe"
"3729","VIC","2010-10-25",43,"Safe"
"3730","VIC","2010-10-26",56,"Safe"
"3731","VIC","2010-10-27",44,"Safe"
"3732","VIC","2010-10-28",46,"Safe"
"3733","VIC","2010-10-29",61,"Safe"
"3734","VIC","2010-10-30",50,"Safe"
"3735","VIC","2010-10-31",59,"Safe"
"3736","VIC","2010-11-01",44,"Safe"
"3737","VIC","2010-11-02",52,"Safe"
"3738","VIC","2010-11-03",43,"Safe"
"3739","VIC","2010-11-04",48,"Safe"
"3740","VIC","2010-11-05",50,"Safe"
"3741","VIC","2010-11-06",54,"Safe"
"3742","VIC","2010-11-07",74,"MinorHazard"
"3743","VIC","2010-11-08",56,"Safe"
"3744","VIC","2010-11-09",44,"Safe"
"3745","VIC","2010-11-10",52,"Safe"
"3746","VIC","2010-11-11",48,"Safe"
"3747","VIC","2010-11-12",72,"MinorHazard"
"3748","VIC","2010-11-13",59,"Safe"
"3749","VIC","2010-11-14",39,"Safe"
"3750","VIC","2010-11-15",43,"Safe"
"3751","VIC","2010-11-16",39,"Safe"
"3752","VIC","2010-11-17",57,"Safe"
"3753","VIC","2010-11-18",57,"Safe"
"3754","VIC","2010-11-19",46,"Safe"
"3755","VIC","2010-11-20",50,"Safe"
"3756","VIC","2010-11-21",39,"Safe"
"3757","VIC","2010-11-22",54,"Safe"
"3758","VIC","2010-11-23",63,"MinorHazard"
"3759","VIC","2010-11-24",67,"MinorHazard"
"3760","VIC","2010-11-25",37,"Safe"
"3761","VIC","2010-11-26",67,"MinorHazard"
"3762","VIC","2010-11-27",57,"Safe"
"3763","VIC","2010-11-28",56,"Safe"
"3764","VIC","2010-11-29",57,"Safe"
"3765","VIC","2010-11-30",57,"Safe"
"3766","VIC","2010-12-01",52,"Safe"
"3767","VIC","2010-12-02",65,"MinorHazard"
"3768","VIC","2010-12-03",69,"MinorHazard"
"3769","VIC","2010-12-04",65,"MinorHazard"
"3770","VIC","2010-12-05",52,"Safe"
"3771","VIC","2010-12-06",61,"Safe"
"3772","VIC","2010-12-07",67,"MinorHazard"
"3773","VIC","2010-12-08",69,"MinorHazard"
"3774","VIC","2010-12-09",57,"Safe"
"3775","VIC","2010-12-10",72,"MinorHazard"
"3776","VIC","2010-12-11",74,"MinorHazard"
"3777","VIC","2010-12-12",69,"MinorHazard"
"3778","VIC","2010-12-13",44,"Safe"
"3779","VIC","2010-12-14",41,"Safe"
"3780","VIC","2010-12-15",74,"MinorHazard"
"3781","VIC","2010-12-16",57,"Safe"
"3782","VIC","2010-12-17",72,"MinorHazard"
"3783","VIC","2010-12-18",56,"Safe"
"3784","VIC","2010-12-19",74,"MinorHazard"
"3785","VIC","2010-12-20",67,"MinorHazard"
"3786","VIC","2010-12-21",57,"Safe"
"3787","VIC","2010-12-22",39,"Safe"
"3788","VIC","2010-12-23",50,"Safe"
"3789","VIC","2010-12-24",56,"Safe"
"3790","VIC","2010-12-25",43,"Safe"
"3791","VIC","2010-12-26",56,"Safe"
"3792","VIC","2010-12-28",41,"Safe"
"3793","VIC","2010-12-29",52,"Safe"
"3794","VIC","2010-12-30",39,"Safe"
"3795","VIC","2010-12-31",93,"Damaging"
"3796","VIC","2011-01-01",65,"MinorHazard"
"3797","VIC","2011-01-02",46,"Safe"
"3798","VIC","2011-01-03",50,"Safe"
"3799","VIC","2011-01-04",48,"Safe"
"3800","VIC","2011-01-05",44,"Safe"
"3801","VIC","2011-01-06",50,"Safe"
"3802","VIC","2011-01-07",74,"MinorHazard"
"3803","VIC","2011-01-08",63,"MinorHazard"
"3804","VIC","2011-01-09",61,"Safe"
"3805","VIC","2011-01-10",59,"Safe"
"3806","VIC","2011-01-11",43,"Safe"
"3807","VIC","2011-01-12",59,"Safe"
"3808","VIC","2011-01-13",78,"MinorHazard"
"3809","VIC","2011-01-15",39,"Safe"
"3810","VIC","2011-01-16",43,"Safe"
"3811","VIC","2011-01-17",57,"Safe"
"3812","VIC","2011-01-18",37,"Safe"
"3813","VIC","2011-01-19",41,"Safe"
"3814","VIC","2011-01-20",48,"Safe"
"3815","VIC","2011-01-21",56,"Safe"
"3816","VIC","2011-01-22",57,"Safe"
"3817","VIC","2011-01-23",35,"Safe"
"3818","VIC","2011-01-24",56,"Safe"
"3819","VIC","2011-01-26",54,"Safe"
"3820","VIC","2011-01-27",48,"Safe"
"3821","VIC","2011-01-28",43,"Safe"
"3822","VIC","2011-01-29",35,"Safe"
"3823","VIC","2011-01-30",61,"Safe"
"3824","VIC","2011-01-31",43,"Safe"
"3825","VIC","2011-02-01",76,"MinorHazard"
"3826","VIC","2011-02-02",54,"Safe"
"3827","VIC","2011-02-03",67,"MinorHazard"
"3828","VIC","2011-02-04",61,"Safe"
"3829","VIC","2011-02-05",54,"Safe"
"3830","VIC","2011-02-06",61,"Safe"
"3831","VIC","2011-02-08",46,"Safe"
"3832","VIC","2011-02-09",52,"Safe"
"3833","VIC","2011-02-10",56,"Safe"
"3834","VIC","2011-02-12",44,"Safe"
"3835","VIC","2011-02-13",46,"Safe"
"3836","VIC","2011-02-14",54,"Safe"
"3837","VIC","2011-02-15",48,"Safe"
"3838","VIC","2011-02-16",48,"Safe"
"3839","VIC","2011-02-17",37,"Safe"
"3840","VIC","2011-02-19",74,"MinorHazard"
"3841","VIC","2011-02-20",76,"MinorHazard"
"3842","VIC","2011-02-21",54,"Safe"
"3843","VIC","2011-02-22",50,"Safe"
"3844","VIC","2011-02-23",50,"Safe"
"3845","VIC","2011-02-24",41,"Safe"
"3846","VIC","2011-02-28",37,"Safe"
"3847","VIC","2011-03-01",65,"MinorHazard"
"3848","VIC","2011-03-02",43,"Safe"
"3849","VIC","2011-03-03",65,"MinorHazard"
"3850","VIC","2011-03-04",52,"Safe"
"3851","VIC","2011-03-05",57,"Safe"
"3852","VIC","2011-03-06",59,"Safe"
"3853","VIC","2011-03-07",80,"MinorHazard"
"3854","VIC","2011-03-08",69,"MinorHazard"
"3855","VIC","2011-03-09",43,"Safe"
"3856","VIC","2011-03-10",43,"Safe"
"3857","VIC","2011-03-11",41,"Safe"
"3858","VIC","2011-03-13",57,"Safe"
"3859","VIC","2011-03-14",48,"Safe"
"3860","VIC","2011-03-15",43,"Safe"
"3861","VIC","2011-03-16",50,"Safe"
"3862","VIC","2011-03-17",46,"Safe"
"3863","VIC","2011-03-18",52,"Safe"
"3864","VIC","2011-03-19",52,"Safe"
"3865","VIC","2011-03-20",46,"Safe"
"3866","VIC","2011-03-21",54,"Safe"
"3867","VIC","2011-03-22",70,"MinorHazard"
"3868","VIC","2011-03-23",52,"Safe"
"3869","VIC","2011-03-25",61,"Safe"
"3870","VIC","2011-03-26",44,"Safe"
"3871","VIC","2011-03-27",44,"Safe"
"3872","VIC","2011-03-28",31,"Safe"
"3873","VIC","2011-03-29",44,"Safe"
"3874","VIC","2011-03-30",67,"MinorHazard"
"3875","VIC","2011-03-31",48,"Safe"
"3876","VIC","2011-05-01",48,"Safe"
"3877","VIC","2011-05-02",48,"Safe"
"3878","VIC","2011-05-03",35,"Safe"
"3879","VIC","2011-05-04",57,"Safe"
"3880","VIC","2011-05-05",44,"Safe"
"3881","VIC","2011-05-06",46,"Safe"
"3882","VIC","2011-05-07",33,"Safe"
"3883","VIC","2011-05-08",48,"Safe"
"3884","VIC","2011-05-09",56,"Safe"
"3885","VIC","2011-05-10",48,"Safe"
"3886","VIC","2011-05-11",59,"Safe"
"3887","VIC","2011-05-12",48,"Safe"
"3888","VIC","2011-05-13",65,"MinorHazard"
"3889","VIC","2011-05-14",54,"Safe"
"3890","VIC","2011-05-15",48,"Safe"
"3891","VIC","2011-05-16",56,"Safe"
"3892","VIC","2011-05-17",28,"Safe"
"3893","VIC","2011-05-18",48,"Safe"
"3894","VIC","2011-05-19",52,"Safe"
"3895","VIC","2011-05-20",50,"Safe"
"3896","VIC","2011-05-21",63,"MinorHazard"
"3897","VIC","2011-05-22",67,"MinorHazard"
"3898","VIC","2011-05-23",57,"Safe"
"3899","VIC","2011-05-24",52,"Safe"
"3900","VIC","2011-05-25",41,"Safe"
"3901","VIC","2011-05-26",39,"Safe"
"3902","VIC","2011-05-27",46,"Safe"
"3903","VIC","2011-05-28",20,"Safe"
"3904","VIC","2011-05-29",20,"Safe"
"3905","VIC","2011-05-30",37,"Safe"
"3906","VIC","2011-05-31",43,"Safe"
"3907","VIC","2011-06-01",31,"Safe"
"3908","VIC","2011-06-02",50,"Safe"
"3909","VIC","2011-06-03",67,"MinorHazard"
"3910","VIC","2011-06-04",52,"Safe"
"3911","VIC","2011-06-05",67,"MinorHazard"
"3912","VIC","2011-06-06",46,"Safe"
"3913","VIC","2011-06-07",69,"MinorHazard"
"3914","VIC","2011-06-08",72,"MinorHazard"
"3915","VIC","2011-06-09",48,"Safe"
"3916","VIC","2011-06-10",43,"Safe"
"3917","VIC","2011-06-11",44,"Safe"
"3918","VIC","2011-06-12",35,"Safe"
"3919","VIC","2011-06-13",37,"Safe"
"3920","VIC","2011-06-14",44,"Safe"
"3921","VIC","2011-06-15",50,"Safe"
"3922","VIC","2011-06-16",48,"Safe"
"3923","VIC","2011-06-17",63,"MinorHazard"
"3924","VIC","2011-06-18",59,"Safe"
"3925","VIC","2011-06-19",57,"Safe"
"3926","VIC","2011-06-20",85,"MinorHazard"
"3927","VIC","2011-06-21",80,"MinorHazard"
"3928","VIC","2011-06-22",69,"MinorHazard"
"3929","VIC","2011-06-23",67,"MinorHazard"
"3930","VIC","2011-06-24",44,"Safe"
"3931","VIC","2011-06-25",61,"Safe"
"3932","VIC","2011-06-26",59,"Safe"
"3933","VIC","2011-06-27",43,"Safe"
"3934","VIC","2011-06-28",24,"Safe"
"3935","VIC","2011-06-29",39,"Safe"
"3936","VIC","2011-06-30",63,"MinorHazard"
"3937","VIC","2011-07-01",65,"MinorHazard"
"3938","VIC","2011-07-02",61,"Safe"
"3939","VIC","2011-07-03",72,"MinorHazard"
"3940","VIC","2011-07-04",80,"MinorHazard"
"3941","VIC","2011-07-05",98,"Damaging"
"3942","VIC","2011-07-06",59,"Safe"
"3943","VIC","2011-07-07",56,"Safe"
"3944","VIC","2011-07-08",87,"MinorHazard"
"3945","VIC","2011-07-09",81,"MinorHazard"
"3946","VIC","2011-07-10",85,"MinorHazard"
"3947","VIC","2011-07-11",59,"Safe"
"3948","VIC","2011-07-12",70,"MinorHazard"
"3949","VIC","2011-07-13",72,"MinorHazard"
"3950","VIC","2011-07-14",31,"Safe"
"3951","VIC","2011-07-15",31,"Safe"
"3952","VIC","2011-07-16",59,"Safe"
"3953","VIC","2011-07-17",57,"Safe"
"3954","VIC","2011-07-18",46,"Safe"
"3955","VIC","2011-07-19",48,"Safe"
"3956","VIC","2011-07-20",74,"MinorHazard"
"3957","VIC","2011-07-21",56,"Safe"
"3958","VIC","2011-07-22",48,"Safe"
"3959","VIC","2011-07-23",31,"Safe"
"3960","VIC","2011-07-24",46,"Safe"
"3961","VIC","2011-07-25",39,"Safe"
"3962","VIC","2011-07-26",50,"Safe"
"3963","VIC","2011-07-27",39,"Safe"
"3964","VIC","2011-07-28",61,"Safe"
"3965","VIC","2011-07-29",63,"MinorHazard"
"3966","VIC","2011-07-30",67,"MinorHazard"
"3967","VIC","2011-07-31",54,"Safe"
"3968","VIC","2011-08-01",65,"MinorHazard"
"3969","VIC","2011-08-02",65,"MinorHazard"
"3970","VIC","2011-08-03",72,"MinorHazard"
"3971","VIC","2011-08-04",61,"Safe"
"3972","VIC","2011-08-05",46,"Safe"
"3973","VIC","2011-08-06",48,"Safe"
"3974","VIC","2011-08-07",35,"Safe"
"3975","VIC","2011-08-08",48,"Safe"
"3976","VIC","2011-08-09",41,"Safe"
"3977","VIC","2011-08-10",63,"MinorHazard"
"3978","VIC","2011-08-11",54,"Safe"
"3979","VIC","2011-08-12",35,"Safe"
"3980","VIC","2011-08-13",26,"Safe"
"3981","VIC","2011-08-14",30,"Safe"
"3982","VIC","2011-08-15",78,"MinorHazard"
"3983","VIC","2011-08-16",59,"Safe"
"3984","VIC","2011-08-17",80,"MinorHazard"
"3985","VIC","2011-08-18",74,"MinorHazard"
"3986","VIC","2011-08-19",39,"Safe"
"3987","VIC","2011-08-20",35,"Safe"
"3988","VIC","2011-08-21",39,"Safe"
"3989","VIC","2011-08-22",35,"Safe"
"3990","VIC","2011-08-23",48,"Safe"
"3991","VIC","2011-08-24",46,"Safe"
"3992","VIC","2011-08-25",78,"MinorHazard"
"3993","VIC","2011-08-26",56,"Safe"
"3994","VIC","2011-08-27",43,"Safe"
"3995","VIC","2011-08-28",57,"Safe"
"3996","VIC","2011-08-29",54,"Safe"
"3997","VIC","2011-08-30",39,"Safe"
"3998","VIC","2011-08-31",43,"Safe"
"3999","VIC","2011-09-01",31,"Safe"
"4000","VIC","2011-09-02",54,"Safe"
"4001","VIC","2011-09-03",85,"MinorHazard"
"4002","VIC","2011-09-04",80,"MinorHazard"
"4003","VIC","2011-09-05",46,"Safe"
"4004","VIC","2011-09-06",78,"MinorHazard"
"4005","VIC","2011-09-07",46,"Safe"
"4006","VIC","2011-09-08",37,"Safe"
"4007","VIC","2011-09-09",67,"MinorHazard"
"4008","VIC","2011-09-10",61,"Safe"
"4009","VIC","2011-09-11",59,"Safe"
"4010","VIC","2011-09-12",48,"Safe"
"4011","VIC","2011-09-13",59,"Safe"
"4012","VIC","2011-09-14",67,"MinorHazard"
"4013","VIC","2011-09-15",43,"Safe"
"4014","VIC","2011-09-16",67,"MinorHazard"
"4015","VIC","2011-09-17",74,"MinorHazard"
"4016","VIC","2011-09-18",37,"Safe"
"4017","VIC","2011-09-19",115,"Damaging"
"4018","VIC","2011-09-20",65,"MinorHazard"
"4019","VIC","2011-09-21",74,"MinorHazard"
"4020","VIC","2011-09-22",81,"MinorHazard"
"4021","VIC","2011-09-23",93,"Damaging"
"4022","VIC","2011-09-24",54,"Safe"
"4023","VIC","2011-09-25",52,"Safe"
"4024","VIC","2011-09-26",61,"Safe"
"4025","VIC","2011-09-27",76,"MinorHazard"
"4026","VIC","2011-09-28",65,"MinorHazard"
"4027","VIC","2011-09-29",83,"MinorHazard"
"4028","VIC","2011-09-30",59,"Safe"
"4029","VIC","2011-10-01",65,"MinorHazard"
"4030","VIC","2011-10-02",50,"Safe"
"4031","VIC","2011-10-03",43,"Safe"
"4032","VIC","2011-10-04",37,"Safe"
"4033","VIC","2011-10-05",52,"Safe"
"4034","VIC","2011-10-06",50,"Safe"
"4035","VIC","2011-10-07",35,"Safe"
"4036","VIC","2011-10-08",41,"Safe"
"4037","VIC","2011-10-09",65,"MinorHazard"
"4038","VIC","2011-10-10",69,"MinorHazard"
"4039","VIC","2011-10-11",63,"MinorHazard"
"4040","VIC","2011-10-12",35,"Safe"
"4041","VIC","2011-10-13",37,"Safe"
"4042","VIC","2011-10-14",54,"Safe"
"4043","VIC","2011-10-15",69,"MinorHazard"
"4044","VIC","2011-10-16",80,"MinorHazard"
"4045","VIC","2011-10-17",37,"Safe"
"4046","VIC","2011-10-18",67,"MinorHazard"
"4047","VIC","2011-10-19",61,"Safe"
"4048","VIC","2011-10-20",70,"MinorHazard"
"4049","VIC","2011-10-21",30,"Safe"
"4050","VIC","2011-10-22",61,"Safe"
"4051","VIC","2011-10-23",46,"Safe"
"4052","VIC","2011-10-24",56,"Safe"
"4053","VIC","2011-10-25",57,"Safe"
"4054","VIC","2011-10-26",48,"Safe"
"4055","VIC","2011-10-28",80,"MinorHazard"
"4056","VIC","2011-10-29",50,"Safe"
"4057","VIC","2011-10-30",61,"Safe"
"4058","VIC","2011-10-31",46,"Safe"
"4059","VIC","2011-11-01",57,"Safe"
"4060","VIC","2011-11-02",48,"Safe"
"4061","VIC","2011-11-03",44,"Safe"
"4062","VIC","2011-11-04",33,"Safe"
"4063","VIC","2011-11-05",39,"Safe"
"4064","VIC","2011-11-06",63,"MinorHazard"
"4065","VIC","2011-11-07",50,"Safe"
"4066","VIC","2011-11-08",61,"Safe"
"4067","VIC","2011-11-09",78,"MinorHazard"
"4068","VIC","2011-11-10",59,"Safe"
"4069","VIC","2011-11-13",50,"Safe"
"4070","VIC","2011-11-14",69,"MinorHazard"
"4071","VIC","2011-11-15",65,"MinorHazard"
"4072","VIC","2011-11-16",48,"Safe"
"4073","VIC","2011-11-17",41,"Safe"
"4074","VIC","2011-11-18",93,"Damaging"
"4075","VIC","2011-11-19",59,"Safe"
"4076","VIC","2011-11-20",69,"MinorHazard"
"4077","VIC","2011-11-21",54,"Safe"
"4078","VIC","2011-11-22",52,"Safe"
"4079","VIC","2011-11-23",54,"Safe"
"4080","VIC","2011-11-24",54,"Safe"
"4081","VIC","2011-11-25",48,"Safe"
"4082","VIC","2011-11-26",50,"Safe"
"4083","VIC","2011-11-27",70,"MinorHazard"
"4084","VIC","2011-11-28",46,"Safe"
"4085","VIC","2011-11-29",85,"MinorHazard"
"4086","VIC","2011-11-30",76,"MinorHazard"
"4087","VIC","2011-12-01",50,"Safe"
"4088","VIC","2011-12-02",48,"Safe"
"4089","VIC","2011-12-03",50,"Safe"
"4090","VIC","2011-12-04",57,"Safe"
"4091","VIC","2011-12-05",65,"MinorHazard"
"4092","VIC","2011-12-06",50,"Safe"
"4093","VIC","2011-12-08",65,"MinorHazard"
"4094","VIC","2011-12-09",69,"MinorHazard"
"4095","VIC","2011-12-10",59,"Safe"
"4096","VIC","2011-12-11",46,"Safe"
"4097","VIC","2011-12-12",48,"Safe"
"4098","VIC","2011-12-13",50,"Safe"
"4099","VIC","2011-12-14",46,"Safe"
"4100","VIC","2011-12-15",52,"Safe"
"4101","VIC","2011-12-16",52,"Safe"
"4102","VIC","2011-12-17",74,"MinorHazard"
"4103","VIC","2011-12-18",78,"MinorHazard"
"4104","VIC","2011-12-19",46,"Safe"
"4105","VIC","2011-12-20",46,"Safe"
"4106","VIC","2011-12-21",48,"Safe"
"4107","VIC","2011-12-22",46,"Safe"
"4108","VIC","2011-12-23",41,"Safe"
"4109","VIC","2011-12-24",43,"Safe"
"4110","VIC","2011-12-25",100,"Damaging"
"4111","VIC","2011-12-26",52,"Safe"
"4112","VIC","2011-12-27",50,"Safe"
"4113","VIC","2011-12-30",52,"Safe"
"4114","VIC","2011-12-31",65,"MinorHazard"
"4115","VIC","2012-01-01",52,"Safe"
"4116","VIC","2012-01-02",69,"MinorHazard"
"4117","VIC","2012-01-03",52,"Safe"
"4118","VIC","2012-01-04",61,"Safe"
"4119","VIC","2012-01-05",50,"Safe"
"4120","VIC","2012-01-06",50,"Safe"
"4121","VIC","2012-01-07",70,"MinorHazard"
"4122","VIC","2012-01-08",72,"MinorHazard"
"4123","VIC","2012-01-09",61,"Safe"
"4124","VIC","2012-01-10",67,"MinorHazard"
"4125","VIC","2012-01-11",74,"MinorHazard"
"4126","VIC","2012-01-12",52,"Safe"
"4127","VIC","2012-01-13",50,"Safe"
"4128","VIC","2012-01-14",56,"Safe"
"4129","VIC","2012-01-15",50,"Safe"
"4130","VIC","2012-01-16",74,"MinorHazard"
"4131","VIC","2012-01-17",76,"MinorHazard"
"4132","VIC","2012-01-18",61,"Safe"
"4133","VIC","2012-01-19",50,"Safe"
"4134","VIC","2012-01-20",48,"Safe"
"4135","VIC","2012-01-21",61,"Safe"
"4136","VIC","2012-01-22",54,"Safe"
"4137","VIC","2012-01-23",56,"Safe"
"4138","VIC","2012-01-24",67,"MinorHazard"
"4139","VIC","2012-01-25",50,"Safe"
"4140","VIC","2012-01-27",65,"MinorHazard"
"4141","VIC","2012-01-28",48,"Safe"
"4142","VIC","2012-01-29",59,"Safe"
"4143","VIC","2012-01-30",74,"MinorHazard"
"4144","VIC","2012-01-31",59,"Safe"
"4145","VIC","2012-02-01",61,"Safe"
"4146","VIC","2012-02-02",52,"Safe"
"4147","VIC","2012-02-03",41,"Safe"
"4148","VIC","2012-02-04",50,"Safe"
"4149","VIC","2012-02-05",98,"Damaging"
"4150","VIC","2012-02-06",57,"Safe"
"4151","VIC","2012-02-07",44,"Safe"
"4152","VIC","2012-02-08",48,"Safe"
"4153","VIC","2012-02-09",50,"Safe"
"4154","VIC","2012-02-10",57,"Safe"
"4155","VIC","2012-02-11",48,"Safe"
"4156","VIC","2012-02-12",50,"Safe"
"4157","VIC","2012-02-13",46,"Safe"
"4158","VIC","2012-02-14",52,"Safe"
"4159","VIC","2012-02-15",61,"Safe"
"4160","VIC","2012-02-16",56,"Safe"
"4161","VIC","2012-02-17",48,"Safe"
"4162","VIC","2012-02-18",48,"Safe"
"4163","VIC","2012-02-19",46,"Safe"
"4164","VIC","2012-02-20",43,"Safe"
"4165","VIC","2012-02-21",39,"Safe"
"4166","VIC","2012-02-22",39,"Safe"
"4167","VIC","2012-02-23",50,"Safe"
"4168","VIC","2012-02-24",44,"Safe"
"4169","VIC","2012-02-25",61,"Safe"
"4170","VIC","2012-02-26",98,"Damaging"
"4171","VIC","2012-02-27",89,"MinorHazard"
"4172","VIC","2012-02-28",43,"Safe"
"4173","VIC","2012-02-29",63,"MinorHazard"
"4174","VIC","2012-03-01",72,"MinorHazard"
"4175","VIC","2012-03-02",70,"MinorHazard"
"4176","VIC","2012-03-03",57,"Safe"
"4177","VIC","2012-03-05",50,"Safe"
"4178","VIC","2012-03-06",48,"Safe"
"4179","VIC","2012-03-07",63,"MinorHazard"
"4180","VIC","2012-03-08",57,"Safe"
"4181","VIC","2012-03-09",46,"Safe"
"4182","VIC","2012-03-10",52,"Safe"
"4183","VIC","2012-03-11",35,"Safe"
"4184","VIC","2012-03-12",43,"Safe"
"4185","VIC","2012-03-13",50,"Safe"
"4186","VIC","2012-03-14",70,"MinorHazard"
"4187","VIC","2012-03-15",69,"MinorHazard"
"4188","VIC","2012-03-16",59,"Safe"
"4189","VIC","2012-03-17",39,"Safe"
"4190","VIC","2012-03-18",41,"Safe"
"4191","VIC","2012-03-19",52,"Safe"
"4192","VIC","2012-03-20",69,"MinorHazard"
"4193","VIC","2012-03-21",74,"MinorHazard"
"4194","VIC","2012-03-22",56,"Safe"
"4195","VIC","2012-03-23",91,"Damaging"
"4196","VIC","2012-03-24",59,"Safe"
"4197","VIC","2012-03-25",35,"Safe"
"4198","VIC","2012-03-26",43,"Safe"
"4199","VIC","2012-03-27",35,"Safe"
"4200","VIC","2012-03-28",31,"Safe"
"4201","VIC","2012-03-29",59,"Safe"
"4202","VIC","2012-03-30",50,"Safe"
"4203","VIC","2012-03-31",72,"MinorHazard"
"4204","VIC","2012-04-01",33,"Safe"
"4205","VIC","2012-04-02",63,"MinorHazard"
"4206","VIC","2012-04-03",61,"Safe"
"4207","VIC","2012-04-04",50,"Safe"
"4208","VIC","2012-04-05",28,"Safe"
"4209","VIC","2012-04-06",94,"Damaging"
"4210","VIC","2012-04-07",94,"Damaging"
"4211","VIC","2012-04-08",61,"Safe"
"4212","VIC","2012-04-09",67,"MinorHazard"
"4213","VIC","2012-04-10",50,"Safe"
"4214","VIC","2012-04-11",52,"Safe"
"4215","VIC","2012-04-12",35,"Safe"
"4216","VIC","2012-04-13",44,"Safe"
"4217","VIC","2012-04-14",57,"Safe"
"4218","VIC","2012-04-15",54,"Safe"
"4219","VIC","2012-04-16",50,"Safe"
"4220","VIC","2012-04-17",44,"Safe"
"4221","VIC","2012-04-18",46,"Safe"
"4222","VIC","2012-04-19",43,"Safe"
"4223","VIC","2012-04-20",33,"Safe"
"4224","VIC","2012-04-21",54,"Safe"
"4225","VIC","2012-04-22",63,"MinorHazard"
"4226","VIC","2012-04-23",72,"MinorHazard"
"4227","VIC","2012-04-24",54,"Safe"
"4228","VIC","2012-04-25",54,"Safe"
"4229","VIC","2012-04-26",50,"Safe"
"4230","VIC","2012-04-27",39,"Safe"
"4231","VIC","2012-04-28",59,"Safe"
"4232","VIC","2012-04-29",50,"Safe"
"4233","VIC","2012-04-30",52,"Safe"
"4234","VIC","2012-05-01",61,"Safe"
"4235","VIC","2012-05-02",50,"Safe"
"4236","VIC","2012-05-03",48,"Safe"
"4237","VIC","2012-05-04",48,"Safe"
"4238","VIC","2012-05-05",37,"Safe"
"4239","VIC","2012-05-06",48,"Safe"
"4240","VIC","2012-05-07",69,"MinorHazard"
"4241","VIC","2012-05-08",72,"MinorHazard"
"4242","VIC","2012-05-09",63,"MinorHazard"
"4243","VIC","2012-05-10",54,"Safe"
"4244","VIC","2012-05-11",72,"MinorHazard"
"4245","VIC","2012-05-12",65,"MinorHazard"
"4246","VIC","2012-05-13",59,"Safe"
"4247","VIC","2012-05-14",41,"Safe"
"4248","VIC","2012-05-15",37,"Safe"
"4249","VIC","2012-05-16",35,"Safe"
"4250","VIC","2012-05-17",48,"Safe"
"4251","VIC","2012-05-18",59,"Safe"
"4252","VIC","2012-05-19",39,"Safe"
"4253","VIC","2012-05-20",48,"Safe"
"4254","VIC","2012-05-21",54,"Safe"
"4255","VIC","2012-05-22",61,"Safe"
"4256","VIC","2012-05-23",76,"MinorHazard"
"4257","VIC","2012-05-24",52,"Safe"
"4258","VIC","2012-05-25",74,"MinorHazard"
"4259","VIC","2012-05-26",72,"MinorHazard"
"4260","VIC","2012-05-27",46,"Safe"
"4261","VIC","2012-05-28",48,"Safe"
"4262","VIC","2012-05-29",46,"Safe"
"4263","VIC","2012-05-30",30,"Safe"
"4264","VIC","2012-05-31",43,"Safe"
"4265","VIC","2012-06-01",30,"Safe"
"4266","VIC","2012-06-02",41,"Safe"
"4267","VIC","2012-06-03",39,"Safe"
"4268","VIC","2012-06-04",78,"MinorHazard"
"4269","VIC","2012-06-05",87,"MinorHazard"
"4270","VIC","2012-06-06",57,"Safe"
"4271","VIC","2012-06-07",35,"Safe"
"4272","VIC","2012-06-08",43,"Safe"
"4273","VIC","2012-06-09",31,"Safe"
"4274","VIC","2012-06-10",48,"Safe"
"4275","VIC","2012-06-11",26,"Safe"
"4276","VIC","2012-06-12",46,"Safe"
"4277","VIC","2012-06-13",54,"Safe"
"4278","VIC","2012-06-14",65,"MinorHazard"
"4279","VIC","2012-06-15",44,"Safe"
"4280","VIC","2012-06-16",65,"MinorHazard"
"4281","VIC","2012-06-17",61,"Safe"
"4282","VIC","2012-06-18",57,"Safe"
"4283","VIC","2012-06-19",56,"Safe"
"4284","VIC","2012-06-20",83,"MinorHazard"
"4285","VIC","2012-06-21",56,"Safe"
"4286","VIC","2012-06-22",48,"Safe"
"4287","VIC","2012-06-23",61,"Safe"
"4288","VIC","2012-06-24",59,"Safe"
"4289","VIC","2012-06-25",59,"Safe"
"4290","VIC","2012-06-26",35,"Safe"
"4291","VIC","2012-06-27",41,"Safe"
"4292","VIC","2012-06-28",61,"Safe"
"4293","VIC","2012-06-29",61,"Safe"
"4294","VIC","2012-06-30",61,"Safe"
"4295","VIC","2012-07-01",57,"Safe"
"4296","VIC","2012-07-02",48,"Safe"
"4297","VIC","2012-07-03",33,"Safe"
"4298","VIC","2012-07-04",31,"Safe"
"4299","VIC","2012-07-05",35,"Safe"
"4300","VIC","2012-07-06",26,"Safe"
"4301","VIC","2012-07-07",35,"Safe"
"4302","VIC","2012-07-08",48,"Safe"
"4303","VIC","2012-07-09",63,"MinorHazard"
"4304","VIC","2012-07-10",54,"Safe"
"4305","VIC","2012-07-11",56,"Safe"
"4306","VIC","2012-07-12",59,"Safe"
"4307","VIC","2012-07-13",50,"Safe"
"4308","VIC","2012-07-14",54,"Safe"
"4309","VIC","2012-07-15",65,"MinorHazard"
"4310","VIC","2012-07-16",56,"Safe"
"4311","VIC","2012-07-17",65,"MinorHazard"
"4312","VIC","2012-07-19",48,"Safe"
"4313","VIC","2012-07-20",41,"Safe"
"4314","VIC","2012-07-21",35,"Safe"
"4315","VIC","2012-07-22",30,"Safe"
"4316","VIC","2012-07-23",30,"Safe"
"4317","VIC","2012-07-24",39,"Safe"
"4318","VIC","2012-07-25",50,"Safe"
"4319","VIC","2012-07-26",59,"Safe"
"4320","VIC","2012-07-27",44,"Safe"
"4321","VIC","2012-07-28",54,"Safe"
"4322","VIC","2012-07-29",48,"Safe"
"4323","VIC","2012-07-30",43,"Safe"
"4324","VIC","2012-07-31",37,"Safe"
"4325","VIC","2012-08-01",28,"Safe"
"4326","VIC","2012-08-02",54,"Safe"
"4327","VIC","2012-08-03",57,"Safe"
"4328","VIC","2012-08-04",52,"Safe"
"4329","VIC","2012-08-05",83,"MinorHazard"
"4330","VIC","2012-08-06",69,"MinorHazard"
"4331","VIC","2012-08-07",72,"MinorHazard"
"4332","VIC","2012-08-08",89,"MinorHazard"
"4333","VIC","2012-08-09",78,"MinorHazard"
"4334","VIC","2012-08-10",48,"Safe"
"4335","VIC","2012-08-11",48,"Safe"
"4336","VIC","2012-08-12",46,"Safe"
"4337","VIC","2012-08-13",48,"Safe"
"4338","VIC","2012-08-14",61,"Safe"
"4339","VIC","2012-08-15",54,"Safe"
"4340","VIC","2012-08-16",65,"MinorHazard"
"4341","VIC","2012-08-17",76,"MinorHazard"
"4342","VIC","2012-08-18",59,"Safe"
"4343","VIC","2012-08-19",43,"Safe"
"4344","VIC","2012-08-20",56,"Safe"
"4345","VIC","2012-08-21",69,"MinorHazard"
"4346","VIC","2012-08-22",78,"MinorHazard"
"4347","VIC","2012-08-23",78,"MinorHazard"
"4348","VIC","2012-08-24",81,"MinorHazard"
"4349","VIC","2012-08-25",65,"MinorHazard"
"4350","VIC","2012-08-26",70,"MinorHazard"
"4351","VIC","2012-08-27",57,"Safe"
"4352","VIC","2012-08-28",76,"MinorHazard"
"4353","VIC","2012-08-29",67,"MinorHazard"
"4354","VIC","2012-08-30",72,"MinorHazard"
"4355","VIC","2012-08-31",67,"MinorHazard"
"4356","VIC","2012-09-01",28,"Safe"
"4357","VIC","2012-09-02",48,"Safe"
"4358","VIC","2012-09-03",52,"Safe"
"4359","VIC","2012-09-04",83,"MinorHazard"
"4360","VIC","2012-09-05",102,"Damaging"
"4361","VIC","2012-09-06",76,"MinorHazard"
"4362","VIC","2012-09-07",96,"Damaging"
"4363","VIC","2012-09-08",76,"MinorHazard"
"4364","VIC","2012-09-09",61,"Safe"
"4365","VIC","2012-09-10",33,"Safe"
"4366","VIC","2012-09-11",33,"Safe"
"4367","VIC","2012-09-12",74,"MinorHazard"
"4368","VIC","2012-09-13",69,"MinorHazard"
"4369","VIC","2012-09-14",56,"Safe"
"4370","VIC","2012-09-15",28,"Safe"
"4371","VIC","2012-09-16",39,"Safe"
"4372","VIC","2012-09-17",48,"Safe"
"4373","VIC","2012-09-18",44,"Safe"
"4374","VIC","2012-09-19",31,"Safe"
"4375","VIC","2012-09-20",67,"MinorHazard"
"4376","VIC","2012-09-21",65,"MinorHazard"
"4377","VIC","2012-09-22",52,"Safe"
"4378","VIC","2012-09-23",80,"MinorHazard"
"4379","VIC","2012-09-24",65,"MinorHazard"
"4380","VIC","2012-09-25",31,"Safe"
"4381","VIC","2012-09-26",96,"Damaging"
"4382","VIC","2012-09-27",70,"MinorHazard"
"4383","VIC","2012-09-28",83,"MinorHazard"
"4384","VIC","2012-09-29",85,"MinorHazard"
"4385","VIC","2012-09-30",52,"Safe"
"4386","VIC","2012-10-01",50,"Safe"
"4387","VIC","2012-10-02",41,"Safe"
"4388","VIC","2012-10-03",50,"Safe"
"4389","VIC","2012-10-04",69,"MinorHazard"
"4390","VIC","2012-10-05",65,"MinorHazard"
"4391","VIC","2012-10-06",48,"Safe"
"4392","VIC","2012-10-07",46,"Safe"
"4393","VIC","2012-10-08",31,"Safe"
"4394","VIC","2012-10-09",61,"Safe"
"4395","VIC","2012-10-10",57,"Safe"
"4396","VIC","2012-10-11",57,"Safe"
"4397","VIC","2012-10-12",56,"Safe"
"4398","VIC","2012-10-13",57,"Safe"
"4399","VIC","2012-10-14",44,"Safe"
"4400","VIC","2012-10-15",76,"MinorHazard"
"4401","VIC","2012-10-16",76,"MinorHazard"
"4402","VIC","2012-10-17",56,"Safe"
"4403","VIC","2012-10-18",31,"Safe"
"4404","VIC","2012-10-19",56,"Safe"
"4405","VIC","2012-10-20",54,"Safe"
"4406","VIC","2012-10-21",67,"MinorHazard"
"4407","VIC","2012-10-22",43,"Safe"
"4408","VIC","2012-10-23",65,"MinorHazard"
"4409","VIC","2012-10-24",76,"MinorHazard"
"4410","VIC","2012-10-25",78,"MinorHazard"
"4411","VIC","2012-10-26",69,"MinorHazard"
"4412","VIC","2012-10-27",50,"Safe"
"4413","VIC","2012-10-28",46,"Safe"
"4414","VIC","2012-10-29",52,"Safe"
"4415","VIC","2012-10-30",50,"Safe"
"4416","VIC","2012-10-31",76,"MinorHazard"
"4417","VIC","2012-11-01",100,"Damaging"
"4418","VIC","2012-11-02",46,"Safe"
"4419","VIC","2012-11-03",48,"Safe"
"4420","VIC","2012-11-04",54,"Safe"
"4421","VIC","2012-11-05",67,"MinorHazard"
"4422","VIC","2012-11-06",57,"Safe"
"4423","VIC","2012-11-07",48,"Safe"
"4424","VIC","2012-11-08",43,"Safe"
"4425","VIC","2012-11-09",69,"MinorHazard"
"4426","VIC","2012-11-10",35,"Safe"
"4427","VIC","2012-11-11",61,"Safe"
"4428","VIC","2012-11-12",93,"Damaging"
"4429","VIC","2012-11-13",46,"Safe"
"4430","VIC","2012-11-14",35,"Safe"
"4431","VIC","2012-11-15",46,"Safe"
"4432","VIC","2012-11-16",46,"Safe"
"4433","VIC","2012-11-17",35,"Safe"
"4434","VIC","2012-11-18",46,"Safe"
"4435","VIC","2012-11-19",44,"Safe"
"4436","VIC","2012-11-20",69,"MinorHazard"
"4437","VIC","2012-11-21",74,"MinorHazard"
"4438","VIC","2012-11-22",41,"Safe"
"4439","VIC","2012-11-23",46,"Safe"
"4440","VIC","2012-11-24",52,"Safe"
"4441","VIC","2012-11-25",44,"Safe"
"4442","VIC","2012-11-26",44,"Safe"
"4443","VIC","2012-11-27",74,"MinorHazard"
"4444","VIC","2012-11-28",41,"Safe"
"4445","VIC","2012-11-29",74,"MinorHazard"
"4446","VIC","2012-11-30",52,"Safe"
"4447","VIC","2013-01-01",69,"MinorHazard"
"4448","VIC","2013-01-02",48,"Safe"
"4449","VIC","2013-01-03",39,"Safe"
"4450","VIC","2013-01-04",69,"MinorHazard"
"4451","VIC","2013-01-05",57,"Safe"
"4452","VIC","2013-01-06",59,"Safe"
"4453","VIC","2013-01-07",54,"Safe"
"4454","VIC","2013-01-08",80,"MinorHazard"
"4455","VIC","2013-01-09",63,"MinorHazard"
"4456","VIC","2013-01-10",46,"Safe"
"4457","VIC","2013-01-11",74,"MinorHazard"
"4458","VIC","2013-01-12",48,"Safe"
"4459","VIC","2013-01-13",48,"Safe"
"4460","VIC","2013-01-14",43,"Safe"
"4461","VIC","2013-01-15",46,"Safe"
"4462","VIC","2013-01-16",41,"Safe"
"4463","VIC","2013-01-17",59,"Safe"
"4464","VIC","2013-01-18",67,"MinorHazard"
"4465","VIC","2013-01-19",50,"Safe"
"4466","VIC","2013-01-20",50,"Safe"
"4467","VIC","2013-01-21",48,"Safe"
"4468","VIC","2013-01-22",52,"Safe"
"4469","VIC","2013-01-23",52,"Safe"
"4470","VIC","2013-01-24",54,"Safe"
"4471","VIC","2013-01-25",70,"MinorHazard"
"4472","VIC","2013-01-26",63,"MinorHazard"
"4473","VIC","2013-01-27",48,"Safe"
"4474","VIC","2013-01-28",54,"Safe"
"4475","VIC","2013-01-29",52,"Safe"
"4476","VIC","2013-01-30",57,"Safe"
"4477","VIC","2013-01-31",81,"MinorHazard"
"4478","VIC","2013-03-01",57,"Safe"
"4479","VIC","2013-03-02",72,"MinorHazard"
"4480","VIC","2013-03-03",52,"Safe"
"4481","VIC","2013-03-04",48,"Safe"
"4482","VIC","2013-03-05",63,"MinorHazard"
"4483","VIC","2013-03-06",52,"Safe"
"4484","VIC","2013-03-07",39,"Safe"
"4485","VIC","2013-03-08",39,"Safe"
"4486","VIC","2013-03-09",63,"MinorHazard"
"4487","VIC","2013-03-10",52,"Safe"
"4488","VIC","2013-03-11",44,"Safe"
"4489","VIC","2013-03-12",59,"Safe"
"4490","VIC","2013-03-13",69,"MinorHazard"
"4491","VIC","2013-03-14",46,"Safe"
"4492","VIC","2013-03-15",41,"Safe"
"4493","VIC","2013-03-16",72,"MinorHazard"
"4494","VIC","2013-03-17",56,"Safe"
"4495","VIC","2013-03-18",48,"Safe"
"4496","VIC","2013-03-19",39,"Safe"
"4497","VIC","2013-03-20",59,"Safe"
"4498","VIC","2013-03-21",96,"Damaging"
"4499","VIC","2013-03-22",63,"MinorHazard"
"4500","VIC","2013-03-23",50,"Safe"
"4501","VIC","2013-03-24",65,"MinorHazard"
"4502","VIC","2013-03-25",35,"Safe"
"4503","VIC","2013-03-26",52,"Safe"
"4504","VIC","2013-03-27",76,"MinorHazard"
"4505","VIC","2013-03-28",76,"MinorHazard"
"4506","VIC","2013-03-29",44,"Safe"
"4507","VIC","2013-03-30",50,"Safe"
"4508","VIC","2013-03-31",54,"Safe"
"4509","VIC","2013-04-01",52,"Safe"
"4510","VIC","2013-04-02",52,"Safe"
"4511","VIC","2013-04-03",50,"Safe"
"4512","VIC","2013-04-04",43,"Safe"
"4513","VIC","2013-04-05",41,"Safe"
"4514","VIC","2013-04-06",44,"Safe"
"4515","VIC","2013-04-07",50,"Safe"
"4516","VIC","2013-04-08",39,"Safe"
"4517","VIC","2013-04-09",31,"Safe"
"4518","VIC","2013-04-10",43,"Safe"
"4519","VIC","2013-04-11",33,"Safe"
"4520","VIC","2013-04-12",43,"Safe"
"4521","VIC","2013-04-13",63,"MinorHazard"
"4522","VIC","2013-04-14",44,"Safe"
"4523","VIC","2013-04-15",44,"Safe"
"4524","VIC","2013-04-16",43,"Safe"
"4525","VIC","2013-04-17",46,"Safe"
"4526","VIC","2013-04-18",56,"Safe"
"4527","VIC","2013-04-19",59,"Safe"
"4528","VIC","2013-04-20",56,"Safe"
"4529","VIC","2013-04-21",61,"Safe"
"4530","VIC","2013-04-22",57,"Safe"
"4531","VIC","2013-04-23",50,"Safe"
"4532","VIC","2013-04-24",41,"Safe"
"4533","VIC","2013-04-25",57,"Safe"
"4534","VIC","2013-04-26",69,"MinorHazard"
"4535","VIC","2013-04-27",74,"MinorHazard"
"4536","VIC","2013-04-28",65,"MinorHazard"
"4537","VIC","2013-04-29",44,"Safe"
"4538","VIC","2013-04-30",28,"Safe"
"4539","VIC","2013-05-01",59,"Safe"
"4540","VIC","2013-05-02",39,"Safe"
"4541","VIC","2013-05-03",94,"Damaging"
"4542","VIC","2013-05-04",67,"MinorHazard"
"4543","VIC","2013-05-05",41,"Safe"
"4544","VIC","2013-05-06",39,"Safe"
"4545","VIC","2013-05-07",52,"Safe"
"4546","VIC","2013-05-08",56,"Safe"
"4547","VIC","2013-05-09",48,"Safe"
"4548","VIC","2013-05-10",43,"Safe"
"4549","VIC","2013-05-11",56,"Safe"
"4550","VIC","2013-05-12",59,"Safe"
"4551","VIC","2013-05-13",57,"Safe"
"4552","VIC","2013-05-14",63,"MinorHazard"
"4553","VIC","2013-05-15",72,"MinorHazard"
"4554","VIC","2013-05-16",72,"MinorHazard"
"4555","VIC","2013-05-17",59,"Safe"
"4556","VIC","2013-05-18",41,"Safe"
"4557","VIC","2013-05-19",59,"Safe"
"4558","VIC","2013-05-20",48,"Safe"
"4559","VIC","2013-05-21",52,"Safe"
"4560","VIC","2013-05-22",35,"Safe"
"4561","VIC","2013-05-23",46,"Safe"
"4562","VIC","2013-05-24",35,"Safe"
"4563","VIC","2013-05-25",57,"Safe"
"4564","VIC","2013-05-26",50,"Safe"
"4565","VIC","2013-05-27",31,"Safe"
"4566","VIC","2013-05-28",56,"Safe"
"4567","VIC","2013-05-29",52,"Safe"
"4568","VIC","2013-05-30",41,"Safe"
"4569","VIC","2013-05-31",63,"MinorHazard"
"4570","VIC","2013-06-01",50,"Safe"
"4571","VIC","2013-06-02",46,"Safe"
"4572","VIC","2013-06-03",52,"Safe"
"4573","VIC","2013-06-04",30,"Safe"
"4574","VIC","2013-06-05",63,"MinorHazard"
"4575","VIC","2013-06-06",57,"Safe"
"4576","VIC","2013-06-07",72,"MinorHazard"
"4577","VIC","2013-06-08",37,"Safe"
"4578","VIC","2013-06-09",39,"Safe"
"4579","VIC","2013-06-10",65,"MinorHazard"
"4580","VIC","2013-06-11",59,"Safe"
"4581","VIC","2013-06-12",54,"Safe"
"4582","VIC","2013-06-13",67,"MinorHazard"
"4583","VIC","2013-06-14",54,"Safe"
"4584","VIC","2013-06-15",46,"Safe"
"4585","VIC","2013-06-16",41,"Safe"
"4586","VIC","2013-06-17",35,"Safe"
"4587","VIC","2013-06-18",39,"Safe"
"4588","VIC","2013-06-19",41,"Safe"
"4589","VIC","2013-06-20",31,"Safe"
"4590","VIC","2013-06-21",39,"Safe"
"4591","VIC","2013-06-22",46,"Safe"
"4592","VIC","2013-06-23",39,"Safe"
"4593","VIC","2013-06-24",48,"Safe"
"4594","VIC","2013-06-25",50,"Safe"
"4595","VIC","2013-06-26",30,"Safe"
"4596","VIC","2013-06-27",33,"Safe"
"4597","VIC","2013-06-28",24,"Safe"
"4598","VIC","2013-06-29",52,"Safe"
"4599","VIC","2013-06-30",44,"Safe"
"4600","VIC","2013-07-01",54,"Safe"
"4601","VIC","2013-07-02",69,"MinorHazard"
"4602","VIC","2013-07-03",69,"MinorHazard"
"4603","VIC","2013-07-04",87,"MinorHazard"
"4604","VIC","2013-07-05",80,"MinorHazard"
"4605","VIC","2013-07-06",72,"MinorHazard"
"4606","VIC","2013-07-07",44,"Safe"
"4607","VIC","2013-07-08",39,"Safe"
"4608","VIC","2013-07-09",24,"Safe"
"4609","VIC","2013-07-10",44,"Safe"
"4610","VIC","2013-07-11",43,"Safe"
"4611","VIC","2013-07-12",39,"Safe"
"4612","VIC","2013-07-13",56,"Safe"
"4613","VIC","2013-07-14",70,"MinorHazard"
"4614","VIC","2013-07-15",43,"Safe"
"4615","VIC","2013-07-16",37,"Safe"
"4616","VIC","2013-07-17",63,"MinorHazard"
"4617","VIC","2013-07-18",85,"MinorHazard"
"4618","VIC","2013-07-19",59,"Safe"
"4619","VIC","2013-07-20",57,"Safe"
"4620","VIC","2013-07-21",67,"MinorHazard"
"4621","VIC","2013-07-22",52,"Safe"
"4622","VIC","2013-07-23",44,"Safe"
"4623","VIC","2013-07-24",41,"Safe"
"4624","VIC","2013-07-25",70,"MinorHazard"
"4625","VIC","2013-07-26",54,"Safe"
"4626","VIC","2013-07-27",67,"MinorHazard"
"4627","VIC","2013-07-28",72,"MinorHazard"
"4628","VIC","2013-07-29",44,"Safe"
"4629","VIC","2013-07-30",35,"Safe"
"4630","VIC","2013-07-31",30,"Safe"
"4631","VIC","2013-08-01",43,"Safe"
"4632","VIC","2013-08-02",80,"MinorHazard"
"4633","VIC","2013-08-03",72,"MinorHazard"
"4634","VIC","2013-08-04",69,"MinorHazard"
"4635","VIC","2013-08-05",98,"Damaging"
"4636","VIC","2013-08-06",94,"Damaging"
"4637","VIC","2013-08-07",63,"MinorHazard"
"4638","VIC","2013-08-08",54,"Safe"
"4639","VIC","2013-08-09",87,"MinorHazard"
"4640","VIC","2013-08-10",59,"Safe"
"4641","VIC","2013-08-11",59,"Safe"
"4642","VIC","2013-08-12",109,"Damaging"
"4643","VIC","2013-08-13",69,"MinorHazard"
"4644","VIC","2013-08-14",80,"MinorHazard"
"4645","VIC","2013-08-15",72,"MinorHazard"
"4646","VIC","2013-08-16",93,"Damaging"
"4647","VIC","2013-08-17",69,"MinorHazard"
"4648","VIC","2013-08-18",94,"Damaging"
"4649","VIC","2013-08-19",72,"MinorHazard"
"4650","VIC","2013-08-20",57,"Safe"
"4651","VIC","2013-08-21",52,"Safe"
"4652","VIC","2013-08-22",72,"MinorHazard"
"4653","VIC","2013-08-23",72,"MinorHazard"
"4654","VIC","2013-08-24",59,"Safe"
"4655","VIC","2013-08-25",57,"Safe"
"4656","VIC","2013-08-26",52,"Safe"
"4657","VIC","2013-08-27",52,"Safe"
"4658","VIC","2013-08-28",46,"Safe"
"4659","VIC","2013-08-29",83,"MinorHazard"
"4660","VIC","2013-08-30",72,"MinorHazard"
"4661","VIC","2013-08-31",52,"Safe"
"4662","VIC","2013-09-01",69,"MinorHazard"
"4663","VIC","2013-09-02",46,"Safe"
"4664","VIC","2013-09-03",37,"Safe"
"4665","VIC","2013-09-04",83,"MinorHazard"
"4666","VIC","2013-09-05",72,"MinorHazard"
"4667","VIC","2013-09-06",46,"Safe"
"4668","VIC","2013-09-07",56,"Safe"
"4669","VIC","2013-09-08",46,"Safe"
"4670","VIC","2013-09-09",81,"MinorHazard"
"4671","VIC","2013-09-10",72,"MinorHazard"
"4672","VIC","2013-09-11",70,"MinorHazard"
"4673","VIC","2013-09-12",59,"Safe"
"4674","VIC","2013-09-13",63,"MinorHazard"
"4675","VIC","2013-09-14",28,"Safe"
"4676","VIC","2013-09-15",54,"Safe"
"4677","VIC","2013-09-16",69,"MinorHazard"
"4678","VIC","2013-09-17",52,"Safe"
"4679","VIC","2013-09-18",72,"MinorHazard"
"4680","VIC","2013-09-19",70,"MinorHazard"
"4681","VIC","2013-09-20",56,"Safe"
"4682","VIC","2013-09-21",59,"Safe"
"4683","VIC","2013-09-22",56,"Safe"
"4684","VIC","2013-09-23",81,"MinorHazard"
"4685","VIC","2013-09-24",57,"Safe"
"4686","VIC","2013-09-25",65,"MinorHazard"
"4687","VIC","2013-09-26",117,"Damaging"
"4688","VIC","2013-09-27",74,"MinorHazard"
"4689","VIC","2013-09-28",89,"MinorHazard"
"4690","VIC","2013-09-29",72,"MinorHazard"
"4691","VIC","2013-09-30",96,"Damaging"
"4692","VIC","2013-10-01",96,"Damaging"
"4693","VIC","2013-10-02",106,"Damaging"
"4694","VIC","2013-10-03",52,"Safe"
"4695","VIC","2013-10-04",54,"Safe"
"4696","VIC","2013-10-05",80,"MinorHazard"
"4697","VIC","2013-10-06",52,"Safe"
"4698","VIC","2013-10-07",41,"Safe"
"4699","VIC","2013-10-08",41,"Safe"
"4700","VIC","2013-10-09",81,"MinorHazard"
"4701","VIC","2013-10-10",80,"MinorHazard"
"4702","VIC","2013-10-11",65,"MinorHazard"
"4703","VIC","2013-10-12",59,"Safe"
"4704","VIC","2013-10-13",72,"MinorHazard"
"4705","VIC","2013-10-14",63,"MinorHazard"
"4706","VIC","2013-10-15",57,"Safe"
"4707","VIC","2013-10-16",85,"MinorHazard"
"4708","VIC","2013-10-17",96,"Damaging"
"4709","VIC","2013-10-18",61,"Safe"
"4710","VIC","2013-10-19",63,"MinorHazard"
"4711","VIC","2013-10-20",80,"MinorHazard"
"4712","VIC","2013-10-21",46,"Safe"
"4713","VIC","2013-10-22",56,"Safe"
"4714","VIC","2013-10-23",74,"MinorHazard"
"4715","VIC","2013-10-24",70,"MinorHazard"
"4716","VIC","2013-10-25",65,"MinorHazard"
"4717","VIC","2013-10-26",65,"MinorHazard"
"4718","VIC","2013-10-27",43,"Safe"
"4719","VIC","2013-10-28",57,"Safe"
"4720","VIC","2013-10-29",56,"Safe"
"4721","VIC","2013-10-30",48,"Safe"
"4722","VIC","2013-10-31",35,"Safe"
"4723","VIC","2013-11-01",37,"Safe"
"4724","VIC","2013-11-02",48,"Safe"
"4725","VIC","2013-11-03",72,"MinorHazard"
"4726","VIC","2013-11-04",50,"Safe"
"4727","VIC","2013-11-05",39,"Safe"
"4728","VIC","2013-11-06",57,"Safe"
"4729","VIC","2013-11-07",56,"Safe"
"4730","VIC","2013-11-08",61,"Safe"
"4731","VIC","2013-11-09",65,"MinorHazard"
"4732","VIC","2013-11-10",54,"Safe"
"4733","VIC","2013-11-11",59,"Safe"
"4734","VIC","2013-11-12",57,"Safe"
"4735","VIC","2013-11-13",57,"Safe"
"4736","VIC","2013-11-14",69,"MinorHazard"
"4737","VIC","2013-11-15",46,"Safe"
"4738","VIC","2013-11-16",50,"Safe"
"4739","VIC","2013-11-17",43,"Safe"
"4740","VIC","2013-11-18",48,"Safe"
"4741","VIC","2013-11-19",61,"Safe"
"4742","VIC","2013-11-20",63,"MinorHazard"
"4743","VIC","2013-11-21",52,"Safe"
"4744","VIC","2013-11-22",46,"Safe"
"4745","VIC","2013-11-23",54,"Safe"
"4746","VIC","2013-11-24",50,"Safe"
"4747","VIC","2013-11-25",50,"Safe"
"4748","VIC","2013-11-26",44,"Safe"
"4749","VIC","2013-11-27",52,"Safe"
"4750","VIC","2013-11-28",69,"MinorHazard"
"4751","VIC","2013-11-29",50,"Safe"
"4752","VIC","2013-11-30",43,"Safe"
"4753","VIC","2013-12-01",65,"MinorHazard"
"4754","VIC","2013-12-02",57,"Safe"
"4755","VIC","2013-12-03",65,"MinorHazard"
"4756","VIC","2013-12-04",67,"MinorHazard"
"4757","VIC","2013-12-05",81,"MinorHazard"
"4758","VIC","2013-12-06",54,"Safe"
"4759","VIC","2013-12-07",43,"Safe"
"4760","VIC","2013-12-08",74,"MinorHazard"
"4761","VIC","2013-12-09",83,"MinorHazard"
"4762","VIC","2013-12-10",70,"MinorHazard"
"4763","VIC","2013-12-11",69,"MinorHazard"
"4764","VIC","2013-12-12",52,"Safe"
"4765","VIC","2013-12-13",57,"Safe"
"4766","VIC","2013-12-14",44,"Safe"
"4767","VIC","2013-12-15",48,"Safe"
"4768","VIC","2013-12-16",44,"Safe"
"4769","VIC","2013-12-17",41,"Safe"
"4770","VIC","2013-12-18",48,"Safe"
"4771","VIC","2013-12-19",67,"MinorHazard"
"4772","VIC","2013-12-20",69,"MinorHazard"
"4773","VIC","2013-12-21",74,"MinorHazard"
"4774","VIC","2013-12-22",63,"MinorHazard"
"4775","VIC","2013-12-23",69,"MinorHazard"
"4776","VIC","2013-12-24",35,"Safe"
"4777","VIC","2013-12-25",65,"MinorHazard"
"4778","VIC","2013-12-26",54,"Safe"
"4779","VIC","2013-12-27",41,"Safe"
"4780","VIC","2013-12-28",89,"MinorHazard"
"4781","VIC","2013-12-29",52,"Safe"
"4782","VIC","2013-12-30",48,"Safe"
"4783","VIC","2013-12-31",43,"Safe"
"4784","VIC","2014-01-01",80,"MinorHazard"
"4785","VIC","2014-01-02",69,"MinorHazard"
"4786","VIC","2014-01-03",69,"MinorHazard"
"4787","VIC","2014-01-04",70,"MinorHazard"
"4788","VIC","2014-01-05",106,"Damaging"
"4789","VIC","2014-01-06",85,"MinorHazard"
"4790","VIC","2014-01-07",56,"Safe"
"4791","VIC","2014-01-08",52,"Safe"
"4792","VIC","2014-01-09",52,"Safe"
"4793","VIC","2014-01-10",61,"Safe"
"4794","VIC","2014-01-11",80,"MinorHazard"
"4795","VIC","2014-01-12",48,"Safe"
"4796","VIC","2014-01-13",43,"Safe"
"4797","VIC","2014-01-14",74,"MinorHazard"
"4798","VIC","2014-01-15",70,"MinorHazard"
"4799","VIC","2014-01-16",69,"MinorHazard"
"4800","VIC","2014-01-17",76,"MinorHazard"
"4801","VIC","2014-01-18",70,"MinorHazard"
"4802","VIC","2014-01-19",54,"Safe"
"4803","VIC","2014-01-20",54,"Safe"
"4804","VIC","2014-01-21",50,"Safe"
"4805","VIC","2014-01-22",59,"Safe"
"4806","VIC","2014-01-23",56,"Safe"
"4807","VIC","2014-01-24",56,"Safe"
"4808","VIC","2014-01-25",50,"Safe"
"4809","VIC","2014-01-26",46,"Safe"
"4810","VIC","2014-01-27",69,"MinorHazard"
"4811","VIC","2014-01-28",70,"MinorHazard"
"4812","VIC","2014-01-29",52,"Safe"
"4813","VIC","2014-01-30",46,"Safe"
"4814","VIC","2014-01-31",44,"Safe"
"4815","VIC","2014-02-01",41,"Safe"
"4816","VIC","2014-02-02",43,"Safe"
"4817","VIC","2014-02-03",87,"MinorHazard"
"4818","VIC","2014-02-04",78,"MinorHazard"
"4819","VIC","2014-02-05",70,"MinorHazard"
"4820","VIC","2014-02-06",67,"MinorHazard"
"4821","VIC","2014-02-07",65,"MinorHazard"
"4822","VIC","2014-02-08",59,"Safe"
"4823","VIC","2014-02-09",81,"MinorHazard"
"4824","VIC","2014-02-10",46,"Safe"
"4825","VIC","2014-02-11",48,"Safe"
"4826","VIC","2014-02-12",46,"Safe"
"4827","VIC","2014-02-13",46,"Safe"
"4828","VIC","2014-02-14",50,"Safe"
"4829","VIC","2014-02-15",56,"Safe"
"4830","VIC","2014-02-16",54,"Safe"
"4831","VIC","2014-02-17",46,"Safe"
"4832","VIC","2014-02-18",50,"Safe"
"4833","VIC","2014-02-19",80,"MinorHazard"
"4834","VIC","2014-02-20",76,"MinorHazard"
"4835","VIC","2014-02-21",54,"Safe"
"4836","VIC","2014-02-22",48,"Safe"
"4837","VIC","2014-02-23",52,"Safe"
"4838","VIC","2014-02-24",46,"Safe"
"4839","VIC","2014-02-25",69,"MinorHazard"
"4840","VIC","2014-02-26",50,"Safe"
"4841","VIC","2014-02-27",56,"Safe"
"4842","VIC","2014-02-28",61,"Safe"
"4843","VIC","2014-03-01",46,"Safe"
"4844","VIC","2014-03-02",43,"Safe"
"4845","VIC","2014-03-03",46,"Safe"
"4846","VIC","2014-03-04",67,"MinorHazard"
"4847","VIC","2014-03-05",56,"Safe"
"4848","VIC","2014-03-06",46,"Safe"
"4849","VIC","2014-03-07",56,"Safe"
"4850","VIC","2014-03-08",57,"Safe"
"4851","VIC","2014-03-09",54,"Safe"
"4852","VIC","2014-03-10",72,"MinorHazard"
"4853","VIC","2014-03-11",56,"Safe"
"4854","VIC","2014-03-12",46,"Safe"
"4855","VIC","2014-03-13",41,"Safe"
"4856","VIC","2014-03-14",43,"Safe"
"4857","VIC","2014-03-15",76,"MinorHazard"
"4858","VIC","2014-03-16",70,"MinorHazard"
"4859","VIC","2014-03-17",65,"MinorHazard"
"4860","VIC","2014-03-18",54,"Safe"
"4861","VIC","2014-03-19",33,"Safe"
"4862","VIC","2014-03-20",52,"Safe"
"4863","VIC","2014-03-21",65,"MinorHazard"
"4864","VIC","2014-03-22",43,"Safe"
"4865","VIC","2014-03-23",43,"Safe"
"4866","VIC","2014-03-24",46,"Safe"
"4867","VIC","2014-03-25",48,"Safe"
"4868","VIC","2014-03-26",83,"MinorHazard"
"4869","VIC","2014-03-27",41,"Safe"
"4870","VIC","2014-03-28",44,"Safe"
"4871","VIC","2014-03-29",39,"Safe"
"4872","VIC","2014-03-30",44,"Safe"
"4873","VIC","2014-03-31",52,"Safe"
"4874","VIC","2014-04-01",65,"MinorHazard"
"4875","VIC","2014-04-02",72,"MinorHazard"
"4876","VIC","2014-04-03",44,"Safe"
"4877","VIC","2014-04-04",46,"Safe"
"4878","VIC","2014-04-05",39,"Safe"
"4879","VIC","2014-04-06",50,"Safe"
"4880","VIC","2014-04-07",50,"Safe"
"4881","VIC","2014-04-08",59,"Safe"
"4882","VIC","2014-04-09",33,"Safe"
"4883","VIC","2014-04-10",39,"Safe"
"4884","VIC","2014-04-11",56,"Safe"
"4885","VIC","2014-04-12",50,"Safe"
"4886","VIC","2014-04-13",41,"Safe"
"4887","VIC","2014-04-14",56,"Safe"
"4888","VIC","2014-04-15",39,"Safe"
"4889","VIC","2014-04-16",31,"Safe"
"4890","VIC","2014-04-17",41,"Safe"
"4891","VIC","2014-04-18",57,"Safe"
"4892","VIC","2014-04-19",48,"Safe"
"4893","VIC","2014-04-20",52,"Safe"
"4894","VIC","2014-04-21",74,"MinorHazard"
"4895","VIC","2014-04-22",72,"MinorHazard"
"4896","VIC","2014-04-23",41,"Safe"
"4897","VIC","2014-04-24",61,"Safe"
"4898","VIC","2014-04-25",50,"Safe"
"4899","VIC","2014-04-26",54,"Safe"
"4900","VIC","2014-04-27",50,"Safe"
"4901","VIC","2014-04-28",81,"MinorHazard"
"4902","VIC","2014-04-29",61,"Safe"
"4903","VIC","2014-04-30",54,"Safe"
"4904","VIC","2014-05-01",43,"Safe"
"4905","VIC","2014-05-02",72,"MinorHazard"
"4906","VIC","2014-05-03",65,"MinorHazard"
"4907","VIC","2014-05-04",59,"Safe"
"4908","VIC","2014-05-05",54,"Safe"
"4909","VIC","2014-05-06",52,"Safe"
"4910","VIC","2014-05-07",43,"Safe"
"4911","VIC","2014-05-08",39,"Safe"
"4912","VIC","2014-05-09",61,"Safe"
"4913","VIC","2014-05-10",54,"Safe"
"4914","VIC","2014-05-11",41,"Safe"
"4915","VIC","2014-05-12",48,"Safe"
"4916","VIC","2014-05-13",37,"Safe"
"4917","VIC","2014-05-14",59,"Safe"
"4918","VIC","2014-05-15",81,"MinorHazard"
"4919","VIC","2014-05-16",74,"MinorHazard"
"4920","VIC","2014-05-17",61,"Safe"
"4921","VIC","2014-05-18",59,"Safe"
"4922","VIC","2014-05-19",59,"Safe"
"4923","VIC","2014-05-20",48,"Safe"
"4924","VIC","2014-05-21",50,"Safe"
"4925","VIC","2014-05-22",63,"MinorHazard"
"4926","VIC","2014-05-23",44,"Safe"
"4927","VIC","2014-05-24",50,"Safe"
"4928","VIC","2014-05-25",63,"MinorHazard"
"4929","VIC","2014-05-26",63,"MinorHazard"
"4930","VIC","2014-05-27",76,"MinorHazard"
"4931","VIC","2014-05-28",50,"Safe"
"4932","VIC","2014-05-29",24,"Safe"
"4933","VIC","2014-05-30",30,"Safe"
"4934","VIC","2014-05-31",33,"Safe"
"4935","VIC","2014-06-01",43,"Safe"
"4936","VIC","2014-06-02",37,"Safe"
"4937","VIC","2014-06-03",46,"Safe"
"4938","VIC","2014-06-04",46,"Safe"
"4939","VIC","2014-06-05",28,"Safe"
"4940","VIC","2014-06-06",33,"Safe"
"4941","VIC","2014-06-07",46,"Safe"
"4942","VIC","2014-06-08",43,"Safe"
"4943","VIC","2014-06-09",44,"Safe"
"4944","VIC","2014-06-10",37,"Safe"
"4945","VIC","2014-06-11",57,"Safe"
"4946","VIC","2014-06-12",63,"MinorHazard"
"4947","VIC","2014-06-13",54,"Safe"
"4948","VIC","2014-06-14",48,"Safe"
"4949","VIC","2014-06-15",41,"Safe"
"4950","VIC","2014-06-16",50,"Safe"
"4951","VIC","2014-06-17",46,"Safe"
"4952","VIC","2014-06-18",24,"Safe"
"4953","VIC","2014-06-19",61,"Safe"
"4954","VIC","2014-06-20",61,"Safe"
"4955","VIC","2014-06-21",44,"Safe"
"4956","VIC","2014-06-22",78,"MinorHazard"
"4957","VIC","2014-06-23",85,"MinorHazard"
"4958","VIC","2014-06-24",106,"Damaging"
"4959","VIC","2014-06-25",72,"MinorHazard"
"4960","VIC","2014-06-26",83,"MinorHazard"
"4961","VIC","2014-06-27",85,"MinorHazard"
"4962","VIC","2014-06-28",78,"MinorHazard"
"4963","VIC","2014-06-29",63,"MinorHazard"
"4964","VIC","2014-06-30",48,"Safe"
"4965","VIC","2014-07-01",43,"Safe"
"4966","VIC","2014-07-02",44,"Safe"
"4967","VIC","2014-07-03",63,"MinorHazard"
"4968","VIC","2014-07-04",78,"MinorHazard"
"4969","VIC","2014-07-05",61,"Safe"
"4970","VIC","2014-07-06",43,"Safe"
"4971","VIC","2014-07-07",59,"Safe"
"4972","VIC","2014-07-08",85,"MinorHazard"
"4973","VIC","2014-07-09",76,"MinorHazard"
"4974","VIC","2014-07-10",72,"MinorHazard"
"4975","VIC","2014-07-11",69,"MinorHazard"
"4976","VIC","2014-07-12",57,"Safe"
"4977","VIC","2014-07-13",39,"Safe"
"4978","VIC","2014-07-14",37,"Safe"
"4979","VIC","2014-07-15",57,"Safe"
"4980","VIC","2014-07-16",78,"MinorHazard"
"4981","VIC","2014-07-17",87,"MinorHazard"
"4982","VIC","2014-07-18",65,"MinorHazard"
"4983","VIC","2014-07-19",35,"Safe"
"4984","VIC","2014-07-20",24,"Safe"
"4985","VIC","2014-07-21",46,"Safe"
"4986","VIC","2014-07-22",20,"Safe"
"4987","VIC","2014-07-23",44,"Safe"
"4988","VIC","2014-07-24",54,"Safe"
"4989","VIC","2014-07-25",48,"Safe"
"4990","VIC","2014-07-26",41,"Safe"
"4991","VIC","2014-07-27",57,"Safe"
"4992","VIC","2014-07-28",63,"MinorHazard"
"4993","VIC","2014-07-29",81,"MinorHazard"
"4994","VIC","2014-07-30",80,"MinorHazard"
"4995","VIC","2014-07-31",107,"Damaging"
"4996","VIC","2014-08-01",76,"MinorHazard"
"4997","VIC","2014-08-02",39,"Safe"
"4998","VIC","2014-08-03",39,"Safe"
"4999","VIC","2014-08-04",39,"Safe"
"5000","VIC","2014-08-05",48,"Safe"
"5001","VIC","2014-08-06",63,"MinorHazard"
"5002","VIC","2014-08-07",43,"Safe"
"5003","VIC","2014-08-08",31,"Safe"
"5004","VIC","2014-08-09",59,"Safe"
"5005","VIC","2014-08-10",61,"Safe"
"5006","VIC","2014-08-11",43,"Safe"
"5007","VIC","2014-08-12",43,"Safe"
"5008","VIC","2014-08-13",41,"Safe"
"5009","VIC","2014-08-14",35,"Safe"
"5010","VIC","2014-08-15",33,"Safe"
"5011","VIC","2014-08-16",41,"Safe"
"5012","VIC","2014-08-17",52,"Safe"
"5013","VIC","2014-08-18",56,"Safe"
"5014","VIC","2014-08-19",44,"Safe"
"5015","VIC","2014-08-20",33,"Safe"
"5016","VIC","2014-08-21",37,"Safe"
"5017","VIC","2014-08-22",52,"Safe"
"5018","VIC","2014-08-23",61,"Safe"
"5019","VIC","2014-08-24",59,"Safe"
"5020","VIC","2014-08-25",50,"Safe"
"5021","VIC","2014-08-26",44,"Safe"
"5022","VIC","2014-08-27",31,"Safe"
"5023","VIC","2014-08-28",39,"Safe"
"5024","VIC","2014-08-29",48,"Safe"
"5025","VIC","2014-08-30",41,"Safe"
"5026","VIC","2014-08-31",74,"MinorHazard"
"5027","VIC","2014-09-01",70,"MinorHazard"
"5028","VIC","2014-09-02",54,"Safe"
"5029","VIC","2014-09-04",31,"Safe"
"5030","VIC","2014-09-05",48,"Safe"
"5031","VIC","2014-09-06",33,"Safe"
"5032","VIC","2014-09-07",48,"Safe"
"5033","VIC","2014-09-08",93,"Damaging"
"5034","VIC","2014-09-09",83,"MinorHazard"
"5035","VIC","2014-09-10",70,"MinorHazard"
"5036","VIC","2014-09-11",67,"MinorHazard"
"5037","VIC","2014-09-12",46,"Safe"
"5038","VIC","2014-09-13",30,"Safe"
"5039","VIC","2014-09-14",41,"Safe"
"5040","VIC","2014-09-15",50,"Safe"
"5041","VIC","2014-09-16",54,"Safe"
"5042","VIC","2014-09-17",91,"Damaging"
"5043","VIC","2014-09-18",48,"Safe"
"5044","VIC","2014-09-19",52,"Safe"
"5045","VIC","2014-09-20",41,"Safe"
"5046","VIC","2014-09-21",37,"Safe"
"5047","VIC","2014-09-22",43,"Safe"
"5048","VIC","2014-09-23",48,"Safe"
"5049","VIC","2014-09-24",74,"MinorHazard"
"5050","VIC","2014-09-25",56,"Safe"
"5051","VIC","2014-09-26",41,"Safe"
"5052","VIC","2014-09-27",67,"MinorHazard"
"5053","VIC","2014-09-28",102,"Damaging"
"5054","VIC","2014-09-29",69,"MinorHazard"
"5055","VIC","2014-09-30",104,"Damaging"
"5056","VIC","2014-10-01",59,"Safe"
"5057","VIC","2014-10-02",61,"Safe"
"5058","VIC","2014-10-03",50,"Safe"
"5059","VIC","2014-10-04",72,"MinorHazard"
"5060","VIC","2014-10-05",46,"Safe"
"5061","VIC","2014-10-06",87,"MinorHazard"
"5062","VIC","2014-10-07",76,"MinorHazard"
"5063","VIC","2014-10-08",52,"Safe"
"5064","VIC","2014-10-09",46,"Safe"
"5065","VIC","2014-10-10",61,"Safe"
"5066","VIC","2014-10-11",46,"Safe"
"5067","VIC","2014-10-12",56,"Safe"
"5068","VIC","2014-10-13",80,"MinorHazard"
"5069","VIC","2014-10-14",61,"Safe"
"5070","VIC","2014-10-15",46,"Safe"
"5071","VIC","2014-10-16",57,"Safe"
"5072","VIC","2014-10-17",35,"Safe"
"5073","VIC","2014-10-18",61,"Safe"
"5074","VIC","2014-10-19",81,"MinorHazard"
"5075","VIC","2014-10-20",65,"MinorHazard"
"5076","VIC","2014-10-21",54,"Safe"
"5077","VIC","2014-10-22",74,"MinorHazard"
"5078","VIC","2014-10-23",46,"Safe"
"5079","VIC","2014-10-24",54,"Safe"
"5080","VIC","2014-10-25",41,"Safe"
"5081","VIC","2014-10-26",54,"Safe"
"5082","VIC","2014-10-27",83,"MinorHazard"
"5083","VIC","2014-10-28",89,"MinorHazard"
"5084","VIC","2014-10-29",54,"Safe"
"5085","VIC","2014-10-30",44,"Safe"
"5086","VIC","2014-10-31",65,"MinorHazard"
"5087","VIC","2014-11-02",59,"Safe"
"5088","VIC","2014-11-03",33,"Safe"
"5089","VIC","2014-11-04",70,"MinorHazard"
"5090","VIC","2014-11-05",57,"Safe"
"5091","VIC","2014-11-06",35,"Safe"
"5092","VIC","2014-11-07",54,"Safe"
"5093","VIC","2014-11-08",74,"MinorHazard"
"5094","VIC","2014-11-09",57,"Safe"
"5095","VIC","2014-11-10",56,"Safe"
"5096","VIC","2014-11-11",48,"Safe"
"5097","VIC","2014-11-12",44,"Safe"
"5098","VIC","2014-11-13",61,"Safe"
"5099","VIC","2014-11-14",70,"MinorHazard"
"5100","VIC","2014-11-15",50,"Safe"
"5101","VIC","2014-11-16",59,"Safe"
"5102","VIC","2014-11-17",59,"Safe"
"5103","VIC","2014-11-18",46,"Safe"
"5104","VIC","2014-11-19",44,"Safe"
"5105","VIC","2014-11-20",76,"MinorHazard"
"5106","VIC","2014-11-21",61,"Safe"
"5107","VIC","2014-11-22",74,"MinorHazard"
"5108","VIC","2014-11-23",50,"Safe"
"5109","VIC","2014-11-24",72,"MinorHazard"
"5110","VIC","2014-11-25",59,"Safe"
"5111","VIC","2014-11-26",61,"Safe"
"5112","VIC","2014-11-27",46,"Safe"
"5113","VIC","2014-11-28",52,"Safe"
"5114","VIC","2014-11-29",43,"Safe"
"5115","VIC","2014-11-30",76,"MinorHazard"
"5116","VIC","2014-12-01",76,"MinorHazard"
"5117","VIC","2014-12-02",41,"Safe"
"5118","VIC","2014-12-03",72,"MinorHazard"
"5119","VIC","2014-12-04",48,"Safe"
"5120","VIC","2014-12-05",46,"Safe"
"5121","VIC","2014-12-06",69,"MinorHazard"
"5122","VIC","2014-12-07",63,"MinorHazard"
"5123","VIC","2014-12-08",39,"Safe"
"5124","VIC","2014-12-09",39,"Safe"
"5125","VIC","2014-12-10",50,"Safe"
"5126","VIC","2014-12-11",59,"Safe"
"5127","VIC","2014-12-12",48,"Safe"
"5128","VIC","2014-12-13",65,"MinorHazard"
"5129","VIC","2014-12-14",65,"MinorHazard"
"5130","VIC","2014-12-15",54,"Safe"
"5131","VIC","2014-12-16",85,"MinorHazard"
"5132","VIC","2014-12-17",50,"Safe"
"5133","VIC","2014-12-18",76,"MinorHazard"
"5134","VIC","2014-12-19",44,"Safe"
"5135","VIC","2014-12-20",41,"Safe"
"5136","VIC","2014-12-21",57,"Safe"
"5137","VIC","2014-12-22",63,"MinorHazard"
"5138","VIC","2014-12-23",54,"Safe"
"5139","VIC","2014-12-24",48,"Safe"
"5140","VIC","2014-12-25",56,"Safe"
"5141","VIC","2014-12-26",54,"Safe"
"5142","VIC","2014-12-27",37,"Safe"
"5143","VIC","2014-12-28",48,"Safe"
"5144","VIC","2014-12-29",100,"Damaging"
"5145","VIC","2014-12-30",85,"MinorHazard"
"5146","VIC","2014-12-31",39,"Safe"
"5147","VIC","2015-01-01",46,"Safe"
"5148","VIC","2015-01-02",59,"Safe"
"5149","VIC","2015-01-03",94,"Damaging"
"5150","VIC","2015-01-04",70,"MinorHazard"
"5151","VIC","2015-01-05",50,"Safe"
"5152","VIC","2015-01-06",46,"Safe"
"5153","VIC","2015-01-07",61,"Safe"
"5154","VIC","2015-01-08",63,"MinorHazard"
"5155","VIC","2015-01-09",57,"Safe"
"5156","VIC","2015-01-10",48,"Safe"
"5157","VIC","2015-01-11",56,"Safe"
"5158","VIC","2015-01-12",52,"Safe"
"5159","VIC","2015-01-13",69,"MinorHazard"
"5160","VIC","2015-01-14",57,"Safe"
"5161","VIC","2015-01-15",63,"MinorHazard"
"5162","VIC","2015-01-16",70,"MinorHazard"
"5163","VIC","2015-01-17",72,"MinorHazard"
"5164","VIC","2015-01-18",50,"Safe"
"5165","VIC","2015-01-19",46,"Safe"
"5166","VIC","2015-01-20",63,"MinorHazard"
"5167","VIC","2015-01-21",52,"Safe"
"5168","VIC","2015-01-22",54,"Safe"
"5169","VIC","2015-01-23",54,"Safe"
"5170","VIC","2015-01-24",59,"Safe"
"5171","VIC","2015-01-25",81,"MinorHazard"
"5172","VIC","2015-01-26",48,"Safe"
"5173","VIC","2015-01-27",59,"Safe"
"5174","VIC","2015-01-28",63,"MinorHazard"
"5175","VIC","2015-01-29",56,"Safe"
"5176","VIC","2015-01-30",59,"Safe"
"5177","VIC","2015-01-31",59,"Safe"
"5178","VIC","2015-02-01",56,"Safe"
"5179","VIC","2015-02-02",52,"Safe"
"5180","VIC","2015-02-03",50,"Safe"
"5181","VIC","2015-02-04",54,"Safe"
"5182","VIC","2015-02-05",57,"Safe"
"5183","VIC","2015-02-06",61,"Safe"
"5184","VIC","2015-02-07",72,"MinorHazard"
"5185","VIC","2015-02-08",50,"Safe"
"5186","VIC","2015-02-09",56,"Safe"
"5187","VIC","2015-02-10",41,"Safe"
"5188","VIC","2015-02-11",54,"Safe"
"5189","VIC","2015-02-12",57,"Safe"
"5190","VIC","2015-02-13",69,"MinorHazard"
"5191","VIC","2015-02-14",46,"Safe"
"5192","VIC","2015-02-15",63,"MinorHazard"
"5193","VIC","2015-02-16",46,"Safe"
"5194","VIC","2015-02-17",44,"Safe"
"5195","VIC","2015-02-18",48,"Safe"
"5196","VIC","2015-02-19",44,"Safe"
"5197","VIC","2015-02-20",43,"Safe"
"5198","VIC","2015-02-21",56,"Safe"
"5199","VIC","2015-02-22",63,"MinorHazard"
"5200","VIC","2015-02-23",63,"MinorHazard"
"5201","VIC","2015-02-24",57,"Safe"
"5202","VIC","2015-02-25",52,"Safe"
"5203","VIC","2015-02-26",46,"Safe"
"5204","VIC","2015-02-27",35,"Safe"
"5205","VIC","2015-02-28",122,"Damaging"
"5206","VIC","2015-03-01",50,"Safe"
"5207","VIC","2015-03-02",37,"Safe"
"5208","VIC","2015-03-03",37,"Safe"
"5209","VIC","2015-03-04",69,"MinorHazard"
"5210","VIC","2015-03-05",81,"MinorHazard"
"5211","VIC","2015-03-06",78,"MinorHazard"
"5212","VIC","2015-03-07",56,"Safe"
"5213","VIC","2015-03-08",44,"Safe"
"5214","VIC","2015-03-09",48,"Safe"
"5215","VIC","2015-03-10",37,"Safe"
"5216","VIC","2015-03-11",50,"Safe"
"5217","VIC","2015-03-12",52,"Safe"
"5218","VIC","2015-03-13",50,"Safe"
"5219","VIC","2015-03-14",56,"Safe"
"5220","VIC","2015-03-15",56,"Safe"
"5221","VIC","2015-03-16",56,"Safe"
"5222","VIC","2015-03-17",76,"MinorHazard"
"5223","VIC","2015-03-18",52,"Safe"
"5224","VIC","2015-03-19",80,"MinorHazard"
"5225","VIC","2015-03-20",52,"Safe"
"5226","VIC","2015-03-21",54,"Safe"
"5227","VIC","2015-03-22",57,"Safe"
"5228","VIC","2015-03-23",63,"MinorHazard"
"5229","VIC","2015-03-24",50,"Safe"
"5230","VIC","2015-03-25",63,"MinorHazard"
"5231","VIC","2015-03-26",80,"MinorHazard"
"5232","VIC","2015-03-27",72,"MinorHazard"
"5233","VIC","2015-03-28",30,"Safe"
"5234","VIC","2015-03-29",43,"Safe"
"5235","VIC","2015-03-30",39,"Safe"
"5236","VIC","2015-03-31",33,"Safe"
"5237","VIC","2015-04-02",69,"MinorHazard"
"5238","VIC","2015-04-03",56,"Safe"
"5239","VIC","2015-04-04",39,"Safe"
"5240","VIC","2015-04-05",43,"Safe"
"5241","VIC","2015-04-06",50,"Safe"
"5242","VIC","2015-04-07",61,"Safe"
"5243","VIC","2015-04-08",50,"Safe"
"5244","VIC","2015-04-09",44,"Safe"
"5245","VIC","2015-04-10",41,"Safe"
"5246","VIC","2015-04-11",44,"Safe"
"5247","VIC","2015-04-12",50,"Safe"
"5248","VIC","2015-04-13",41,"Safe"
"5249","VIC","2015-04-14",59,"Safe"
"5250","VIC","2015-04-15",70,"MinorHazard"
"5251","VIC","2015-04-16",44,"Safe"
"5252","VIC","2015-04-17",41,"Safe"
"5253","VIC","2015-04-18",59,"Safe"
"5254","VIC","2015-04-19",59,"Safe"
"5255","VIC","2015-04-20",63,"MinorHazard"
"5256","VIC","2015-04-21",52,"Safe"
"5257","VIC","2015-04-22",52,"Safe"
"5258","VIC","2015-04-23",57,"Safe"
"5259","VIC","2015-04-24",63,"MinorHazard"
"5260","VIC","2015-04-25",44,"Safe"
"5261","VIC","2015-04-26",48,"Safe"
"5262","VIC","2015-04-27",46,"Safe"
"5263","VIC","2015-04-28",37,"Safe"
"5264","VIC","2015-04-29",33,"Safe"
"5265","VIC","2015-04-30",37,"Safe"
"5266","VIC","2015-05-01",48,"Safe"
"5267","VIC","2015-05-02",59,"Safe"
"5268","VIC","2015-05-03",30,"Safe"
"5269","VIC","2015-05-04",78,"MinorHazard"
"5270","VIC","2015-05-05",91,"Damaging"
"5271","VIC","2015-05-06",69,"MinorHazard"
"5272","VIC","2015-05-07",65,"MinorHazard"
"5273","VIC","2015-05-08",67,"MinorHazard"
"5274","VIC","2015-05-09",83,"MinorHazard"
"5275","VIC","2015-05-10",85,"MinorHazard"
"5276","VIC","2015-05-11",83,"MinorHazard"
"5277","VIC","2015-05-12",85,"MinorHazard"
"5278","VIC","2015-05-13",67,"MinorHazard"
"5279","VIC","2015-05-14",59,"Safe"
"5280","VIC","2015-05-15",44,"Safe"
"5281","VIC","2015-05-16",39,"Safe"
"5282","VIC","2015-05-17",37,"Safe"
"5283","VIC","2015-05-18",61,"Safe"
"5284","VIC","2015-05-19",61,"Safe"
"5285","VIC","2015-05-20",57,"Safe"
"5286","VIC","2015-05-21",39,"Safe"
"5287","VIC","2015-05-22",43,"Safe"
"5288","VIC","2015-05-23",41,"Safe"
"5289","VIC","2015-05-24",31,"Safe"
"5290","VIC","2015-05-25",30,"Safe"
"5291","VIC","2015-05-26",54,"Safe"
"5292","VIC","2015-05-27",61,"Safe"
"5293","VIC","2015-05-28",59,"Safe"
"5294","VIC","2015-05-29",50,"Safe"
"5295","VIC","2015-05-30",59,"Safe"
"5296","VIC","2015-05-31",70,"MinorHazard"
"5297","VIC","2015-06-01",46,"Safe"
"5298","VIC","2015-06-02",48,"Safe"
"5299","VIC","2015-06-03",26,"Safe"
"5300","VIC","2015-06-04",67,"MinorHazard"
"5301","VIC","2015-06-05",50,"Safe"
"5302","VIC","2015-06-06",48,"Safe"
"5303","VIC","2015-06-07",85,"MinorHazard"
"5304","VIC","2015-06-08",91,"Damaging"
"5305","VIC","2015-06-09",63,"MinorHazard"
"5306","VIC","2015-06-10",43,"Safe"
"5307","VIC","2015-06-11",48,"Safe"
"5308","VIC","2015-06-12",37,"Safe"
"5309","VIC","2015-06-13",37,"Safe"
"5310","VIC","2015-06-14",50,"Safe"
"5311","VIC","2015-06-15",39,"Safe"
"5312","VIC","2015-06-16",31,"Safe"
"5313","VIC","2015-06-17",56,"Safe"
"5314","VIC","2015-06-18",57,"Safe"
"5315","VIC","2015-06-19",37,"Safe"
"5316","VIC","2015-06-20",30,"Safe"
"5317","VIC","2015-06-21",48,"Safe"
"5318","VIC","2015-06-22",76,"MinorHazard"
"5319","VIC","2015-06-23",76,"MinorHazard"
"5320","VIC","2015-06-24",63,"MinorHazard"
"5321","VIC","2015-06-25",46,"Safe"
"5322","VIC","2015-06-26",39,"Safe"
"5323","VIC","2015-06-27",52,"Safe"
"5324","VIC","2015-06-28",44,"Safe"
"5325","VIC","2015-06-29",26,"Safe"
"5326","VIC","2015-06-30",31,"Safe"
"5327","VIC","2015-07-01",57,"Safe"
"5328","VIC","2015-07-02",74,"MinorHazard"
"5329","VIC","2015-07-03",35,"Safe"
"5330","VIC","2015-07-04",46,"Safe"
"5331","VIC","2015-07-05",63,"MinorHazard"
"5332","VIC","2015-07-06",57,"Safe"
"5333","VIC","2015-07-07",39,"Safe"
"5334","VIC","2015-07-08",39,"Safe"
"5335","VIC","2015-07-09",46,"Safe"
"5336","VIC","2015-07-10",67,"MinorHazard"
"5337","VIC","2015-07-11",59,"Safe"
"5338","VIC","2015-07-12",61,"Safe"
"5339","VIC","2015-07-13",70,"MinorHazard"
"5340","VIC","2015-07-14",70,"MinorHazard"
"5341","VIC","2015-07-15",46,"Safe"
"5342","VIC","2015-07-16",50,"Safe"
"5343","VIC","2015-07-17",56,"Safe"
"5344","VIC","2015-07-18",37,"Safe"
"5345","VIC","2015-07-19",31,"Safe"
"5346","VIC","2015-07-20",54,"Safe"
"5347","VIC","2015-07-21",78,"MinorHazard"
"5348","VIC","2015-07-22",81,"MinorHazard"
"5349","VIC","2015-07-23",48,"Safe"
"5350","VIC","2015-07-24",57,"Safe"
"5351","VIC","2015-07-25",81,"MinorHazard"
"5352","VIC","2015-07-26",83,"MinorHazard"
"5353","VIC","2015-07-27",63,"MinorHazard"
"5354","VIC","2015-07-28",50,"Safe"
"5355","VIC","2015-07-29",43,"Safe"
"5356","VIC","2015-07-30",87,"MinorHazard"
"5357","VIC","2015-07-31",61,"Safe"
"5358","VIC","2015-08-01",80,"MinorHazard"
"5359","VIC","2015-08-02",81,"MinorHazard"
"5360","VIC","2015-08-03",76,"MinorHazard"
"5361","VIC","2015-08-04",57,"Safe"
"5362","VIC","2015-08-05",65,"MinorHazard"
"5363","VIC","2015-08-06",44,"Safe"
"5364","VIC","2015-08-07",44,"Safe"
"5365","VIC","2015-08-08",26,"Safe"
"5366","VIC","2015-08-09",54,"Safe"
"5367","VIC","2015-08-10",78,"MinorHazard"
"5368","VIC","2015-08-11",72,"MinorHazard"
"5369","VIC","2015-08-12",61,"Safe"
"5370","VIC","2015-08-13",46,"Safe"
"5371","VIC","2015-08-14",46,"Safe"
"5372","VIC","2015-08-15",31,"Safe"
"5373","VIC","2015-08-16",61,"Safe"
"5374","VIC","2015-08-17",63,"MinorHazard"
"5375","VIC","2015-08-18",35,"Safe"
"5376","VIC","2015-08-19",31,"Safe"
"5377","VIC","2015-08-20",70,"MinorHazard"
"5378","VIC","2015-08-21",78,"MinorHazard"
"5379","VIC","2015-08-22",43,"Safe"
"5380","VIC","2015-08-23",41,"Safe"
"5381","VIC","2015-08-24",65,"MinorHazard"
"5382","VIC","2015-08-25",56,"Safe"
"5383","VIC","2015-08-26",41,"Safe"
"5384","VIC","2015-08-27",44,"Safe"
"5385","VIC","2015-08-28",41,"Safe"
"5386","VIC","2015-08-29",59,"Safe"
"5387","VIC","2015-08-30",37,"Safe"
"5388","VIC","2015-08-31",41,"Safe"
"5389","VIC","2015-09-01",61,"Safe"
"5390","VIC","2015-09-02",56,"Safe"
"5391","VIC","2015-09-03",50,"Safe"
"5392","VIC","2015-09-04",41,"Safe"
"5393","VIC","2015-09-05",35,"Safe"
"5394","VIC","2015-09-06",74,"MinorHazard"
"5395","VIC","2015-09-07",76,"MinorHazard"
"5396","VIC","2015-09-08",56,"Safe"
"5397","VIC","2015-09-09",39,"Safe"
"5398","VIC","2015-09-10",35,"Safe"
"5399","VIC","2015-09-11",57,"Safe"
"5400","VIC","2015-09-12",63,"MinorHazard"
"5401","VIC","2015-09-13",65,"MinorHazard"
"5402","VIC","2015-09-14",67,"MinorHazard"
"5403","VIC","2015-09-15",52,"Safe"
"5404","VIC","2015-09-16",39,"Safe"
"5405","VIC","2015-09-17",50,"Safe"
"5406","VIC","2015-09-18",31,"Safe"
"5407","VIC","2015-09-19",43,"Safe"
"5408","VIC","2015-09-20",50,"Safe"
"5409","VIC","2015-09-21",63,"MinorHazard"
"5410","VIC","2015-09-22",65,"MinorHazard"
"5411","VIC","2015-09-23",52,"Safe"
"5412","VIC","2015-09-24",48,"Safe"
"5413","VIC","2015-09-25",46,"Safe"
"5414","VIC","2015-09-26",35,"Safe"
"5415","VIC","2015-09-27",44,"Safe"
"5416","VIC","2015-09-28",50,"Safe"
"5417","VIC","2015-09-29",61,"Safe"
"5418","VIC","2015-09-30",46,"Safe"
"5419","VIC","2015-10-01",52,"Safe"
"5420","VIC","2015-10-02",56,"Safe"
"5421","VIC","2015-10-03",69,"MinorHazard"
"5422","VIC","2015-10-04",46,"Safe"
"5423","VIC","2015-10-05",65,"MinorHazard"
"5424","VIC","2015-10-06",98,"Damaging"
"5425","VIC","2015-10-07",57,"Safe"
"5426","VIC","2015-10-08",56,"Safe"
"5427","VIC","2015-10-09",57,"Safe"
"5428","VIC","2015-10-10",72,"MinorHazard"
"5429","VIC","2015-10-11",52,"Safe"
"5430","VIC","2015-10-12",46,"Safe"
"5431","VIC","2015-10-13",48,"Safe"
"5432","VIC","2015-10-14",50,"Safe"
"5433","VIC","2015-10-15",67,"MinorHazard"
"5434","VIC","2015-10-16",46,"Safe"
"5435","VIC","2015-10-17",48,"Safe"
"5436","VIC","2015-10-18",46,"Safe"
"5437","VIC","2015-10-19",44,"Safe"
"5438","VIC","2015-10-20",78,"MinorHazard"
"5439","VIC","2015-10-21",50,"Safe"
"5440","VIC","2015-10-22",50,"Safe"
"5441","VIC","2015-10-23",46,"Safe"
"5442","VIC","2015-10-24",35,"Safe"
"5443","VIC","2015-10-25",74,"MinorHazard"
"5444","VIC","2015-10-26",69,"MinorHazard"
"5445","VIC","2015-10-27",65,"MinorHazard"
"5446","VIC","2015-10-28",59,"Safe"
"5447","VIC","2015-10-29",43,"Safe"
"5448","VIC","2015-10-30",52,"Safe"
"5449","VIC","2015-10-31",78,"MinorHazard"
"5450","VIC","2015-11-01",72,"MinorHazard"
"5451","VIC","2015-11-02",43,"Safe"
"5452","VIC","2015-11-03",56,"Safe"
"5453","VIC","2015-11-04",63,"MinorHazard"
"5454","VIC","2015-11-05",81,"MinorHazard"
"5455","VIC","2015-11-06",50,"Safe"
"5456","VIC","2015-11-07",52,"Safe"
"5457","VIC","2015-11-08",33,"Safe"
"5458","VIC","2015-11-09",57,"Safe"
"5459","VIC","2015-11-10",54,"Safe"
"5460","VIC","2015-11-11",69,"MinorHazard"
"5461","VIC","2015-11-12",54,"Safe"
"5462","VIC","2015-11-13",57,"Safe"
"5463","VIC","2015-11-14",50,"Safe"
"5464","VIC","2015-11-15",46,"Safe"
"5465","VIC","2015-11-16",39,"Safe"
"5466","VIC","2015-11-17",61,"Safe"
"5467","VIC","2015-11-18",63,"MinorHazard"
"5468","VIC","2015-11-19",67,"MinorHazard"
"5469","VIC","2015-11-20",61,"Safe"
"5470","VIC","2015-11-21",54,"Safe"
"5471","VIC","2015-11-22",52,"Safe"
"5472","VIC","2015-11-23",57,"Safe"
"5473","VIC","2015-11-24",59,"Safe"
"5474","VIC","2015-11-25",98,"Damaging"
"5475","VIC","2015-11-26",85,"MinorHazard"
"5476","VIC","2015-11-27",57,"Safe"
"5477","VIC","2015-11-28",43,"Safe"
"5478","VIC","2015-11-29",50,"Safe"
"5479","VIC","2015-11-30",120,"Damaging"
"5480","VIC","2015-12-01",69,"MinorHazard"
"5481","VIC","2015-12-02",56,"Safe"
"5482","VIC","2015-12-03",39,"Safe"
"5483","VIC","2015-12-04",50,"Safe"
"5484","VIC","2015-12-05",50,"Safe"
"5485","VIC","2015-12-06",65,"MinorHazard"
"5486","VIC","2015-12-07",65,"MinorHazard"
"5487","VIC","2015-12-08",72,"MinorHazard"
"5488","VIC","2015-12-09",54,"Safe"
"5489","VIC","2015-12-10",54,"Safe"
"5490","VIC","2015-12-11",81,"MinorHazard"
"5491","VIC","2015-12-12",50,"Safe"
"5492","VIC","2015-12-13",46,"Safe"
"5493","VIC","2015-12-14",46,"Safe"
"5494","VIC","2015-12-15",43,"Safe"
"5495","VIC","2015-12-16",48,"Safe"
"5496","VIC","2015-12-17",65,"MinorHazard"
"5497","VIC","2015-12-18",63,"MinorHazard"
"5498","VIC","2015-12-19",76,"MinorHazard"
"5499","VIC","2015-12-20",94,"Damaging"
"5500","VIC","2015-12-21",57,"Safe"
"5501","VIC","2015-12-22",61,"Safe"
"5502","VIC","2015-12-23",43,"Safe"
"5503","VIC","2015-12-24",54,"Safe"
"5504","VIC","2015-12-25",74,"MinorHazard"
"5505","VIC","2015-12-26",67,"MinorHazard"
"5506","VIC","2015-12-27",56,"Safe"
"5507","VIC","2015-12-28",46,"Safe"
"5508","VIC","2015-12-29",43,"Safe"
"5509","VIC","2015-12-30",46,"Safe"
"5510","VIC","2015-12-31",56,"Safe"
"5511","VIC","2016-01-01",54,"Safe"
"5512","VIC","2016-01-02",61,"Safe"
"5513","VIC","2016-01-03",80,"MinorHazard"
"5514","VIC","2016-01-04",72,"MinorHazard"
"5515","VIC","2016-01-05",56,"Safe"
"5516","VIC","2016-01-06",54,"Safe"
"5517","VIC","2016-01-07",52,"Safe"
"5518","VIC","2016-01-08",48,"Safe"
"5519","VIC","2016-01-09",39,"Safe"
"5520","VIC","2016-01-10",65,"MinorHazard"
"5521","VIC","2016-01-11",80,"MinorHazard"
"5522","VIC","2016-01-12",39,"Safe"
"5523","VIC","2016-01-13",87,"MinorHazard"
"5524","VIC","2016-01-14",67,"MinorHazard"
"5525","VIC","2016-01-15",52,"Safe"
"5526","VIC","2016-01-16",46,"Safe"
"5527","VIC","2016-01-17",57,"Safe"
"5528","VIC","2016-01-18",59,"Safe"
"5529","VIC","2016-01-19",69,"MinorHazard"
"5530","VIC","2016-01-20",57,"Safe"
"5531","VIC","2016-01-21",39,"Safe"
"5532","VIC","2016-01-22",70,"MinorHazard"
"5533","VIC","2016-01-23",43,"Safe"
"5534","VIC","2016-01-24",44,"Safe"
"5535","VIC","2016-01-25",46,"Safe"
"5536","VIC","2016-01-26",57,"Safe"
"5537","VIC","2016-01-27",63,"MinorHazard"
"5538","VIC","2016-01-28",67,"MinorHazard"
"5539","VIC","2016-01-29",43,"Safe"
"5540","VIC","2016-01-30",59,"Safe"
"5541","VIC","2016-01-31",61,"Safe"
"5542","VIC","2016-02-01",37,"Safe"
"5543","VIC","2016-02-02",52,"Safe"
"5544","VIC","2016-02-03",56,"Safe"
"5545","VIC","2016-02-04",61,"Safe"
"5546","VIC","2016-02-05",50,"Safe"
"5547","VIC","2016-02-06",52,"Safe"
"5548","VIC","2016-02-07",46,"Safe"
"5549","VIC","2016-02-09",46,"Safe"
"5550","VIC","2016-02-10",46,"Safe"
"5551","VIC","2016-02-11",44,"Safe"
"5552","VIC","2016-02-12",44,"Safe"
"5553","VIC","2016-02-13",56,"Safe"
"5554","VIC","2016-02-14",56,"Safe"
"5555","VIC","2016-02-15",61,"Safe"
"5556","VIC","2016-02-16",65,"MinorHazard"
"5557","VIC","2016-02-17",52,"Safe"
"5558","VIC","2016-02-18",43,"Safe"
"5559","VIC","2016-02-19",50,"Safe"
"5560","VIC","2016-02-20",46,"Safe"
"5561","VIC","2016-02-21",46,"Safe"
"5562","VIC","2016-02-22",39,"Safe"
"5563","VIC","2016-02-23",74,"MinorHazard"
"5564","VIC","2016-02-24",54,"Safe"
"5565","VIC","2016-02-25",59,"Safe"
"5566","VIC","2016-02-26",46,"Safe"
"5567","VIC","2016-02-27",43,"Safe"
"5568","VIC","2016-02-28",43,"Safe"
"5569","VIC","2016-02-29",44,"Safe"
"5570","VIC","2016-03-01",52,"Safe"
"5571","VIC","2016-03-02",56,"Safe"
"5572","VIC","2016-03-03",50,"Safe"
"5573","VIC","2016-03-04",85,"MinorHazard"
"5574","VIC","2016-03-05",46,"Safe"
"5575","VIC","2016-03-06",61,"Safe"
"5576","VIC","2016-03-07",57,"Safe"
"5577","VIC","2016-03-08",65,"MinorHazard"
"5578","VIC","2016-03-09",57,"Safe"
"5579","VIC","2016-03-10",43,"Safe"
"5580","VIC","2016-03-11",30,"Safe"
"5581","VIC","2016-03-12",39,"Safe"
"5582","VIC","2016-03-13",39,"Safe"
"5583","VIC","2016-03-14",54,"Safe"
"5584","VIC","2016-03-15",61,"Safe"
"5585","VIC","2016-03-16",52,"Safe"
"5586","VIC","2016-03-17",69,"MinorHazard"
"5587","VIC","2016-03-18",89,"MinorHazard"
"5588","VIC","2016-03-19",41,"Safe"
"5589","VIC","2016-03-20",41,"Safe"
"5590","VIC","2016-03-21",48,"Safe"
"5591","VIC","2016-03-22",35,"Safe"
"5592","VIC","2016-03-23",48,"Safe"
"5593","VIC","2016-03-24",37,"Safe"
"5594","VIC","2016-03-25",41,"Safe"
"5595","VIC","2016-03-26",41,"Safe"
"5596","VIC","2016-03-27",50,"Safe"
"5597","VIC","2016-03-28",46,"Safe"
"5598","VIC","2016-03-29",50,"Safe"
"5599","VIC","2016-03-30",41,"Safe"
"5600","VIC","2016-03-31",50,"Safe"
"5601","VIC","2016-04-01",63,"MinorHazard"
"5602","VIC","2016-04-02",56,"Safe"
"5603","VIC","2016-04-03",43,"Safe"
"5604","VIC","2016-04-04",41,"Safe"
"5605","VIC","2016-04-05",61,"Safe"
"5606","VIC","2016-04-06",50,"Safe"
"5607","VIC","2016-04-07",33,"Safe"
"5608","VIC","2016-04-08",39,"Safe"
"5609","VIC","2016-04-09",43,"Safe"
"5610","VIC","2016-04-10",59,"Safe"
"5611","VIC","2016-04-11",57,"Safe"
"5612","VIC","2016-04-12",35,"Safe"
"5613","VIC","2016-04-13",41,"Safe"
"5614","VIC","2016-04-14",46,"Safe"
"5615","VIC","2016-04-15",46,"Safe"
"5616","VIC","2016-04-16",46,"Safe"
"5617","VIC","2016-04-17",56,"Safe"
"5618","VIC","2016-04-18",54,"Safe"
"5619","VIC","2016-04-19",54,"Safe"
"5620","VIC","2016-04-20",52,"Safe"
"5621","VIC","2016-04-21",54,"Safe"
"5622","VIC","2016-04-22",44,"Safe"
"5623","VIC","2016-04-23",43,"Safe"
"5624","VIC","2016-04-24",41,"Safe"
"5625","VIC","2016-04-25",50,"Safe"
"5626","VIC","2016-04-26",52,"Safe"
"5627","VIC","2016-04-27",67,"MinorHazard"
"5628","VIC","2016-04-28",52,"Safe"
"5629","VIC","2016-04-29",52,"Safe"
"5630","VIC","2016-04-30",78,"MinorHazard"
"5631","VIC","2016-05-01",76,"MinorHazard"
"5632","VIC","2016-05-02",67,"MinorHazard"
"5633","VIC","2016-05-03",85,"MinorHazard"
"5634","VIC","2016-05-04",56,"Safe"
"5635","VIC","2016-05-05",70,"MinorHazard"
"5636","VIC","2016-05-06",65,"MinorHazard"
"5637","VIC","2016-05-07",56,"Safe"
"5638","VIC","2016-05-08",61,"Safe"
"5639","VIC","2016-05-09",81,"MinorHazard"
"5640","VIC","2016-05-10",80,"MinorHazard"
"5641","VIC","2016-05-11",69,"MinorHazard"
"5642","VIC","2016-05-12",81,"MinorHazard"
"5643","VIC","2016-05-13",69,"MinorHazard"
"5644","VIC","2016-05-14",57,"Safe"
"5645","VIC","2016-05-15",76,"MinorHazard"
"5646","VIC","2016-05-16",78,"MinorHazard"
"5647","VIC","2016-05-17",74,"MinorHazard"
"5648","VIC","2016-05-18",52,"Safe"
"5649","VIC","2016-05-19",70,"MinorHazard"
"5650","VIC","2016-05-20",44,"Safe"
"5651","VIC","2016-05-21",54,"Safe"
"5652","VIC","2016-05-22",80,"MinorHazard"
"5653","VIC","2016-05-23",81,"MinorHazard"
"5654","VIC","2016-05-24",54,"Safe"
"5655","VIC","2016-05-25",65,"MinorHazard"
"5656","VIC","2016-05-26",52,"Safe"
"5657","VIC","2016-05-27",52,"Safe"
"5658","VIC","2016-05-28",43,"Safe"
"5659","VIC","2016-05-29",56,"Safe"
"5660","VIC","2016-05-30",48,"Safe"
"5661","VIC","2016-05-31",37,"Safe"
"5662","VIC","2016-06-01",31,"Safe"
"5663","VIC","2016-06-02",61,"Safe"
"5664","VIC","2016-06-03",30,"Safe"
"5665","VIC","2016-06-04",41,"Safe"
"5666","VIC","2016-06-05",37,"Safe"
"5667","VIC","2016-06-06",54,"Safe"
"5668","VIC","2016-06-07",54,"Safe"
"5669","VIC","2016-06-08",74,"MinorHazard"
"5670","VIC","2016-06-09",54,"Safe"
"5671","VIC","2016-06-10",65,"MinorHazard"
"5672","VIC","2016-06-11",72,"MinorHazard"
"5673","VIC","2016-06-12",48,"Safe"
"5674","VIC","2016-06-13",70,"MinorHazard"
"5675","VIC","2016-06-14",61,"Safe"
"5676","VIC","2016-06-15",43,"Safe"
"5677","VIC","2016-06-16",67,"MinorHazard"
"5678","VIC","2016-06-17",46,"Safe"
"5679","VIC","2016-06-18",41,"Safe"
"5680","VIC","2016-06-19",41,"Safe"
"5681","VIC","2016-06-20",52,"Safe"
"5682","VIC","2016-06-21",69,"MinorHazard"
"5683","VIC","2016-06-22",74,"MinorHazard"
"5684","VIC","2016-06-23",78,"MinorHazard"
"5685","VIC","2016-06-24",74,"MinorHazard"
"5686","VIC","2016-06-25",43,"Safe"
"5687","VIC","2016-06-26",43,"Safe"
"5688","VIC","2016-06-27",44,"Safe"
"5689","VIC","2016-06-28",54,"Safe"
"5690","VIC","2016-06-29",61,"Safe"
"5691","VIC","2016-06-30",85,"MinorHazard"
"5692","VIC","2016-07-01",52,"Safe"
"5693","VIC","2016-07-02",54,"Safe"
"5694","VIC","2016-07-03",52,"Safe"
"5695","VIC","2016-07-04",46,"Safe"
"5696","VIC","2016-07-05",48,"Safe"
"5697","VIC","2016-07-06",54,"Safe"
"5698","VIC","2016-07-07",39,"Safe"
"5699","VIC","2016-07-08",33,"Safe"
"5700","VIC","2016-07-09",50,"Safe"
"5701","VIC","2016-07-10",85,"MinorHazard"
"5702","VIC","2016-07-11",81,"MinorHazard"
"5703","VIC","2016-07-12",91,"Damaging"
"5704","VIC","2016-07-13",87,"MinorHazard"
"5705","VIC","2016-07-14",74,"MinorHazard"
"5706","VIC","2016-07-15",52,"Safe"
"5707","VIC","2016-07-16",35,"Safe"
"5708","VIC","2016-07-17",72,"MinorHazard"
"5709","VIC","2016-07-18",69,"MinorHazard"
"5710","VIC","2016-07-19",33,"Safe"
"5711","VIC","2016-07-20",28,"Safe"
"5712","VIC","2016-07-21",83,"MinorHazard"
"5713","VIC","2016-07-22",83,"MinorHazard"
"5714","VIC","2016-07-23",91,"Damaging"
"5715","VIC","2016-07-24",65,"MinorHazard"
"5716","VIC","2016-07-25",102,"Damaging"
"5717","VIC","2016-07-26",67,"MinorHazard"
"5718","VIC","2016-07-27",59,"Safe"
"5719","VIC","2016-07-28",69,"MinorHazard"
"5720","VIC","2016-07-29",65,"MinorHazard"
"5721","VIC","2016-07-30",80,"MinorHazard"
"5722","VIC","2016-07-31",70,"MinorHazard"
"5723","VIC","2016-08-01",52,"Safe"
"5724","VIC","2016-08-02",52,"Safe"
"5725","VIC","2016-08-03",46,"Safe"
"5726","VIC","2016-08-04",41,"Safe"
"5727","VIC","2016-08-05",30,"Safe"
"5728","VIC","2016-08-06",44,"Safe"
"5729","VIC","2016-08-07",31,"Safe"
"5730","VIC","2016-08-08",80,"MinorHazard"
"5731","VIC","2016-08-09",89,"MinorHazard"
"5732","VIC","2016-08-10",83,"MinorHazard"
"5733","VIC","2016-08-11",63,"MinorHazard"
"5734","VIC","2016-08-12",57,"Safe"
"5735","VIC","2016-08-13",76,"MinorHazard"
"5736","VIC","2016-08-14",50,"Safe"
"5737","VIC","2016-08-15",56,"Safe"
"5738","VIC","2016-08-16",61,"Safe"
"5739","VIC","2016-08-17",59,"Safe"
"5740","VIC","2016-08-18",85,"MinorHazard"
"5741","VIC","2016-08-19",70,"MinorHazard"
"5742","VIC","2016-08-20",65,"MinorHazard"
"5743","VIC","2016-08-21",41,"Safe"
"5744","VIC","2016-08-22",44,"Safe"
"5745","VIC","2016-08-23",31,"Safe"
"5746","VIC","2016-08-24",50,"Safe"
"5747","VIC","2016-08-25",54,"Safe"
"5748","VIC","2016-08-26",46,"Safe"
"5749","VIC","2016-08-27",52,"Safe"
"5750","VIC","2016-08-28",43,"Safe"
"5751","VIC","2016-08-29",48,"Safe"
"5752","VIC","2016-08-30",72,"MinorHazard"
"5753","VIC","2016-08-31",52,"Safe"
"5754","VIC","2016-09-01",31,"Safe"
"5755","VIC","2016-09-02",43,"Safe"
"5756","VIC","2016-09-03",57,"Safe"
"5757","VIC","2016-09-04",56,"Safe"
"5758","VIC","2016-09-05",39,"Safe"
"5759","VIC","2016-09-06",37,"Safe"
"5760","VIC","2016-09-07",56,"Safe"
"5761","VIC","2016-09-08",70,"MinorHazard"
"5762","VIC","2016-09-09",70,"MinorHazard"
"5763","VIC","2016-09-10",65,"MinorHazard"
"5764","VIC","2016-09-11",44,"Safe"
"5765","VIC","2016-09-12",63,"MinorHazard"
"5766","VIC","2016-09-13",61,"Safe"
"5767","VIC","2016-09-14",78,"MinorHazard"
"5768","VIC","2016-09-15",57,"Safe"
"5769","VIC","2016-09-16",46,"Safe"
"5770","VIC","2016-09-17",56,"Safe"
"5771","VIC","2016-09-18",50,"Safe"
"5772","VIC","2016-09-19",41,"Safe"
"5773","VIC","2016-09-20",52,"Safe"
"5774","VIC","2016-09-21",48,"Safe"
"5775","VIC","2016-09-22",50,"Safe"
"5776","VIC","2016-09-23",31,"Safe"
"5777","VIC","2016-09-24",54,"Safe"
"5778","VIC","2016-09-25",54,"Safe"
"5779","VIC","2016-09-26",56,"Safe"
"5780","VIC","2016-09-27",50,"Safe"
"5781","VIC","2016-09-28",80,"MinorHazard"
"5782","VIC","2016-09-29",80,"MinorHazard"
"5783","VIC","2016-09-30",65,"MinorHazard"
"5784","VIC","2016-10-01",57,"Safe"
"5785","VIC","2016-10-02",93,"Damaging"
"5786","VIC","2016-10-03",78,"MinorHazard"
"5787","VIC","2016-10-04",93,"Damaging"
"5788","VIC","2016-10-05",76,"MinorHazard"
"5789","VIC","2016-10-06",78,"MinorHazard"
"5790","VIC","2016-10-07",74,"MinorHazard"
"5791","VIC","2016-10-08",44,"Safe"
"5792","VIC","2016-10-09",107,"Damaging"
"5793","VIC","2016-10-10",78,"MinorHazard"
"5794","VIC","2016-10-11",63,"MinorHazard"
"5795","VIC","2016-10-12",61,"Safe"
"5796","VIC","2016-10-13",35,"Safe"
"5797","VIC","2016-10-14",43,"Safe"
"5798","VIC","2016-10-15",81,"MinorHazard"
"5799","VIC","2016-10-16",93,"Damaging"
"5800","VIC","2016-10-17",69,"MinorHazard"
"5801","VIC","2016-10-18",70,"MinorHazard"
"5802","VIC","2016-10-20",85,"MinorHazard"
"5803","VIC","2016-10-21",100,"Damaging"
"5804","VIC","2016-10-22",69,"MinorHazard"
"5805","VIC","2016-10-23",48,"Safe"
"5806","VIC","2016-10-24",39,"Safe"
"5807","VIC","2016-10-25",72,"MinorHazard"
"5808","VIC","2016-10-26",59,"Safe"
"5809","VIC","2016-10-27",44,"Safe"
"5810","VIC","2016-10-28",37,"Safe"
"5811","VIC","2016-10-29",41,"Safe"
"5812","VIC","2016-10-30",91,"Damaging"
"5813","VIC","2016-10-31",74,"MinorHazard"
"5814","VIC","2016-11-01",61,"Safe"
"5815","VIC","2016-11-02",59,"Safe"
"5816","VIC","2016-11-03",46,"Safe"
"5817","VIC","2016-11-04",83,"MinorHazard"
"5818","VIC","2016-11-05",104,"Damaging"
"5819","VIC","2016-11-06",69,"MinorHazard"
"5820","VIC","2016-11-07",78,"MinorHazard"
"5821","VIC","2016-11-08",41,"Safe"
"5822","VIC","2016-11-09",39,"Safe"
"5823","VIC","2016-11-10",43,"Safe"
"5824","VIC","2016-11-11",96,"Damaging"
"5825","VIC","2016-11-12",76,"MinorHazard"
"5826","VIC","2016-11-13",94,"Damaging"
"5827","VIC","2016-11-14",57,"Safe"
"5828","VIC","2016-11-15",57,"Safe"
"5829","VIC","2016-11-16",46,"Safe"
"5830","VIC","2016-11-17",61,"Safe"
"5831","VIC","2016-11-18",37,"Safe"
"5832","VIC","2016-11-19",37,"Safe"
"5833","VIC","2016-11-20",70,"MinorHazard"
"5834","VIC","2016-11-21",91,"Damaging"
"5835","VIC","2016-11-22",52,"Safe"
"5836","VIC","2016-11-23",61,"Safe"
"5837","VIC","2016-11-24",59,"Safe"
"5838","VIC","2016-11-25",61,"Safe"
"5839","VIC","2016-11-26",54,"Safe"
"5840","VIC","2016-11-27",37,"Safe"
"5841","VIC","2016-11-28",44,"Safe"
"5842","VIC","2016-11-29",43,"Safe"
"5843","VIC","2016-11-30",41,"Safe"
"5844","VIC","2016-12-01",50,"Safe"
"5845","VIC","2016-12-02",48,"Safe"
"5846","VIC","2016-12-03",43,"Safe"
"5847","VIC","2016-12-04",72,"MinorHazard"
"5848","VIC","2016-12-05",52,"Safe"
"5849","VIC","2016-12-06",41,"Safe"
"5850","VIC","2016-12-07",48,"Safe"
"5851","VIC","2016-12-08",87,"MinorHazard"
"5852","VIC","2016-12-09",65,"MinorHazard"
"5853","VIC","2016-12-10",37,"Safe"
"5854","VIC","2016-12-11",43,"Safe"
"5855","VIC","2016-12-12",48,"Safe"
"5856","VIC","2016-12-13",67,"MinorHazard"
"5857","VIC","2016-12-14",76,"MinorHazard"
"5858","VIC","2016-12-15",50,"Safe"
"5859","VIC","2016-12-16",46,"Safe"
"5860","VIC","2016-12-17",94,"Damaging"
"5861","VIC","2016-12-18",41,"Safe"
"5862","VIC","2016-12-19",65,"MinorHazard"
"5863","VIC","2016-12-20",54,"Safe"
"5864","VIC","2016-12-21",54,"Safe"
"5865","VIC","2016-12-22",43,"Safe"
"5866","VIC","2016-12-23",43,"Safe"
"5867","VIC","2016-12-24",61,"Safe"
"5868","VIC","2016-12-25",56,"Safe"
"5869","VIC","2016-12-26",65,"MinorHazard"
"5870","VIC","2016-12-27",57,"Safe"
"5871","VIC","2016-12-28",89,"MinorHazard"
"5872","VIC","2016-12-29",65,"MinorHazard"
"5873","VIC","2016-12-30",59,"Safe"
"5874","VIC","2016-12-31",43,"Safe"
"5875","VIC","2017-01-01",48,"Safe"
"5876","VIC","2017-01-02",48,"Safe"
"5877","VIC","2017-01-03",50,"Safe"
"5878","VIC","2017-01-04",50,"Safe"
"5879","VIC","2017-01-05",44,"Safe"
"5880","VIC","2017-01-06",52,"Safe"
"5881","VIC","2017-01-07",57,"Safe"
"5882","VIC","2017-01-08",63,"MinorHazard"
"5883","VIC","2017-01-09",37,"Safe"
"5884","VIC","2017-01-10",44,"Safe"
"5885","VIC","2017-01-11",57,"Safe"
"5886","VIC","2017-01-12",35,"Safe"
"5887","VIC","2017-01-13",69,"MinorHazard"
"5888","VIC","2017-01-14",74,"MinorHazard"
"5889","VIC","2017-01-15",39,"Safe"
"5890","VIC","2017-01-16",43,"Safe"
"5891","VIC","2017-01-17",56,"Safe"
"5892","VIC","2017-01-18",57,"Safe"
"5893","VIC","2017-01-19",48,"Safe"
"5894","VIC","2017-01-20",89,"MinorHazard"
"5895","VIC","2017-01-21",41,"Safe"
"5896","VIC","2017-01-22",39,"Safe"
"5897","VIC","2017-01-23",65,"MinorHazard"
"5898","VIC","2017-01-24",70,"MinorHazard"
"5899","VIC","2017-01-25",43,"Safe"
"5900","VIC","2017-01-26",39,"Safe"
"5901","VIC","2017-01-27",35,"Safe"
"5902","VIC","2017-01-28",50,"Safe"
"5903","VIC","2017-01-29",39,"Safe"
"5904","VIC","2017-01-30",80,"MinorHazard"
"5905","VIC","2017-01-31",54,"Safe"
"5906","VIC","2017-02-01",43,"Safe"
"5907","VIC","2017-02-02",44,"Safe"
"5908","VIC","2017-02-03",44,"Safe"
"5909","VIC","2017-02-04",56,"Safe"
"5910","VIC","2017-02-05",54,"Safe"
"5911","VIC","2017-02-06",50,"Safe"
"5912","VIC","2017-02-07",70,"MinorHazard"
"5913","VIC","2017-02-08",65,"MinorHazard"
"5914","VIC","2017-02-09",87,"MinorHazard"
"5915","VIC","2017-02-10",41,"Safe"
"5916","VIC","2017-02-11",50,"Safe"
"5917","VIC","2017-02-12",70,"MinorHazard"
"5918","VIC","2017-02-13",63,"MinorHazard"
"5919","VIC","2017-02-14",39,"Safe"
"5920","VIC","2017-02-15",63,"MinorHazard"
"5921","VIC","2017-02-16",48,"Safe"
"5922","VIC","2017-02-17",57,"Safe"
"5923","VIC","2017-02-18",54,"Safe"
"5924","VIC","2017-02-19",61,"Safe"
"5925","VIC","2017-02-20",54,"Safe"
"5926","VIC","2017-02-21",39,"Safe"
"5927","VIC","2017-02-22",70,"MinorHazard"
"5928","VIC","2017-02-23",61,"Safe"
"5929","VIC","2017-02-24",48,"Safe"
"5930","VIC","2017-02-25",56,"Safe"
"5931","VIC","2017-02-26",52,"Safe"
"5932","VIC","2017-02-27",57,"Safe"
"5933","VIC","2017-02-28",46,"Safe"
"5934","VIC","2017-03-01",39,"Safe"
"5935","VIC","2017-03-02",56,"Safe"
"5936","VIC","2017-03-03",52,"Safe"
"5937","VIC","2017-03-04",50,"Safe"
"5938","VIC","2017-03-05",52,"Safe"
"5939","VIC","2017-03-06",61,"Safe"
"5940","VIC","2017-03-07",57,"Safe"
"5941","VIC","2017-03-08",46,"Safe"
"5942","VIC","2017-03-09",50,"Safe"
"5943","VIC","2017-03-10",37,"Safe"
"5944","VIC","2017-03-11",54,"Safe"
"5945","VIC","2017-03-12",56,"Safe"
"5946","VIC","2017-03-13",44,"Safe"
"5947","VIC","2017-03-14",59,"Safe"
"5948","VIC","2017-03-15",65,"MinorHazard"
"5949","VIC","2017-03-16",61,"Safe"
"5950","VIC","2017-03-17",57,"Safe"
"5951","VIC","2017-03-18",52,"Safe"
"5952","VIC","2017-03-19",37,"Safe"
"5953","VIC","2017-03-20",54,"Safe"
"5954","VIC","2017-03-21",54,"Safe"
"5955","VIC","2017-03-22",57,"Safe"
"5956","VIC","2017-03-23",65,"MinorHazard"
"5957","VIC","2017-03-24",46,"Safe"
"5958","VIC","2017-03-25",56,"Safe"
"5959","VIC","2017-03-26",35,"Safe"
"5960","VIC","2017-03-27",81,"MinorHazard"
"5961","VIC","2017-03-28",50,"Safe"
"5962","VIC","2017-03-29",69,"MinorHazard"
"5963","VIC","2017-03-30",59,"Safe"
"5964","VIC","2017-03-31",43,"Safe"
"5965","VIC","2017-04-01",57,"Safe"
"5966","VIC","2017-04-03",43,"Safe"
"5967","VIC","2017-04-04",48,"Safe"
"5968","VIC","2017-04-05",50,"Safe"
"5969","VIC","2017-04-06",46,"Safe"
"5970","VIC","2017-04-07",57,"Safe"
"5971","VIC","2017-04-08",85,"MinorHazard"
"5972","VIC","2017-04-09",81,"MinorHazard"
"5973","VIC","2017-04-10",72,"MinorHazard"
"5974","VIC","2017-04-11",44,"Safe"
"5975","VIC","2017-04-12",39,"Safe"
"5976","VIC","2017-04-13",35,"Safe"
"5977","VIC","2017-04-14",33,"Safe"
"5978","VIC","2017-04-15",31,"Safe"
"5979","VIC","2017-04-16",41,"Safe"
"5980","VIC","2017-04-17",41,"Safe"
"5981","VIC","2017-04-18",37,"Safe"
"5982","VIC","2017-04-19",54,"Safe"
"5983","VIC","2017-04-20",61,"Safe"
"5984","VIC","2017-04-21",63,"MinorHazard"
"5985","VIC","2017-04-22",52,"Safe"
"5986","VIC","2017-04-23",30,"Safe"
"5987","VIC","2017-04-24",41,"Safe"
"5988","VIC","2017-04-25",52,"Safe"
"5989","VIC","2017-04-26",76,"MinorHazard"
"5990","VIC","2017-04-27",41,"Safe"
"5991","VIC","2017-04-28",46,"Safe"
"5992","VIC","2017-04-29",41,"Safe"
"5993","VIC","2017-04-30",39,"Safe"
"5994","VIC","2017-05-01",48,"Safe"
"5995","VIC","2017-05-02",54,"Safe"
"5996","VIC","2017-05-03",37,"Safe"
"5997","VIC","2017-05-04",24,"Safe"
"5998","VIC","2017-05-05",48,"Safe"
"5999","VIC","2017-05-06",63,"MinorHazard"
"6000","VIC","2017-05-07",50,"Safe"
"6001","VIC","2017-05-08",41,"Safe"
"6002","VIC","2017-05-09",37,"Safe"
"6003","VIC","2017-05-10",24,"Safe"
"6004","VIC","2017-05-11",26,"Safe"
"6005","VIC","2017-05-12",39,"Safe"
"6006","VIC","2017-05-13",50,"Safe"
"6007","VIC","2017-05-14",39,"Safe"
"6008","VIC","2017-05-15",37,"Safe"
"6009","VIC","2017-05-16",43,"Safe"
"6010","VIC","2017-05-17",46,"Safe"
"6011","VIC","2017-05-18",46,"Safe"
"6012","VIC","2017-05-19",52,"Safe"
"6013","VIC","2017-05-20",41,"Safe"
"6014","VIC","2017-05-21",50,"Safe"
"6015","VIC","2017-05-22",70,"MinorHazard"
"6016","VIC","2017-05-23",59,"Safe"
"6017","VIC","2017-05-24",48,"Safe"
"6018","VIC","2017-05-25",48,"Safe"
"6019","VIC","2017-05-26",44,"Safe"
"6020","VIC","2017-05-27",65,"MinorHazard"
"6021","VIC","2017-05-28",65,"MinorHazard"
"6022","VIC","2017-05-29",44,"Safe"
"6023","VIC","2017-05-30",61,"Safe"
"6024","VIC","2017-05-31",41,"Safe"
"6025","VIC","2017-06-01",46,"Safe"
"6026","VIC","2017-06-02",33,"Safe"
"6027","VIC","2017-06-03",28,"Safe"
"6028","VIC","2017-06-04",26,"Safe"
"6029","VIC","2017-06-05",61,"Safe"
"6030","VIC","2017-06-06",52,"Safe"
"6031","VIC","2017-06-07",39,"Safe"
"6032","VIC","2017-06-08",39,"Safe"
"6033","VIC","2017-06-09",50,"Safe"
"6034","VIC","2017-06-10",26,"Safe"
"6035","VIC","2017-06-11",37,"Safe"
"6036","VIC","2017-06-12",50,"Safe"
"6037","VIC","2017-06-13",24,"Safe"
"6038","VIC","2017-06-14",39,"Safe"
"6039","VIC","2017-06-15",31,"Safe"
"6040","VIC","2017-06-16",26,"Safe"
"6041","VIC","2017-06-17",31,"Safe"
"6042","VIC","2017-06-18",30,"Safe"
"6043","VIC","2017-06-19",35,"Safe"
"6044","VIC","2017-06-20",48,"Safe"
"6045","VIC","2017-06-21",37,"Safe"
"6046","VIC","2017-06-22",39,"Safe"
"6047","VIC","2017-06-23",57,"Safe"
"6048","VIC","2017-06-24",33,"Safe"
"6049","VIC","2017-06-25",57,"Safe"
"6050","VIC","2009-03-06",48,"Safe"
"6051","VIC","2009-05-01",50,"Safe"
"6052","VIC","2009-09-24",65,"MinorHazard"
"6053","VIC","2009-09-25",70,"MinorHazard"
"6054","VIC","2010-12-27",57,"Safe"
"6055","VIC","2011-01-14",72,"MinorHazard"
"6056","VIC","2011-01-25",59,"Safe"
"6057","VIC","2011-02-11",56,"Safe"
"6058","VIC","2011-02-18",52,"Safe"
"6059","VIC","2011-02-25",37,"Safe"
"6060","VIC","2011-02-26",39,"Safe"
"6061","VIC","2011-02-27",37,"Safe"
"6062","VIC","2011-03-12",46,"Safe"
"6063","VIC","2011-03-24",57,"Safe"
"6064","VIC","2011-10-27",57,"Safe"
"6065","VIC","2011-11-11",35,"Safe"
"6066","VIC","2011-11-12",41,"Safe"
"6067","VIC","2011-12-07",41,"Safe"
"6068","VIC","2011-12-28",43,"Safe"
"6069","VIC","2011-12-29",41,"Safe"
"6070","VIC","2012-01-26",52,"Safe"
"6071","VIC","2012-03-04",59,"Safe"
"6072","VIC","2012-07-18",56,"Safe"
"6073","VIC","2014-09-03",35,"Safe"
"6074","VIC","2014-11-01",87,"MinorHazard"
"6075","VIC","2015-04-01",63,"MinorHazard"
"6076","VIC","2016-02-08",46,"Safe"
"6077","VIC","2016-10-19",46,"Safe"
"6078","VIC","2009-02-12",57,"Safe"
"6079","VIC","2011-02-07",43,"Safe"
"6080","VIC","2017-04-02",52,"Safe"
"6081","VIC","2008-07-01",63,"MinorHazard"
"6082","VIC","2008-07-02",63,"MinorHazard"
"6083","VIC","2008-07-03",39,"Safe"
"6084","VIC","2008-07-04",19,"Safe"
"6085","VIC","2008-07-05",52,"Safe"
"6086","VIC","2008-07-06",74,"MinorHazard"
"6087","VIC","2008-07-07",57,"Safe"
"6088","VIC","2008-07-08",37,"Safe"
"6089","VIC","2008-07-09",35,"Safe"
"6090","VIC","2008-07-10",69,"MinorHazard"
"6091","VIC","2008-07-11",52,"Safe"
"6092","VIC","2008-07-12",91,"Damaging"
"6093","VIC","2008-07-13",87,"MinorHazard"
"6094","VIC","2008-07-14",54,"Safe"
"6095","VIC","2008-07-15",39,"Safe"
"6096","VIC","2008-07-16",43,"Safe"
"6097","VIC","2008-07-17",59,"Safe"
"6098","VIC","2008-07-18",56,"Safe"
"6099","VIC","2008-07-19",72,"MinorHazard"
"6100","VIC","2008-07-20",63,"MinorHazard"
"6101","VIC","2008-07-21",70,"MinorHazard"
"6102","VIC","2008-07-22",41,"Safe"
"6103","VIC","2008-07-23",24,"Safe"
"6104","VIC","2008-07-24",33,"Safe"
"6105","VIC","2008-07-25",37,"Safe"
"6106","VIC","2008-07-26",41,"Safe"
"6107","VIC","2008-07-27",31,"Safe"
"6108","VIC","2008-07-28",41,"Safe"
"6109","VIC","2008-07-29",33,"Safe"
"6110","VIC","2008-07-30",56,"Safe"
"6111","VIC","2008-07-31",69,"MinorHazard"
"6112","VIC","2008-08-01",80,"MinorHazard"
"6113","VIC","2008-08-02",46,"Safe"
"6114","VIC","2008-08-03",52,"Safe"
"6115","VIC","2008-08-04",54,"Safe"
"6116","VIC","2008-08-05",30,"Safe"
"6117","VIC","2008-08-06",35,"Safe"
"6118","VIC","2008-08-07",41,"Safe"
"6119","VIC","2008-08-08",35,"Safe"
"6120","VIC","2008-08-09",46,"Safe"
"6121","VIC","2008-08-10",70,"MinorHazard"
"6122","VIC","2008-08-11",50,"Safe"
"6123","VIC","2008-08-12",63,"MinorHazard"
"6124","VIC","2008-08-13",46,"Safe"
"6125","VIC","2008-08-14",56,"Safe"
"6126","VIC","2008-08-15",50,"Safe"
"6127","VIC","2008-08-16",52,"Safe"
"6128","VIC","2008-08-17",31,"Safe"
"6129","VIC","2008-08-18",41,"Safe"
"6130","VIC","2008-08-19",50,"Safe"
"6131","VIC","2008-08-20",52,"Safe"
"6132","VIC","2008-08-21",41,"Safe"
"6133","VIC","2008-08-22",46,"Safe"
"6134","VIC","2008-08-23",26,"Safe"
"6135","VIC","2008-08-24",20,"Safe"
"6136","VIC","2008-08-25",37,"Safe"
"6137","VIC","2008-08-26",46,"Safe"
"6138","VIC","2008-08-27",30,"Safe"
"6139","VIC","2008-08-28",26,"Safe"
"6140","VIC","2008-08-29",41,"Safe"
"6141","VIC","2008-08-30",80,"MinorHazard"
"6142","VIC","2008-08-31",72,"MinorHazard"
"6143","VIC","2008-09-01",61,"Safe"
"6144","VIC","2008-09-02",43,"Safe"
"6145","VIC","2008-09-03",33,"Safe"
"6146","VIC","2008-09-04",30,"Safe"
"6147","VIC","2008-09-05",37,"Safe"
"6148","VIC","2008-09-06",26,"Safe"
"6149","VIC","2008-09-07",41,"Safe"
"6150","VIC","2008-09-08",39,"Safe"
"6151","VIC","2008-09-09",30,"Safe"
"6152","VIC","2008-09-10",44,"Safe"
"6153","VIC","2008-09-11",67,"MinorHazard"
"6154","VIC","2008-09-12",91,"Damaging"
"6155","VIC","2008-09-13",70,"MinorHazard"
"6156","VIC","2008-09-14",70,"MinorHazard"
"6157","VIC","2008-09-15",102,"Damaging"
"6158","VIC","2008-09-16",50,"Safe"
"6159","VIC","2008-09-17",39,"Safe"
"6160","VIC","2008-09-18",69,"MinorHazard"
"6161","VIC","2008-09-19",67,"MinorHazard"
"6162","VIC","2008-09-20",63,"MinorHazard"
"6163","VIC","2008-09-21",69,"MinorHazard"
"6164","VIC","2008-09-22",83,"MinorHazard"
"6165","VIC","2008-09-23",54,"Safe"
"6166","VIC","2008-09-24",30,"Safe"
"6167","VIC","2008-09-25",65,"MinorHazard"
"6168","VIC","2008-09-26",63,"MinorHazard"
"6169","VIC","2008-09-27",74,"MinorHazard"
"6170","VIC","2008-09-28",61,"Safe"
"6171","VIC","2008-09-29",52,"Safe"
"6172","VIC","2008-09-30",33,"Safe"
"6173","VIC","2008-10-01",74,"MinorHazard"
"6174","VIC","2008-10-02",56,"Safe"
"6175","VIC","2008-10-03",59,"Safe"
"6176","VIC","2008-10-04",39,"Safe"
"6177","VIC","2008-10-05",41,"Safe"
"6178","VIC","2008-10-06",70,"MinorHazard"
"6179","VIC","2008-10-07",46,"Safe"
"6180","VIC","2008-10-08",39,"Safe"
"6181","VIC","2008-10-09",30,"Safe"
"6182","VIC","2008-10-10",46,"Safe"
"6183","VIC","2008-10-11",52,"Safe"
"6184","VIC","2008-10-12",63,"MinorHazard"
"6185","VIC","2008-10-13",59,"Safe"
"6186","VIC","2008-10-14",37,"Safe"
"6187","VIC","2008-10-15",39,"Safe"
"6188","VIC","2008-10-16",33,"Safe"
"6189","VIC","2008-10-17",35,"Safe"
"6190","VIC","2008-10-18",59,"Safe"
"6191","VIC","2008-10-19",46,"Safe"
"6192","VIC","2008-10-20",46,"Safe"
"6193","VIC","2008-10-21",56,"Safe"
"6194","VIC","2008-10-22",52,"Safe"
"6195","VIC","2008-10-23",30,"Safe"
"6196","VIC","2008-10-24",46,"Safe"
"6197","VIC","2008-10-25",72,"MinorHazard"
"6198","VIC","2008-10-26",72,"MinorHazard"
"6199","VIC","2008-10-27",56,"Safe"
"6200","VIC","2008-10-28",41,"Safe"
"6201","VIC","2008-10-29",39,"Safe"
"6202","VIC","2008-10-30",76,"MinorHazard"
"6203","VIC","2008-10-31",54,"Safe"
"6204","VIC","2008-11-01",37,"Safe"
"6205","VIC","2008-11-02",57,"Safe"
"6206","VIC","2008-11-03",56,"Safe"
"6207","VIC","2008-11-04",48,"Safe"
"6208","VIC","2008-11-05",52,"Safe"
"6209","VIC","2008-11-06",46,"Safe"
"6210","VIC","2008-11-07",87,"MinorHazard"
"6211","VIC","2008-11-08",59,"Safe"
"6212","VIC","2008-11-09",33,"Safe"
"6213","VIC","2008-11-10",35,"Safe"
"6214","VIC","2008-11-11",41,"Safe"
"6215","VIC","2008-11-12",65,"MinorHazard"
"6216","VIC","2008-11-13",78,"MinorHazard"
"6217","VIC","2008-11-14",35,"Safe"
"6218","VIC","2008-11-15",57,"Safe"
"6219","VIC","2008-11-16",50,"Safe"
"6220","VIC","2008-11-17",37,"Safe"
"6221","VIC","2008-11-18",30,"Safe"
"6222","VIC","2008-11-19",30,"Safe"
"6223","VIC","2008-11-20",52,"Safe"
"6224","VIC","2008-11-21",61,"Safe"
"6225","VIC","2008-11-22",72,"MinorHazard"
"6226","VIC","2008-11-23",63,"MinorHazard"
"6227","VIC","2008-11-24",37,"Safe"
"6228","VIC","2008-11-25",39,"Safe"
"6229","VIC","2008-11-26",54,"Safe"
"6230","VIC","2008-11-27",72,"MinorHazard"
"6231","VIC","2008-11-28",33,"Safe"
"6232","VIC","2008-11-29",44,"Safe"
"6233","VIC","2008-11-30",59,"Safe"
"6234","ACT","2007-11-01",30,"Safe"
"6235","ACT","2007-11-02",39,"Safe"
"6236","ACT","2007-11-03",85,"MinorHazard"
"6237","ACT","2007-11-04",54,"Safe"
"6238","ACT","2007-11-05",50,"Safe"
"6239","ACT","2007-11-06",44,"Safe"
"6240","ACT","2007-11-07",43,"Safe"
"6241","ACT","2007-11-08",41,"Safe"
"6242","ACT","2007-11-09",48,"Safe"
"6243","ACT","2007-11-10",31,"Safe"
"6244","ACT","2007-11-11",30,"Safe"
"6245","ACT","2007-11-12",41,"Safe"
"6246","ACT","2007-11-13",30,"Safe"
"6247","ACT","2007-11-14",44,"Safe"
"6248","ACT","2007-11-15",41,"Safe"
"6249","ACT","2007-11-16",46,"Safe"
"6250","ACT","2007-11-17",44,"Safe"
"6251","ACT","2007-11-18",52,"Safe"
"6252","ACT","2007-11-19",39,"Safe"
"6253","ACT","2007-11-20",33,"Safe"
"6254","ACT","2007-11-21",59,"Safe"
"6255","ACT","2007-11-22",26,"Safe"
"6256","ACT","2007-11-23",28,"Safe"
"6257","ACT","2007-11-24",26,"Safe"
"6258","ACT","2007-11-25",33,"Safe"
"6259","ACT","2007-11-26",41,"Safe"
"6260","ACT","2007-11-27",39,"Safe"
"6261","ACT","2007-11-28",52,"Safe"
"6262","ACT","2007-11-29",39,"Safe"
"6263","ACT","2007-11-30",30,"Safe"
"6264","ACT","2007-12-01",41,"Safe"
"6265","ACT","2007-12-02",41,"Safe"
"6266","ACT","2007-12-03",50,"Safe"
"6267","ACT","2007-12-04",50,"Safe"
"6268","ACT","2007-12-05",43,"Safe"
"6269","ACT","2007-12-06",39,"Safe"
"6270","ACT","2007-12-07",41,"Safe"
"6271","ACT","2007-12-08",39,"Safe"
"6272","ACT","2007-12-09",43,"Safe"
"6273","ACT","2007-12-10",35,"Safe"
"6274","ACT","2007-12-11",35,"Safe"
"6275","ACT","2007-12-12",41,"Safe"
"6276","ACT","2007-12-13",39,"Safe"
"6277","ACT","2007-12-14",35,"Safe"
"6278","ACT","2007-12-15",41,"Safe"
"6279","ACT","2007-12-16",31,"Safe"
"6280","ACT","2007-12-17",48,"Safe"
"6281","ACT","2007-12-18",39,"Safe"
"6282","ACT","2007-12-19",22,"Safe"
"6283","ACT","2007-12-20",30,"Safe"
"6284","ACT","2007-12-21",41,"Safe"
"6285","ACT","2007-12-22",76,"MinorHazard"
"6286","ACT","2007-12-23",39,"Safe"
"6287","ACT","2007-12-24",44,"Safe"
"6288","ACT","2007-12-25",41,"Safe"
"6289","ACT","2007-12-26",41,"Safe"
"6290","ACT","2007-12-27",65,"MinorHazard"
"6291","ACT","2007-12-28",28,"Safe"
"6292","ACT","2007-12-29",30,"Safe"
"6293","ACT","2007-12-30",39,"Safe"
"6294","ACT","2007-12-31",31,"Safe"
"6295","ACT","2008-01-01",35,"Safe"
"6296","ACT","2008-01-02",41,"Safe"
"6297","ACT","2008-01-03",50,"Safe"
"6298","ACT","2008-01-04",46,"Safe"
"6299","ACT","2008-01-05",35,"Safe"
"6300","ACT","2008-01-06",39,"Safe"
"6301","ACT","2008-01-07",39,"Safe"
"6302","ACT","2008-01-08",46,"Safe"
"6303","ACT","2008-01-09",43,"Safe"
"6304","ACT","2008-01-10",33,"Safe"
"6305","ACT","2008-01-11",57,"Safe"
"6306","ACT","2008-01-12",50,"Safe"
"6307","ACT","2008-01-13",52,"Safe"
"6308","ACT","2008-01-14",50,"Safe"
"6309","ACT","2008-01-15",35,"Safe"
"6310","ACT","2008-01-16",59,"Safe"
"6311","ACT","2008-01-17",46,"Safe"
"6312","ACT","2008-01-18",39,"Safe"
"6313","ACT","2008-01-19",33,"Safe"
"6314","ACT","2008-01-20",50,"Safe"
"6315","ACT","2008-01-21",48,"Safe"
"6316","ACT","2008-01-22",33,"Safe"
"6317","ACT","2008-01-23",28,"Safe"
"6318","ACT","2008-01-24",35,"Safe"
"6319","ACT","2008-01-25",41,"Safe"
"6320","ACT","2008-01-26",28,"Safe"
"6321","ACT","2008-01-27",46,"Safe"
"6322","ACT","2008-01-28",44,"Safe"
"6323","ACT","2008-01-29",46,"Safe"
"6324","ACT","2008-01-30",69,"MinorHazard"
"6325","ACT","2008-01-31",39,"Safe"
"6326","ACT","2008-02-01",30,"Safe"
"6327","ACT","2008-02-02",30,"Safe"
"6328","ACT","2008-02-03",48,"Safe"
"6329","ACT","2008-02-04",33,"Safe"
"6330","ACT","2008-02-05",30,"Safe"
"6331","ACT","2008-02-06",52,"Safe"
"6332","ACT","2008-02-07",61,"Safe"
"6333","ACT","2008-02-08",41,"Safe"
"6334","ACT","2008-02-09",33,"Safe"
"6335","ACT","2008-02-10",41,"Safe"
"6336","ACT","2008-02-11",31,"Safe"
"6337","ACT","2008-02-12",48,"Safe"
"6338","ACT","2008-02-13",30,"Safe"
"6339","ACT","2008-02-14",33,"Safe"
"6340","ACT","2008-02-15",35,"Safe"
"6341","ACT","2008-02-16",39,"Safe"
"6342","ACT","2008-02-17",46,"Safe"
"6343","ACT","2008-02-18",31,"Safe"
"6344","ACT","2008-02-19",33,"Safe"
"6345","ACT","2008-02-20",39,"Safe"
"6346","ACT","2008-02-21",50,"Safe"
"6347","ACT","2008-02-22",50,"Safe"
"6348","ACT","2008-02-23",46,"Safe"
"6349","ACT","2008-02-24",44,"Safe"
"6350","ACT","2008-02-25",44,"Safe"
"6351","ACT","2008-02-26",44,"Safe"
"6352","ACT","2008-02-27",48,"Safe"
"6353","ACT","2008-02-28",48,"Safe"
"6354","ACT","2008-02-29",48,"Safe"
"6355","ACT","2008-03-01",35,"Safe"
"6356","ACT","2008-03-02",35,"Safe"
"6357","ACT","2008-03-03",35,"Safe"
"6358","ACT","2008-03-04",39,"Safe"
"6359","ACT","2008-03-05",46,"Safe"
"6360","ACT","2008-03-06",41,"Safe"
"6361","ACT","2008-03-07",50,"Safe"
"6362","ACT","2008-03-08",24,"Safe"
"6363","ACT","2008-03-09",41,"Safe"
"6364","ACT","2008-03-10",24,"Safe"
"6365","ACT","2008-03-11",46,"Safe"
"6366","ACT","2008-03-12",44,"Safe"
"6367","ACT","2008-03-13",39,"Safe"
"6368","ACT","2008-03-14",22,"Safe"
"6369","ACT","2008-03-15",48,"Safe"
"6370","ACT","2008-03-16",28,"Safe"
"6371","ACT","2008-03-17",33,"Safe"
"6372","ACT","2008-03-18",43,"Safe"
"6373","ACT","2008-03-19",31,"Safe"
"6374","ACT","2008-03-20",46,"Safe"
"6375","ACT","2008-03-21",30,"Safe"
"6376","ACT","2008-03-22",33,"Safe"
"6377","ACT","2008-03-23",30,"Safe"
"6378","ACT","2008-03-24",28,"Safe"
"6379","ACT","2008-03-25",43,"Safe"
"6380","ACT","2008-03-26",46,"Safe"
"6381","ACT","2008-03-27",33,"Safe"
"6382","ACT","2008-03-28",31,"Safe"
"6383","ACT","2008-03-29",57,"Safe"
"6384","ACT","2008-03-30",50,"Safe"
"6385","ACT","2008-03-31",57,"Safe"
"6386","ACT","2008-04-01",22,"Safe"
"6387","ACT","2008-04-02",83,"MinorHazard"
"6388","ACT","2008-04-03",63,"MinorHazard"
"6389","ACT","2008-04-04",22,"Safe"
"6390","ACT","2008-04-05",26,"Safe"
"6391","ACT","2008-04-06",35,"Safe"
"6392","ACT","2008-04-07",31,"Safe"
"6393","ACT","2008-04-08",39,"Safe"
"6394","ACT","2008-04-09",17,"Safe"
"6395","ACT","2008-04-10",26,"Safe"
"6396","ACT","2008-04-11",39,"Safe"
"6397","ACT","2008-04-12",35,"Safe"
"6398","ACT","2008-04-13",39,"Safe"
"6399","ACT","2008-04-14",31,"Safe"
"6400","ACT","2008-04-15",28,"Safe"
"6401","ACT","2008-04-16",31,"Safe"
"6402","ACT","2008-04-17",26,"Safe"
"6403","ACT","2008-04-18",48,"Safe"
"6404","ACT","2008-04-19",35,"Safe"
"6405","ACT","2008-04-20",33,"Safe"
"6406","ACT","2008-04-21",30,"Safe"
"6407","ACT","2008-04-22",33,"Safe"
"6408","ACT","2008-04-23",26,"Safe"
"6409","ACT","2008-04-24",28,"Safe"
"6410","ACT","2008-04-25",22,"Safe"
"6411","ACT","2008-04-26",44,"Safe"
"6412","ACT","2008-04-27",59,"Safe"
"6413","ACT","2008-04-28",57,"Safe"
"6414","ACT","2008-04-29",22,"Safe"
"6415","ACT","2008-04-30",28,"Safe"
"6416","ACT","2008-05-01",31,"Safe"
"6417","ACT","2008-05-02",43,"Safe"
"6418","ACT","2008-05-03",31,"Safe"
"6419","ACT","2008-05-04",30,"Safe"
"6420","ACT","2008-05-05",39,"Safe"
"6421","ACT","2008-05-06",41,"Safe"
"6422","ACT","2008-05-07",43,"Safe"
"6423","ACT","2008-05-08",24,"Safe"
"6424","ACT","2008-05-09",17,"Safe"
"6425","ACT","2008-05-10",20,"Safe"
"6426","ACT","2008-05-11",20,"Safe"
"6427","ACT","2008-05-12",24,"Safe"
"6428","ACT","2008-05-13",30,"Safe"
"6429","ACT","2008-05-14",31,"Safe"
"6430","ACT","2008-05-15",33,"Safe"
"6431","ACT","2008-05-16",35,"Safe"
"6432","ACT","2008-05-17",52,"Safe"
"6433","ACT","2008-05-18",41,"Safe"
"6434","ACT","2008-05-19",52,"Safe"
"6435","ACT","2008-05-20",31,"Safe"
"6436","ACT","2008-05-21",24,"Safe"
"6437","ACT","2008-05-22",20,"Safe"
"6438","ACT","2008-05-23",17,"Safe"
"6439","ACT","2008-05-24",17,"Safe"
"6440","ACT","2008-05-25",39,"Safe"
"6441","ACT","2008-05-26",22,"Safe"
"6442","ACT","2008-05-27",22,"Safe"
"6443","ACT","2008-05-28",20,"Safe"
"6444","ACT","2008-05-29",20,"Safe"
"6445","ACT","2008-05-31",22,"Safe"
"6446","ACT","2008-06-01",17,"Safe"
"6447","ACT","2008-06-02",15,"Safe"
"6448","ACT","2008-06-03",20,"Safe"
"6449","ACT","2008-06-04",41,"Safe"
"6450","ACT","2008-06-05",31,"Safe"
"6451","ACT","2008-06-06",22,"Safe"
"6452","ACT","2008-06-07",28,"Safe"
"6453","ACT","2008-06-08",30,"Safe"
"6454","ACT","2008-06-09",30,"Safe"
"6455","ACT","2008-06-10",31,"Safe"
"6456","ACT","2008-06-11",46,"Safe"
"6457","ACT","2008-06-12",43,"Safe"
"6458","ACT","2008-06-13",54,"Safe"
"6459","ACT","2008-06-14",48,"Safe"
"6460","ACT","2008-06-15",43,"Safe"
"6461","ACT","2008-06-16",26,"Safe"
"6462","ACT","2008-06-17",20,"Safe"
"6463","ACT","2008-06-18",13,"Safe"
"6464","ACT","2008-06-19",17,"Safe"
"6465","ACT","2008-06-20",26,"Safe"
"6466","ACT","2008-06-21",41,"Safe"
"6467","ACT","2008-06-22",33,"Safe"
"6468","ACT","2008-06-23",24,"Safe"
"6469","ACT","2008-06-24",41,"Safe"
"6470","ACT","2008-06-25",46,"Safe"
"6471","ACT","2008-06-26",63,"MinorHazard"
"6472","ACT","2008-06-27",35,"Safe"
"6473","ACT","2008-06-28",15,"Safe"
"6474","ACT","2008-06-29",31,"Safe"
"6475","ACT","2008-06-30",70,"MinorHazard"
"6476","ACT","2008-07-01",78,"MinorHazard"
"6477","ACT","2008-07-02",61,"Safe"
"6478","ACT","2008-07-03",31,"Safe"
"6479","ACT","2008-07-04",35,"Safe"
"6480","ACT","2008-07-05",13,"Safe"
"6481","ACT","2008-07-06",41,"Safe"
"6482","ACT","2008-07-07",35,"Safe"
"6483","ACT","2008-07-08",35,"Safe"
"6484","ACT","2008-07-09",39,"Safe"
"6485","ACT","2008-07-10",65,"MinorHazard"
"6486","ACT","2008-07-11",59,"Safe"
"6487","ACT","2008-07-12",20,"Safe"
"6488","ACT","2008-07-13",31,"Safe"
"6489","ACT","2008-07-14",41,"Safe"
"6490","ACT","2008-07-15",28,"Safe"
"6491","ACT","2008-07-16",17,"Safe"
"6492","ACT","2008-07-17",41,"Safe"
"6493","ACT","2008-07-18",46,"Safe"
"6494","ACT","2008-07-19",35,"Safe"
"6495","ACT","2008-07-20",41,"Safe"
"6496","ACT","2008-07-21",54,"Safe"
"6497","ACT","2008-07-22",39,"Safe"
"6498","ACT","2008-07-23",26,"Safe"
"6499","ACT","2008-07-24",30,"Safe"
"6500","ACT","2008-07-25",31,"Safe"
"6501","ACT","2008-07-26",33,"Safe"
"6502","ACT","2008-07-27",28,"Safe"
"6503","ACT","2008-07-28",59,"Safe"
"6504","ACT","2008-07-30",31,"Safe"
"6505","ACT","2008-07-31",48,"Safe"
"6506","ACT","2008-08-01",65,"MinorHazard"
"6507","ACT","2008-08-02",57,"Safe"
"6508","ACT","2008-08-03",35,"Safe"
"6509","ACT","2008-08-04",31,"Safe"
"6510","ACT","2008-08-05",50,"Safe"
"6511","ACT","2008-08-06",48,"Safe"
"6512","ACT","2008-08-07",41,"Safe"
"6513","ACT","2008-08-08",43,"Safe"
"6514","ACT","2008-08-09",43,"Safe"
"6515","ACT","2008-08-10",50,"Safe"
"6516","ACT","2008-08-11",39,"Safe"
"6517","ACT","2008-08-12",59,"Safe"
"6518","ACT","2008-08-13",44,"Safe"
"6519","ACT","2008-08-14",59,"Safe"
"6520","ACT","2008-08-15",52,"Safe"
"6521","ACT","2008-08-16",46,"Safe"
"6522","ACT","2008-08-17",30,"Safe"
"6523","ACT","2008-08-18",48,"Safe"
"6524","ACT","2008-08-19",33,"Safe"
"6525","ACT","2008-08-20",39,"Safe"
"6526","ACT","2008-08-21",46,"Safe"
"6527","ACT","2008-08-22",59,"Safe"
"6528","ACT","2008-08-23",54,"Safe"
"6529","ACT","2008-08-24",22,"Safe"
"6530","ACT","2008-08-25",31,"Safe"
"6531","ACT","2008-08-26",48,"Safe"
"6532","ACT","2008-08-27",30,"Safe"
"6533","ACT","2008-08-28",30,"Safe"
"6534","ACT","2008-08-29",28,"Safe"
"6535","ACT","2008-08-30",39,"Safe"
"6536","ACT","2008-08-31",59,"Safe"
"6537","ACT","2008-09-01",46,"Safe"
"6538","ACT","2008-09-02",28,"Safe"
"6539","ACT","2008-09-03",41,"Safe"
"6540","ACT","2008-09-04",35,"Safe"
"6541","ACT","2008-09-05",26,"Safe"
"6542","ACT","2008-09-06",35,"Safe"
"6543","ACT","2008-09-07",35,"Safe"
"6544","ACT","2008-09-08",31,"Safe"
"6545","ACT","2008-09-09",43,"Safe"
"6546","ACT","2008-09-10",30,"Safe"
"6547","ACT","2008-09-11",31,"Safe"
"6548","ACT","2008-09-12",48,"Safe"
"6549","ACT","2008-09-13",50,"Safe"
"6550","ACT","2008-09-14",67,"MinorHazard"
"6551","ACT","2008-09-15",98,"Damaging"
"6552","ACT","2008-09-16",65,"MinorHazard"
"6553","ACT","2008-09-17",20,"Safe"
"6554","ACT","2008-09-18",39,"Safe"
"6555","ACT","2008-09-19",44,"Safe"
"6556","ACT","2008-09-20",65,"MinorHazard"
"6557","ACT","2008-09-21",46,"Safe"
"6558","ACT","2008-09-22",80,"MinorHazard"
"6559","ACT","2008-09-23",50,"Safe"
"6560","ACT","2008-09-24",31,"Safe"
"6561","ACT","2008-09-25",31,"Safe"
"6562","ACT","2008-09-26",44,"Safe"
"6563","ACT","2008-09-27",50,"Safe"
"6564","ACT","2008-09-28",52,"Safe"
"6565","ACT","2008-09-29",44,"Safe"
"6566","ACT","2008-09-30",41,"Safe"
"6567","ACT","2008-10-01",46,"Safe"
"6568","ACT","2008-10-02",46,"Safe"
"6569","ACT","2008-10-03",70,"MinorHazard"
"6570","ACT","2008-10-04",33,"Safe"
"6571","ACT","2008-10-05",43,"Safe"
"6572","ACT","2008-10-06",65,"MinorHazard"
"6573","ACT","2008-10-07",57,"Safe"
"6574","ACT","2008-10-08",44,"Safe"
"6575","ACT","2008-10-09",31,"Safe"
"6576","ACT","2008-10-10",41,"Safe"
"6577","ACT","2008-10-11",31,"Safe"
"6578","ACT","2008-10-12",30,"Safe"
"6579","ACT","2008-10-13",70,"MinorHazard"
"6580","ACT","2008-10-14",41,"Safe"
"6581","ACT","2008-10-15",31,"Safe"
"6582","ACT","2008-10-16",28,"Safe"
"6583","ACT","2008-10-17",52,"Safe"
"6584","ACT","2008-10-18",43,"Safe"
"6585","ACT","2008-10-19",46,"Safe"
"6586","ACT","2008-10-20",52,"Safe"
"6587","ACT","2008-10-21",39,"Safe"
"6588","ACT","2008-10-22",70,"MinorHazard"
"6589","ACT","2008-10-23",48,"Safe"
"6590","ACT","2008-10-24",39,"Safe"
"6591","ACT","2008-10-25",43,"Safe"
"6592","ACT","2008-10-26",43,"Safe"
"6593","ACT","2008-10-27",76,"MinorHazard"
"6594","ACT","2008-10-28",48,"Safe"
"6595","ACT","2008-10-29",43,"Safe"
"6596","ACT","2008-10-30",46,"Safe"
"6597","ACT","2008-10-31",78,"MinorHazard"
"6598","ACT","2008-11-01",41,"Safe"
"6599","ACT","2008-11-02",39,"Safe"
"6600","ACT","2008-11-03",61,"Safe"
"6601","ACT","2008-11-04",43,"Safe"
"6602","ACT","2008-11-05",39,"Safe"
"6603","ACT","2008-11-06",57,"Safe"
"6604","ACT","2008-11-07",26,"Safe"
"6605","ACT","2008-11-08",54,"Safe"
"6606","ACT","2008-11-09",33,"Safe"
"6607","ACT","2008-11-10",33,"Safe"
"6608","ACT","2008-11-11",28,"Safe"
"6609","ACT","2008-11-12",39,"Safe"
"6610","ACT","2008-11-13",33,"Safe"
"6611","ACT","2008-11-14",61,"Safe"
"6612","ACT","2008-11-15",48,"Safe"
"6613","ACT","2008-11-16",52,"Safe"
"6614","ACT","2008-11-17",52,"Safe"
"6615","ACT","2008-11-18",26,"Safe"
"6616","ACT","2008-11-19",24,"Safe"
"6617","ACT","2008-11-20",54,"Safe"
"6618","ACT","2008-11-21",50,"Safe"
"6619","ACT","2008-11-22",67,"MinorHazard"
"6620","ACT","2008-11-23",70,"MinorHazard"
"6621","ACT","2008-11-24",44,"Safe"
"6622","ACT","2008-11-25",39,"Safe"
"6623","ACT","2008-11-26",31,"Safe"
"6624","ACT","2008-11-27",52,"Safe"
"6625","ACT","2008-11-28",70,"MinorHazard"
"6626","ACT","2008-11-29",48,"Safe"
"6627","ACT","2008-11-30",48,"Safe"
"6628","ACT","2008-12-01",80,"MinorHazard"
"6629","ACT","2008-12-02",48,"Safe"
"6630","ACT","2008-12-03",54,"Safe"
"6631","ACT","2008-12-04",43,"Safe"
"6632","ACT","2008-12-05",39,"Safe"
"6633","ACT","2008-12-06",50,"Safe"
"6634","ACT","2008-12-07",57,"Safe"
"6635","ACT","2008-12-08",50,"Safe"
"6636","ACT","2008-12-09",54,"Safe"
"6637","ACT","2008-12-10",41,"Safe"
"6638","ACT","2008-12-11",44,"Safe"
"6639","ACT","2008-12-12",46,"Safe"
"6640","ACT","2008-12-13",83,"MinorHazard"
"6641","ACT","2008-12-14",48,"Safe"
"6642","ACT","2008-12-15",43,"Safe"
"6643","ACT","2008-12-16",46,"Safe"
"6644","ACT","2008-12-17",50,"Safe"
"6645","ACT","2008-12-18",72,"MinorHazard"
"6646","ACT","2008-12-19",50,"Safe"
"6647","ACT","2008-12-20",41,"Safe"
"6648","ACT","2008-12-21",39,"Safe"
"6649","ACT","2008-12-22",41,"Safe"
"6650","ACT","2008-12-23",48,"Safe"
"6651","ACT","2008-12-24",26,"Safe"
"6652","ACT","2008-12-25",39,"Safe"
"6653","ACT","2008-12-26",46,"Safe"
"6654","ACT","2008-12-27",72,"MinorHazard"
"6655","ACT","2008-12-28",48,"Safe"
"6656","ACT","2008-12-29",56,"Safe"
"6657","ACT","2008-12-30",52,"Safe"
"6658","ACT","2008-12-31",48,"Safe"
"6659","ACT","2009-01-01",65,"MinorHazard"
"6660","ACT","2009-01-02",52,"Safe"
"6661","ACT","2009-01-03",35,"Safe"
"6662","ACT","2009-01-04",35,"Safe"
"6663","ACT","2009-01-05",43,"Safe"
"6664","ACT","2009-01-06",52,"Safe"
"6665","ACT","2009-01-07",70,"MinorHazard"
"6666","ACT","2009-01-08",50,"Safe"
"6667","ACT","2009-01-09",44,"Safe"
"6668","ACT","2009-01-10",39,"Safe"
"6669","ACT","2009-01-11",44,"Safe"
"6670","ACT","2009-01-12",43,"Safe"
"6671","ACT","2009-01-13",43,"Safe"
"6672","ACT","2009-01-14",50,"Safe"
"6673","ACT","2009-01-15",61,"Safe"
"6674","ACT","2009-01-16",57,"Safe"
"6675","ACT","2009-01-17",44,"Safe"
"6676","ACT","2009-01-18",41,"Safe"
"6677","ACT","2009-01-19",46,"Safe"
"6678","ACT","2009-01-20",106,"Damaging"
"6679","ACT","2009-01-21",56,"Safe"
"6680","ACT","2009-01-22",63,"MinorHazard"
"6681","ACT","2009-01-23",94,"Damaging"
"6682","ACT","2009-01-24",63,"MinorHazard"
"6683","ACT","2009-01-25",33,"Safe"
"6684","ACT","2009-01-26",48,"Safe"
"6685","ACT","2009-01-27",33,"Safe"
"6686","ACT","2009-01-28",37,"Safe"
"6687","ACT","2009-01-29",39,"Safe"
"6688","ACT","2009-01-30",30,"Safe"
"6689","ACT","2009-01-31",37,"Safe"
"6690","ACT","2009-02-01",46,"Safe"
"6691","ACT","2009-02-02",50,"Safe"
"6692","ACT","2009-02-03",44,"Safe"
"6693","ACT","2009-02-04",48,"Safe"
"6694","ACT","2009-02-05",46,"Safe"
"6695","ACT","2009-02-06",52,"Safe"
"6696","ACT","2009-02-07",59,"Safe"
"6697","ACT","2009-02-08",44,"Safe"
"6698","ACT","2009-02-09",41,"Safe"
"6699","ACT","2009-02-10",37,"Safe"
"6700","ACT","2009-02-11",43,"Safe"
"6701","ACT","2009-02-12",41,"Safe"
"6702","ACT","2009-02-13",50,"Safe"
"6703","ACT","2009-02-14",39,"Safe"
"6704","ACT","2009-02-15",50,"Safe"
"6705","ACT","2009-02-16",52,"Safe"
"6706","ACT","2009-02-17",39,"Safe"
"6707","ACT","2009-02-18",39,"Safe"
"6708","ACT","2009-02-19",50,"Safe"
"6709","ACT","2009-02-20",31,"Safe"
"6710","ACT","2009-02-21",44,"Safe"
"6711","ACT","2009-02-22",35,"Safe"
"6712","ACT","2009-02-23",57,"Safe"
"6713","ACT","2009-02-24",63,"MinorHazard"
"6714","ACT","2009-02-25",52,"Safe"
"6715","ACT","2009-02-26",43,"Safe"
"6716","ACT","2009-02-27",31,"Safe"
"6717","ACT","2009-02-28",54,"Safe"
"6718","ACT","2009-03-01",43,"Safe"
"6719","ACT","2009-03-02",43,"Safe"
"6720","ACT","2009-03-03",24,"Safe"
"6721","ACT","2009-03-04",54,"Safe"
"6722","ACT","2009-03-05",46,"Safe"
"6723","ACT","2009-03-06",39,"Safe"
"6724","ACT","2009-03-07",41,"Safe"
"6725","ACT","2009-03-08",46,"Safe"
"6726","ACT","2009-03-09",37,"Safe"
"6727","ACT","2009-03-10",39,"Safe"
"6728","ACT","2009-03-11",43,"Safe"
"6729","ACT","2009-03-12",31,"Safe"
"6730","ACT","2009-03-13",41,"Safe"
"6731","ACT","2009-03-14",50,"Safe"
"6732","ACT","2009-03-15",48,"Safe"
"6733","ACT","2009-03-16",46,"Safe"
"6734","ACT","2009-03-17",39,"Safe"
"6735","ACT","2009-03-18",33,"Safe"
"6736","ACT","2009-03-19",30,"Safe"
"6737","ACT","2009-03-20",39,"Safe"
"6738","ACT","2009-03-21",33,"Safe"
"6739","ACT","2009-03-22",48,"Safe"
"6740","ACT","2009-03-23",46,"Safe"
"6741","ACT","2009-03-24",46,"Safe"
"6742","ACT","2009-03-25",59,"Safe"
"6743","ACT","2009-03-26",59,"Safe"
"6744","ACT","2009-03-27",41,"Safe"
"6745","ACT","2009-03-28",31,"Safe"
"6746","ACT","2009-03-29",35,"Safe"
"6747","ACT","2009-03-30",43,"Safe"
"6748","ACT","2009-03-31",52,"Safe"
"6749","ACT","2009-04-01",44,"Safe"
"6750","ACT","2009-04-02",31,"Safe"
"6751","ACT","2009-04-03",59,"Safe"
"6752","ACT","2009-04-04",44,"Safe"
"6753","ACT","2009-04-05",44,"Safe"
"6754","ACT","2009-04-06",35,"Safe"
"6755","ACT","2009-04-07",31,"Safe"
"6756","ACT","2009-04-08",31,"Safe"
"6757","ACT","2009-04-09",28,"Safe"
"6758","ACT","2009-04-10",31,"Safe"
"6759","ACT","2009-04-11",50,"Safe"
"6760","ACT","2009-04-12",24,"Safe"
"6761","ACT","2009-04-13",31,"Safe"
"6762","ACT","2009-04-14",39,"Safe"
"6763","ACT","2009-04-15",80,"MinorHazard"
"6764","ACT","2009-04-16",43,"Safe"
"6765","ACT","2009-04-17",33,"Safe"
"6766","ACT","2009-04-18",30,"Safe"
"6767","ACT","2009-04-19",46,"Safe"
"6768","ACT","2009-04-20",48,"Safe"
"6769","ACT","2009-04-21",39,"Safe"
"6770","ACT","2009-04-22",35,"Safe"
"6771","ACT","2009-04-23",46,"Safe"
"6772","ACT","2009-04-24",96,"Damaging"
"6773","ACT","2009-04-25",100,"Damaging"
"6774","ACT","2009-04-26",76,"MinorHazard"
"6775","ACT","2009-04-27",50,"Safe"
"6776","ACT","2009-04-28",44,"Safe"
"6777","ACT","2009-04-29",28,"Safe"
"6778","ACT","2009-04-30",31,"Safe"
"6779","ACT","2009-05-01",33,"Safe"
"6780","ACT","2009-05-02",22,"Safe"
"6781","ACT","2009-05-03",22,"Safe"
"6782","ACT","2009-05-04",31,"Safe"
"6783","ACT","2009-05-05",26,"Safe"
"6784","ACT","2009-05-06",26,"Safe"
"6785","ACT","2009-05-07",41,"Safe"
"6786","ACT","2009-05-08",31,"Safe"
"6787","ACT","2009-05-09",37,"Safe"
"6788","ACT","2009-05-10",33,"Safe"
"6789","ACT","2009-05-11",26,"Safe"
"6790","ACT","2009-05-12",28,"Safe"
"6791","ACT","2009-05-13",59,"Safe"
"6792","ACT","2009-05-14",80,"MinorHazard"
"6793","ACT","2009-05-15",81,"MinorHazard"
"6794","ACT","2009-05-16",94,"Damaging"
"6795","ACT","2009-05-17",48,"Safe"
"6796","ACT","2009-05-18",39,"Safe"
"6797","ACT","2009-05-19",43,"Safe"
"6798","ACT","2009-05-20",59,"Safe"
"6799","ACT","2009-05-21",69,"MinorHazard"
"6800","ACT","2009-05-22",76,"MinorHazard"
"6801","ACT","2009-05-23",74,"MinorHazard"
"6802","ACT","2009-05-24",59,"Safe"
"6803","ACT","2009-05-25",44,"Safe"
"6804","ACT","2009-05-26",44,"Safe"
"6805","ACT","2009-05-27",35,"Safe"
"6806","ACT","2009-05-28",35,"Safe"
"6807","ACT","2009-05-29",44,"Safe"
"6808","ACT","2009-05-30",61,"Safe"
"6809","ACT","2009-05-31",59,"Safe"
"6810","ACT","2009-06-01",54,"Safe"
"6811","ACT","2009-06-02",52,"Safe"
"6812","ACT","2009-06-03",46,"Safe"
"6813","ACT","2009-06-04",33,"Safe"
"6814","ACT","2009-06-05",20,"Safe"
"6815","ACT","2009-06-06",43,"Safe"
"6816","ACT","2009-06-07",57,"Safe"
"6817","ACT","2009-06-08",50,"Safe"
"6818","ACT","2009-06-09",50,"Safe"
"6819","ACT","2009-06-10",46,"Safe"
"6820","ACT","2009-06-11",31,"Safe"
"6821","ACT","2009-06-12",35,"Safe"
"6822","ACT","2009-06-13",52,"Safe"
"6823","ACT","2009-06-14",44,"Safe"
"6824","ACT","2009-06-15",33,"Safe"
"6825","ACT","2009-06-16",43,"Safe"
"6826","ACT","2009-06-17",28,"Safe"
"6827","ACT","2009-06-18",44,"Safe"
"6828","ACT","2009-06-19",59,"Safe"
"6829","ACT","2009-06-20",57,"Safe"
"6830","ACT","2009-06-21",44,"Safe"
"6831","ACT","2009-06-22",20,"Safe"
"6832","ACT","2009-06-23",24,"Safe"
"6833","ACT","2009-06-24",37,"Safe"
"6834","ACT","2009-06-25",41,"Safe"
"6835","ACT","2009-06-26",26,"Safe"
"6836","ACT","2009-06-27",26,"Safe"
"6837","ACT","2009-06-28",48,"Safe"
"6838","ACT","2009-06-29",43,"Safe"
"6839","ACT","2009-06-30",107,"Damaging"
"6840","ACT","2009-07-01",74,"MinorHazard"
"6841","ACT","2009-07-02",63,"MinorHazard"
"6842","ACT","2009-07-03",50,"Safe"
"6843","ACT","2009-07-04",50,"Safe"
"6844","ACT","2009-07-05",35,"Safe"
"6845","ACT","2009-07-06",17,"Safe"
"6846","ACT","2009-07-07",43,"Safe"
"6847","ACT","2009-07-08",35,"Safe"
"6848","ACT","2009-07-09",33,"Safe"
"6849","ACT","2009-07-10",37,"Safe"
"6850","ACT","2009-07-11",46,"Safe"
"6851","ACT","2009-07-12",67,"MinorHazard"
"6852","ACT","2009-07-13",67,"MinorHazard"
"6853","ACT","2009-07-14",39,"Safe"
"6854","ACT","2009-07-15",20,"Safe"
"6855","ACT","2009-07-16",52,"Safe"
"6856","ACT","2009-07-17",52,"Safe"
"6857","ACT","2009-07-18",43,"Safe"
"6858","ACT","2009-07-19",59,"Safe"
"6859","ACT","2009-07-20",59,"Safe"
"6860","ACT","2009-07-21",59,"Safe"
"6861","ACT","2009-07-22",72,"MinorHazard"
"6862","ACT","2009-07-23",52,"Safe"
"6863","ACT","2009-07-24",56,"Safe"
"6864","ACT","2009-07-25",43,"Safe"
"6865","ACT","2009-07-26",48,"Safe"
"6866","ACT","2009-07-27",54,"Safe"
"6867","ACT","2009-07-28",52,"Safe"
"6868","ACT","2009-07-29",52,"Safe"
"6869","ACT","2009-07-30",63,"MinorHazard"
"6870","ACT","2009-07-31",57,"Safe"
"6871","ACT","2010-03-01",52,"Safe"
"6872","ACT","2010-03-02",50,"Safe"
"6873","ACT","2010-03-03",44,"Safe"
"6874","ACT","2010-03-04",35,"Safe"
"6875","ACT","2010-03-05",41,"Safe"
"6876","ACT","2010-03-06",43,"Safe"
"6877","ACT","2010-03-07",65,"MinorHazard"
"6878","ACT","2010-03-08",65,"MinorHazard"
"6879","ACT","2010-03-09",74,"MinorHazard"
"6880","ACT","2010-03-10",43,"Safe"
"6881","ACT","2010-03-11",41,"Safe"
"6882","ACT","2010-03-12",37,"Safe"
"6883","ACT","2010-03-13",28,"Safe"
"6884","ACT","2010-03-14",35,"Safe"
"6885","ACT","2010-03-15",31,"Safe"
"6886","ACT","2010-03-16",24,"Safe"
"6887","ACT","2010-03-17",24,"Safe"
"6888","ACT","2010-03-18",30,"Safe"
"6889","ACT","2010-03-19",52,"Safe"
"6890","ACT","2010-03-20",41,"Safe"
"6891","ACT","2010-03-21",69,"MinorHazard"
"6892","ACT","2010-03-22",24,"Safe"
"6893","ACT","2010-03-23",43,"Safe"
"6894","ACT","2010-03-24",33,"Safe"
"6895","ACT","2010-03-25",43,"Safe"
"6896","ACT","2010-03-26",46,"Safe"
"6897","ACT","2010-03-27",26,"Safe"
"6898","ACT","2010-03-28",41,"Safe"
"6899","ACT","2010-03-29",63,"MinorHazard"
"6900","ACT","2010-03-30",39,"Safe"
"6901","ACT","2010-03-31",46,"Safe"
"6902","ACT","2010-04-01",30,"Safe"
"6903","ACT","2010-04-02",26,"Safe"
"6904","ACT","2010-04-03",31,"Safe"
"6905","ACT","2010-04-04",28,"Safe"
"6906","ACT","2010-04-05",28,"Safe"
"6907","ACT","2010-04-06",31,"Safe"
"6908","ACT","2010-04-07",46,"Safe"
"6909","ACT","2010-04-08",41,"Safe"
"6910","ACT","2010-04-09",28,"Safe"
"6911","ACT","2010-04-10",48,"Safe"
"6912","ACT","2010-04-11",80,"MinorHazard"
"6913","ACT","2010-04-12",63,"MinorHazard"
"6914","ACT","2010-04-13",26,"Safe"
"6915","ACT","2010-04-14",30,"Safe"
"6916","ACT","2010-04-15",26,"Safe"
"6917","ACT","2010-04-16",31,"Safe"
"6918","ACT","2010-04-17",33,"Safe"
"6919","ACT","2010-04-18",17,"Safe"
"6920","ACT","2010-04-19",24,"Safe"
"6921","ACT","2010-04-20",24,"Safe"
"6922","ACT","2010-04-21",28,"Safe"
"6923","ACT","2010-04-22",31,"Safe"
"6924","ACT","2010-04-23",39,"Safe"
"6925","ACT","2010-04-24",50,"Safe"
"6926","ACT","2010-04-25",41,"Safe"
"6927","ACT","2010-04-26",24,"Safe"
"6928","ACT","2010-04-27",50,"Safe"
"6929","ACT","2010-04-28",74,"MinorHazard"
"6930","ACT","2010-04-29",50,"Safe"
"6931","ACT","2010-04-30",31,"Safe"
"6932","ACT","2010-05-01",33,"Safe"
"6933","ACT","2010-05-02",35,"Safe"
"6934","ACT","2010-05-03",41,"Safe"
"6935","ACT","2010-05-04",57,"Safe"
"6936","ACT","2010-05-05",65,"MinorHazard"
"6937","ACT","2010-05-06",57,"Safe"
"6938","ACT","2010-05-07",46,"Safe"
"6939","ACT","2010-05-08",43,"Safe"
"6940","ACT","2010-05-09",24,"Safe"
"6941","ACT","2010-05-11",63,"MinorHazard"
"6942","ACT","2010-05-12",50,"Safe"
"6943","ACT","2010-05-13",65,"MinorHazard"
"6944","ACT","2010-05-14",57,"Safe"
"6945","ACT","2010-05-15",30,"Safe"
"6946","ACT","2010-05-16",24,"Safe"
"6947","ACT","2010-05-17",20,"Safe"
"6948","ACT","2010-05-18",30,"Safe"
"6949","ACT","2010-05-19",26,"Safe"
"6950","ACT","2010-05-20",19,"Safe"
"6951","ACT","2010-05-21",26,"Safe"
"6952","ACT","2010-05-22",30,"Safe"
"6953","ACT","2010-05-23",35,"Safe"
"6954","ACT","2010-05-24",37,"Safe"
"6955","ACT","2010-05-25",39,"Safe"
"6956","ACT","2010-05-26",65,"MinorHazard"
"6957","ACT","2010-05-27",44,"Safe"
"6958","ACT","2010-05-28",41,"Safe"
"6959","ACT","2010-05-29",56,"Safe"
"6960","ACT","2010-05-30",87,"MinorHazard"
"6961","ACT","2010-05-31",72,"MinorHazard"
"6962","ACT","2010-06-01",20,"Safe"
"6963","ACT","2010-06-02",44,"Safe"
"6964","ACT","2010-06-03",39,"Safe"
"6965","ACT","2010-06-04",31,"Safe"
"6966","ACT","2010-06-05",26,"Safe"
"6967","ACT","2010-06-06",46,"Safe"
"6968","ACT","2010-06-07",31,"Safe"
"6969","ACT","2010-06-08",41,"Safe"
"6970","ACT","2010-06-09",48,"Safe"
"6971","ACT","2010-06-10",44,"Safe"
"6972","ACT","2010-06-11",59,"Safe"
"6973","ACT","2010-06-12",43,"Safe"
"6974","ACT","2010-06-13",24,"Safe"
"6975","ACT","2010-06-14",28,"Safe"
"6976","ACT","2010-06-15",39,"Safe"
"6977","ACT","2010-06-17",93,"Damaging"
"6978","ACT","2010-06-18",57,"Safe"
"6979","ACT","2010-06-19",65,"MinorHazard"
"6980","ACT","2010-06-20",52,"Safe"
"6981","ACT","2010-06-21",20,"Safe"
"6982","ACT","2010-06-22",26,"Safe"
"6983","ACT","2010-06-23",56,"Safe"
"6984","ACT","2010-06-24",44,"Safe"
"6985","ACT","2010-06-25",54,"Safe"
"6986","ACT","2010-06-26",57,"Safe"
"6987","ACT","2010-06-27",30,"Safe"
"6988","ACT","2010-06-28",31,"Safe"
"6989","ACT","2010-06-29",46,"Safe"
"6990","ACT","2010-06-30",35,"Safe"
"6991","ACT","2010-07-01",43,"Safe"
"6992","ACT","2010-07-02",28,"Safe"
"6993","ACT","2010-07-03",22,"Safe"
"6994","ACT","2010-07-04",19,"Safe"
"6995","ACT","2010-07-05",41,"Safe"
"6996","ACT","2010-07-06",33,"Safe"
"6997","ACT","2010-07-07",30,"Safe"
"6998","ACT","2010-07-08",30,"Safe"
"6999","ACT","2010-07-09",41,"Safe"
"7000","ACT","2010-07-10",78,"MinorHazard"
"7001","ACT","2010-07-11",41,"Safe"
"7002","ACT","2010-07-12",39,"Safe"
"7003","ACT","2010-07-13",70,"MinorHazard"
"7004","ACT","2010-07-14",91,"Damaging"
"7005","ACT","2010-07-15",46,"Safe"
"7006","ACT","2010-07-16",20,"Safe"
"7007","ACT","2010-07-17",33,"Safe"
"7008","ACT","2010-07-18",41,"Safe"
"7009","ACT","2010-07-19",31,"Safe"
"7010","ACT","2010-07-20",28,"Safe"
"7011","ACT","2010-07-22",35,"Safe"
"7012","ACT","2010-07-23",17,"Safe"
"7013","ACT","2010-07-24",26,"Safe"
"7014","ACT","2010-07-25",26,"Safe"
"7015","ACT","2010-07-26",24,"Safe"
"7016","ACT","2010-07-27",24,"Safe"
"7017","ACT","2010-07-28",44,"Safe"
"7018","ACT","2010-07-29",43,"Safe"
"7019","ACT","2010-07-30",35,"Safe"
"7020","ACT","2010-07-31",50,"Safe"
"7021","ACT","2010-08-01",63,"MinorHazard"
"7022","ACT","2010-08-02",63,"MinorHazard"
"7023","ACT","2010-08-03",57,"Safe"
"7024","ACT","2010-08-04",39,"Safe"
"7025","ACT","2010-08-05",44,"Safe"
"7026","ACT","2010-08-06",22,"Safe"
"7027","ACT","2010-08-07",22,"Safe"
"7028","ACT","2010-08-08",30,"Safe"
"7029","ACT","2010-08-09",31,"Safe"
"7030","ACT","2010-08-10",63,"MinorHazard"
"7031","ACT","2010-08-11",57,"Safe"
"7032","ACT","2010-08-12",43,"Safe"
"7033","ACT","2010-08-13",39,"Safe"
"7034","ACT","2010-08-14",50,"Safe"
"7035","ACT","2010-08-15",52,"Safe"
"7036","ACT","2010-08-16",63,"MinorHazard"
"7037","ACT","2010-08-17",44,"Safe"
"7038","ACT","2010-08-18",81,"MinorHazard"
"7039","ACT","2010-08-19",69,"MinorHazard"
"7040","ACT","2010-08-20",76,"MinorHazard"
"7041","ACT","2010-08-21",63,"MinorHazard"
"7042","ACT","2010-08-22",37,"Safe"
"7043","ACT","2010-08-23",37,"Safe"
"7044","ACT","2010-08-24",50,"Safe"
"7045","ACT","2010-08-25",54,"Safe"
"7046","ACT","2010-08-26",63,"MinorHazard"
"7047","ACT","2010-08-27",57,"Safe"
"7048","ACT","2010-08-28",24,"Safe"
"7049","ACT","2010-08-29",31,"Safe"
"7050","ACT","2010-08-30",20,"Safe"
"7051","ACT","2010-08-31",50,"Safe"
"7052","ACT","2010-09-01",81,"MinorHazard"
"7053","ACT","2010-09-02",28,"Safe"
"7054","ACT","2010-09-03",44,"Safe"
"7055","ACT","2010-09-04",109,"Damaging"
"7056","ACT","2010-09-05",89,"MinorHazard"
"7057","ACT","2010-09-06",46,"Safe"
"7058","ACT","2010-09-07",30,"Safe"
"7059","ACT","2010-09-08",33,"Safe"
"7060","ACT","2010-09-09",46,"Safe"
"7061","ACT","2010-09-10",69,"MinorHazard"
"7062","ACT","2010-09-11",48,"Safe"
"7063","ACT","2010-09-12",44,"Safe"
"7064","ACT","2010-09-13",50,"Safe"
"7065","ACT","2010-09-14",43,"Safe"
"7066","ACT","2010-09-15",67,"MinorHazard"
"7067","ACT","2010-09-16",74,"MinorHazard"
"7068","ACT","2010-09-17",59,"Safe"
"7069","ACT","2010-09-18",43,"Safe"
"7070","ACT","2010-09-19",43,"Safe"
"7071","ACT","2010-09-20",28,"Safe"
"7072","ACT","2010-09-21",43,"Safe"
"7073","ACT","2010-09-22",43,"Safe"
"7074","ACT","2010-09-23",26,"Safe"
"7075","ACT","2010-09-24",43,"Safe"
"7076","ACT","2010-09-25",50,"Safe"
"7077","ACT","2010-09-26",50,"Safe"
"7078","ACT","2010-09-27",74,"MinorHazard"
"7079","ACT","2010-09-28",76,"MinorHazard"
"7080","ACT","2010-09-29",41,"Safe"
"7081","ACT","2010-09-30",31,"Safe"
"7082","ACT","2010-10-01",33,"Safe"
"7083","ACT","2010-10-02",61,"Safe"
"7084","ACT","2010-10-03",56,"Safe"
"7085","ACT","2010-10-04",54,"Safe"
"7086","ACT","2010-10-05",33,"Safe"
"7087","ACT","2010-10-06",46,"Safe"
"7088","ACT","2010-10-07",54,"Safe"
"7089","ACT","2010-10-08",39,"Safe"
"7090","ACT","2010-10-09",33,"Safe"
"7091","ACT","2010-10-10",72,"MinorHazard"
"7092","ACT","2010-10-11",61,"Safe"
"7093","ACT","2010-10-12",35,"Safe"
"7094","ACT","2010-10-13",59,"Safe"
"7095","ACT","2010-10-14",48,"Safe"
"7096","ACT","2010-10-15",98,"Damaging"
"7097","ACT","2010-10-16",63,"MinorHazard"
"7098","ACT","2010-10-17",48,"Safe"
"7099","ACT","2010-10-18",59,"Safe"
"7100","ACT","2010-10-19",33,"Safe"
"7101","ACT","2010-10-20",28,"Safe"
"7102","ACT","2010-10-21",33,"Safe"
"7103","ACT","2010-10-22",41,"Safe"
"7104","ACT","2010-10-23",52,"Safe"
"7105","ACT","2010-10-24",28,"Safe"
"7106","ACT","2010-10-25",28,"Safe"
"7107","ACT","2010-10-26",43,"Safe"
"7108","ACT","2010-10-27",46,"Safe"
"7109","ACT","2010-10-28",39,"Safe"
"7110","ACT","2010-10-29",35,"Safe"
"7111","ACT","2010-10-30",70,"MinorHazard"
"7112","ACT","2010-10-31",78,"MinorHazard"
"7113","ACT","2010-11-02",44,"Safe"
"7114","ACT","2010-11-03",50,"Safe"
"7115","ACT","2010-11-04",44,"Safe"
"7116","ACT","2010-11-05",52,"Safe"
"7117","ACT","2010-11-06",46,"Safe"
"7118","ACT","2010-11-07",35,"Safe"
"7119","ACT","2010-11-08",61,"Safe"
"7120","ACT","2010-11-09",31,"Safe"
"7121","ACT","2010-11-10",52,"Safe"
"7122","ACT","2010-11-11",48,"Safe"
"7123","ACT","2010-11-12",37,"Safe"
"7124","ACT","2010-11-13",63,"MinorHazard"
"7125","ACT","2010-11-14",65,"MinorHazard"
"7126","ACT","2010-11-15",41,"Safe"
"7127","ACT","2010-11-16",44,"Safe"
"7128","ACT","2010-11-17",48,"Safe"
"7129","ACT","2010-11-18",41,"Safe"
"7130","ACT","2010-11-19",37,"Safe"
"7131","ACT","2010-11-20",28,"Safe"
"7132","ACT","2010-11-21",43,"Safe"
"7133","ACT","2010-11-22",37,"Safe"
"7134","ACT","2010-11-23",31,"Safe"
"7135","ACT","2010-11-24",39,"Safe"
"7136","ACT","2010-11-25",41,"Safe"
"7137","ACT","2010-11-26",44,"Safe"
"7138","ACT","2010-11-27",54,"Safe"
"7139","ACT","2010-11-28",74,"MinorHazard"
"7140","ACT","2010-11-29",61,"Safe"
"7141","ACT","2010-11-30",70,"MinorHazard"
"7142","ACT","2010-12-01",69,"MinorHazard"
"7143","ACT","2010-12-02",56,"Safe"
"7144","ACT","2010-12-03",39,"Safe"
"7145","ACT","2010-12-04",39,"Safe"
"7146","ACT","2010-12-05",50,"Safe"
"7147","ACT","2010-12-06",56,"Safe"
"7148","ACT","2010-12-07",54,"Safe"
"7149","ACT","2010-12-08",76,"MinorHazard"
"7150","ACT","2010-12-09",67,"MinorHazard"
"7151","ACT","2010-12-10",63,"MinorHazard"
"7152","ACT","2010-12-11",56,"Safe"
"7153","ACT","2010-12-12",70,"MinorHazard"
"7154","ACT","2010-12-13",41,"Safe"
"7155","ACT","2010-12-14",41,"Safe"
"7156","ACT","2010-12-15",50,"Safe"
"7157","ACT","2010-12-16",54,"Safe"
"7158","ACT","2010-12-17",63,"MinorHazard"
"7159","ACT","2010-12-18",87,"MinorHazard"
"7160","ACT","2010-12-20",69,"MinorHazard"
"7161","ACT","2010-12-21",70,"MinorHazard"
"7162","ACT","2010-12-22",30,"Safe"
"7163","ACT","2010-12-23",48,"Safe"
"7164","ACT","2010-12-24",30,"Safe"
"7165","ACT","2010-12-25",39,"Safe"
"7166","ACT","2010-12-26",48,"Safe"
"7167","ACT","2010-12-27",69,"MinorHazard"
"7168","ACT","2010-12-28",33,"Safe"
"7169","ACT","2010-12-29",44,"Safe"
"7170","ACT","2010-12-30",48,"Safe"
"7171","ACT","2010-12-31",33,"Safe"
"7172","ACT","2011-01-01",48,"Safe"
"7173","ACT","2011-01-02",65,"MinorHazard"
"7174","ACT","2011-01-03",41,"Safe"
"7175","ACT","2011-01-04",33,"Safe"
"7176","ACT","2011-01-05",52,"Safe"
"7177","ACT","2011-01-06",35,"Safe"
"7178","ACT","2011-01-07",33,"Safe"
"7179","ACT","2011-01-08",39,"Safe"
"7180","ACT","2011-01-09",59,"Safe"
"7181","ACT","2011-01-10",67,"MinorHazard"
"7182","ACT","2011-01-11",59,"Safe"
"7183","ACT","2011-01-12",56,"Safe"
"7184","ACT","2011-01-13",61,"Safe"
"7185","ACT","2011-01-14",54,"Safe"
"7186","ACT","2011-01-15",43,"Safe"
"7187","ACT","2011-01-16",28,"Safe"
"7188","ACT","2011-01-17",54,"Safe"
"7189","ACT","2011-01-18",48,"Safe"
"7190","ACT","2011-01-19",48,"Safe"
"7191","ACT","2011-01-20",37,"Safe"
"7192","ACT","2011-01-21",41,"Safe"
"7193","ACT","2011-01-22",48,"Safe"
"7194","ACT","2011-01-23",41,"Safe"
"7195","ACT","2011-01-24",50,"Safe"
"7196","ACT","2011-01-25",39,"Safe"
"7197","ACT","2011-01-26",54,"Safe"
"7198","ACT","2011-01-27",41,"Safe"
"7199","ACT","2011-01-28",43,"Safe"
"7200","ACT","2011-01-29",30,"Safe"
"7201","ACT","2011-01-30",41,"Safe"
"7202","ACT","2011-01-31",30,"Safe"
"7203","ACT","2011-02-01",61,"Safe"
"7204","ACT","2011-02-02",63,"MinorHazard"
"7205","ACT","2011-02-03",76,"MinorHazard"
"7206","ACT","2011-02-04",67,"MinorHazard"
"7207","ACT","2011-02-05",74,"MinorHazard"
"7208","ACT","2011-02-06",72,"MinorHazard"
"7209","ACT","2011-02-07",35,"Safe"
"7210","ACT","2011-02-08",41,"Safe"
"7211","ACT","2011-02-09",39,"Safe"
"7212","ACT","2011-02-10",37,"Safe"
"7213","ACT","2011-02-11",63,"MinorHazard"
"7214","ACT","2011-02-12",35,"Safe"
"7215","ACT","2011-02-13",43,"Safe"
"7216","ACT","2011-02-14",35,"Safe"
"7217","ACT","2011-02-15",44,"Safe"
"7218","ACT","2011-02-16",43,"Safe"
"7219","ACT","2011-02-17",35,"Safe"
"7220","ACT","2011-02-18",35,"Safe"
"7221","ACT","2011-02-19",91,"Damaging"
"7222","ACT","2011-02-20",57,"Safe"
"7223","ACT","2011-02-21",37,"Safe"
"7224","ACT","2011-02-22",35,"Safe"
"7225","ACT","2011-02-23",48,"Safe"
"7226","ACT","2011-02-24",41,"Safe"
"7227","ACT","2011-02-25",35,"Safe"
"7228","ACT","2011-02-26",30,"Safe"
"7229","ACT","2011-02-27",67,"MinorHazard"
"7230","ACT","2011-02-28",41,"Safe"
"7231","ACT","2011-03-01",76,"MinorHazard"
"7232","ACT","2011-03-02",41,"Safe"
"7233","ACT","2011-03-03",54,"Safe"
"7234","ACT","2011-03-04",43,"Safe"
"7235","ACT","2011-03-05",41,"Safe"
"7236","ACT","2011-03-06",46,"Safe"
"7237","ACT","2011-03-07",28,"Safe"
"7238","ACT","2011-03-09",44,"Safe"
"7239","ACT","2011-03-10",31,"Safe"
"7240","ACT","2011-03-11",33,"Safe"
"7241","ACT","2011-03-12",31,"Safe"
"7242","ACT","2011-03-13",39,"Safe"
"7243","ACT","2011-03-14",39,"Safe"
"7244","ACT","2011-03-15",33,"Safe"
"7245","ACT","2011-03-16",50,"Safe"
"7246","ACT","2011-03-17",35,"Safe"
"7247","ACT","2011-03-18",37,"Safe"
"7248","ACT","2011-03-19",46,"Safe"
"7249","ACT","2011-03-20",57,"Safe"
"7250","ACT","2011-03-21",56,"Safe"
"7251","ACT","2011-03-22",41,"Safe"
"7252","ACT","2011-03-23",52,"Safe"
"7253","ACT","2011-03-24",57,"Safe"
"7254","ACT","2011-03-25",48,"Safe"
"7255","ACT","2011-03-26",35,"Safe"
"7256","ACT","2011-03-27",31,"Safe"
"7257","ACT","2011-03-28",31,"Safe"
"7258","ACT","2011-03-29",33,"Safe"
"7259","ACT","2011-03-30",67,"MinorHazard"
"7260","ACT","2011-03-31",31,"Safe"
"7261","ACT","2011-05-01",22,"Safe"
"7262","ACT","2011-05-02",31,"Safe"
"7263","ACT","2011-05-03",28,"Safe"
"7264","ACT","2011-05-04",33,"Safe"
"7265","ACT","2011-05-05",50,"Safe"
"7266","ACT","2011-05-06",35,"Safe"
"7267","ACT","2011-05-07",30,"Safe"
"7268","ACT","2011-05-08",43,"Safe"
"7269","ACT","2011-05-09",43,"Safe"
"7270","ACT","2011-05-10",39,"Safe"
"7271","ACT","2011-05-11",69,"MinorHazard"
"7272","ACT","2011-05-12",50,"Safe"
"7273","ACT","2011-05-13",80,"MinorHazard"
"7274","ACT","2011-05-14",59,"Safe"
"7275","ACT","2011-05-15",37,"Safe"
"7276","ACT","2011-05-16",33,"Safe"
"7277","ACT","2011-05-17",30,"Safe"
"7278","ACT","2011-05-18",22,"Safe"
"7279","ACT","2011-05-19",30,"Safe"
"7280","ACT","2011-05-22",65,"MinorHazard"
"7281","ACT","2011-05-23",67,"MinorHazard"
"7282","ACT","2011-05-25",54,"Safe"
"7283","ACT","2011-05-27",22,"Safe"
"7284","ACT","2011-05-28",22,"Safe"
"7285","ACT","2011-05-29",28,"Safe"
"7286","ACT","2011-05-30",54,"Safe"
"7287","ACT","2011-05-31",67,"MinorHazard"
"7288","ACT","2011-06-01",50,"Safe"
"7289","ACT","2011-06-02",52,"Safe"
"7290","ACT","2011-06-03",41,"Safe"
"7291","ACT","2011-06-05",63,"MinorHazard"
"7292","ACT","2011-06-06",54,"Safe"
"7293","ACT","2011-06-07",54,"Safe"
"7294","ACT","2011-06-08",52,"Safe"
"7295","ACT","2011-06-09",39,"Safe"
"7296","ACT","2011-06-10",50,"Safe"
"7297","ACT","2011-06-11",41,"Safe"
"7298","ACT","2011-06-12",56,"Safe"
"7299","ACT","2011-06-13",50,"Safe"
"7300","ACT","2011-06-14",65,"MinorHazard"
"7301","ACT","2011-06-15",78,"MinorHazard"
"7302","ACT","2011-06-16",41,"Safe"
"7303","ACT","2011-06-17",65,"MinorHazard"
"7304","ACT","2011-06-18",48,"Safe"
"7305","ACT","2011-06-19",54,"Safe"
"7306","ACT","2011-06-20",65,"MinorHazard"
"7307","ACT","2011-06-21",72,"MinorHazard"
"7308","ACT","2011-06-22",54,"Safe"
"7309","ACT","2011-06-23",50,"Safe"
"7310","ACT","2011-06-24",44,"Safe"
"7311","ACT","2011-06-25",35,"Safe"
"7312","ACT","2011-06-26",43,"Safe"
"7313","ACT","2011-06-27",44,"Safe"
"7314","ACT","2011-06-28",41,"Safe"
"7315","ACT","2011-06-29",37,"Safe"
"7316","ACT","2011-06-30",37,"Safe"
"7317","ACT","2011-07-01",48,"Safe"
"7318","ACT","2011-07-02",44,"Safe"
"7319","ACT","2011-07-03",67,"MinorHazard"
"7320","ACT","2011-07-04",80,"MinorHazard"
"7321","ACT","2011-07-05",106,"Damaging"
"7322","ACT","2011-07-06",65,"MinorHazard"
"7323","ACT","2011-07-07",61,"Safe"
"7324","ACT","2011-07-08",44,"Safe"
"7325","ACT","2011-07-09",52,"Safe"
"7326","ACT","2011-07-10",96,"Damaging"
"7327","ACT","2011-07-11",57,"Safe"
"7328","ACT","2011-07-12",63,"MinorHazard"
"7329","ACT","2011-07-13",54,"Safe"
"7330","ACT","2011-07-15",41,"Safe"
"7331","ACT","2011-07-16",39,"Safe"
"7332","ACT","2011-07-17",35,"Safe"
"7333","ACT","2011-07-18",39,"Safe"
"7334","ACT","2011-07-19",74,"MinorHazard"
"7335","ACT","2011-07-20",70,"MinorHazard"
"7336","ACT","2011-07-21",46,"Safe"
"7337","ACT","2011-07-22",46,"Safe"
"7338","ACT","2011-07-23",31,"Safe"
"7339","ACT","2011-07-24",33,"Safe"
"7340","ACT","2011-07-25",41,"Safe"
"7341","ACT","2011-07-27",30,"Safe"
"7342","ACT","2011-07-28",37,"Safe"
"7343","ACT","2011-07-30",41,"Safe"
"7344","ACT","2011-07-31",41,"Safe"
"7345","ACT","2011-08-01",37,"Safe"
"7346","ACT","2011-08-03",54,"Safe"
"7347","ACT","2011-08-04",54,"Safe"
"7348","ACT","2011-08-06",61,"Safe"
"7349","ACT","2011-08-07",50,"Safe"
"7350","ACT","2011-08-09",41,"Safe"
"7351","ACT","2011-08-10",46,"Safe"
"7352","ACT","2011-08-12",43,"Safe"
"7353","ACT","2011-08-14",26,"Safe"
"7354","ACT","2011-08-15",19,"Safe"
"7355","ACT","2011-08-17",56,"Safe"
"7356","ACT","2011-08-18",52,"Safe"
"7357","ACT","2011-08-20",50,"Safe"
"7358","ACT","2011-08-21",43,"Safe"
"7359","ACT","2011-08-23",30,"Safe"
"7360","ACT","2011-08-24",30,"Safe"
"7361","ACT","2011-08-26",63,"MinorHazard"
"7362","ACT","2011-08-27",43,"Safe"
"7363","ACT","2011-08-29",52,"Safe"
"7364","ACT","2011-08-30",37,"Safe"
"7365","ACT","2011-09-01",26,"Safe"
"7366","ACT","2011-09-02",31,"Safe"
"7367","ACT","2011-09-04",52,"Safe"
"7368","ACT","2011-09-07",70,"MinorHazard"
"7369","ACT","2011-09-10",69,"MinorHazard"
"7370","ACT","2011-09-11",61,"Safe"
"7371","ACT","2011-09-13",57,"Safe"
"7372","ACT","2011-09-14",81,"MinorHazard"
"7373","ACT","2011-09-17",69,"MinorHazard"
"7374","ACT","2011-09-19",61,"Safe"
"7375","ACT","2011-09-20",107,"Damaging"
"7376","ACT","2011-09-22",48,"Safe"
"7377","ACT","2011-09-23",85,"MinorHazard"
"7378","ACT","2011-09-25",67,"MinorHazard"
"7379","ACT","2011-09-26",44,"Safe"
"7380","ACT","2011-09-28",74,"MinorHazard"
"7381","ACT","2011-09-29",85,"MinorHazard"
"7382","ACT","2011-10-01",44,"Safe"
"7383","ACT","2011-10-02",52,"Safe"
"7384","ACT","2011-10-04",39,"Safe"
"7385","ACT","2011-10-05",28,"Safe"
"7386","ACT","2011-10-08",37,"Safe"
"7387","ACT","2011-10-10",52,"Safe"
"7388","ACT","2011-10-14",39,"Safe"
"7389","ACT","2011-10-16",59,"Safe"
"7390","ACT","2011-10-17",41,"Safe"
"7391","ACT","2011-10-19",43,"Safe"
"7392","ACT","2011-10-20",46,"Safe"
"7393","ACT","2011-10-22",37,"Safe"
"7394","ACT","2011-10-23",43,"Safe"
"7395","ACT","2011-10-25",41,"Safe"
"7396","ACT","2011-10-27",54,"Safe"
"7397","ACT","2011-10-28",44,"Safe"
"7398","ACT","2011-10-29",52,"Safe"
"7399","ACT","2011-10-31",39,"Safe"
"7400","ACT","2011-11-01",44,"Safe"
"7401","ACT","2011-11-04",43,"Safe"
"7402","ACT","2011-11-06",57,"Safe"
"7403","ACT","2011-11-09",61,"Safe"
"7404","ACT","2011-11-10",74,"MinorHazard"
"7405","ACT","2011-11-12",54,"Safe"
"7406","ACT","2011-11-13",46,"Safe"
"7407","ACT","2011-11-14",74,"MinorHazard"
"7408","ACT","2011-11-15",50,"Safe"
"7409","ACT","2011-11-17",46,"Safe"
"7410","ACT","2011-11-18",39,"Safe"
"7411","ACT","2011-11-19",54,"Safe"
"7412","ACT","2011-11-20",63,"MinorHazard"
"7413","ACT","2011-11-21",43,"Safe"
"7414","ACT","2011-11-22",50,"Safe"
"7415","ACT","2011-11-23",48,"Safe"
"7416","ACT","2011-11-24",59,"Safe"
"7417","ACT","2011-11-25",56,"Safe"
"7418","ACT","2011-11-26",70,"MinorHazard"
"7419","ACT","2011-11-27",76,"MinorHazard"
"7420","ACT","2011-11-28",37,"Safe"
"7421","ACT","2011-12-01",43,"Safe"
"7422","ACT","2011-12-02",43,"Safe"
"7423","ACT","2011-12-03",39,"Safe"
"7424","ACT","2011-12-04",61,"Safe"
"7425","ACT","2011-12-05",48,"Safe"
"7426","ACT","2011-12-06",37,"Safe"
"7427","ACT","2011-12-07",35,"Safe"
"7428","ACT","2011-12-08",35,"Safe"
"7429","ACT","2011-12-09",37,"Safe"
"7430","ACT","2011-12-10",37,"Safe"
"7431","ACT","2011-12-11",50,"Safe"
"7432","ACT","2011-12-12",43,"Safe"
"7433","ACT","2011-12-13",43,"Safe"
"7434","ACT","2011-12-14",35,"Safe"
"7435","ACT","2011-12-15",37,"Safe"
"7436","ACT","2011-12-17",39,"Safe"
"7437","ACT","2011-12-18",44,"Safe"
"7438","ACT","2011-12-19",67,"MinorHazard"
"7439","ACT","2011-12-20",43,"Safe"
"7440","ACT","2011-12-21",30,"Safe"
"7441","ACT","2011-12-22",37,"Safe"
"7442","ACT","2011-12-23",33,"Safe"
"7443","ACT","2011-12-24",57,"Safe"
"7444","ACT","2011-12-25",39,"Safe"
"7445","ACT","2011-12-26",59,"Safe"
"7446","ACT","2011-12-27",35,"Safe"
"7447","ACT","2011-12-28",31,"Safe"
"7448","ACT","2011-12-29",39,"Safe"
"7449","ACT","2011-12-30",39,"Safe"
"7450","ACT","2011-12-31",30,"Safe"
"7451","ACT","2012-01-01",35,"Safe"
"7452","ACT","2012-01-02",31,"Safe"
"7453","ACT","2012-01-03",31,"Safe"
"7454","ACT","2012-01-04",57,"Safe"
"7455","ACT","2012-01-05",48,"Safe"
"7456","ACT","2012-01-06",46,"Safe"
"7457","ACT","2012-01-07",43,"Safe"
"7458","ACT","2012-01-08",63,"MinorHazard"
"7459","ACT","2012-01-09",74,"MinorHazard"
"7460","ACT","2012-01-10",57,"Safe"
"7461","ACT","2012-01-11",80,"MinorHazard"
"7462","ACT","2012-01-12",41,"Safe"
"7463","ACT","2012-01-13",44,"Safe"
"7464","ACT","2012-01-14",50,"Safe"
"7465","ACT","2012-01-15",41,"Safe"
"7466","ACT","2012-01-16",39,"Safe"
"7467","ACT","2012-01-17",37,"Safe"
"7468","ACT","2012-01-18",39,"Safe"
"7469","ACT","2012-01-19",41,"Safe"
"7470","ACT","2012-01-20",52,"Safe"
"7471","ACT","2012-01-21",43,"Safe"
"7472","ACT","2012-01-22",63,"MinorHazard"
"7473","ACT","2012-01-23",57,"Safe"
"7474","ACT","2012-01-24",37,"Safe"
"7475","ACT","2012-01-25",37,"Safe"
"7476","ACT","2012-01-26",46,"Safe"
"7477","ACT","2012-01-27",50,"Safe"
"7478","ACT","2012-01-28",33,"Safe"
"7479","ACT","2012-01-29",41,"Safe"
"7480","ACT","2012-01-30",81,"MinorHazard"
"7481","ACT","2012-01-31",52,"Safe"
"7482","ACT","2012-02-01",37,"Safe"
"7483","ACT","2012-02-02",37,"Safe"
"7484","ACT","2012-02-03",46,"Safe"
"7485","ACT","2012-02-04",33,"Safe"
"7486","ACT","2012-02-05",50,"Safe"
"7487","ACT","2012-02-06",50,"Safe"
"7488","ACT","2012-02-07",37,"Safe"
"7489","ACT","2012-02-08",37,"Safe"
"7490","ACT","2012-02-09",37,"Safe"
"7491","ACT","2012-02-10",54,"Safe"
"7492","ACT","2012-02-11",39,"Safe"
"7493","ACT","2012-02-12",44,"Safe"
"7494","ACT","2012-02-13",50,"Safe"
"7495","ACT","2012-02-14",35,"Safe"
"7496","ACT","2012-02-15",26,"Safe"
"7497","ACT","2012-02-16",48,"Safe"
"7498","ACT","2012-02-17",59,"Safe"
"7499","ACT","2012-02-18",41,"Safe"
"7500","ACT","2012-02-19",37,"Safe"
"7501","ACT","2012-02-20",37,"Safe"
"7502","ACT","2012-02-21",39,"Safe"
"7503","ACT","2012-02-22",39,"Safe"
"7504","ACT","2012-02-23",37,"Safe"
"7505","ACT","2012-02-24",28,"Safe"
"7506","ACT","2012-02-25",44,"Safe"
"7507","ACT","2012-02-26",50,"Safe"
"7508","ACT","2012-02-27",44,"Safe"
"7509","ACT","2012-02-28",50,"Safe"
"7510","ACT","2012-02-29",48,"Safe"
"7511","ACT","2012-03-01",67,"MinorHazard"
"7512","ACT","2012-03-02",54,"Safe"
"7513","ACT","2012-03-03",72,"MinorHazard"
"7514","ACT","2012-03-04",72,"MinorHazard"
"7515","ACT","2012-03-05",46,"Safe"
"7516","ACT","2012-03-06",41,"Safe"
"7517","ACT","2012-03-07",78,"MinorHazard"
"7518","ACT","2012-03-08",80,"MinorHazard"
"7519","ACT","2012-03-09",44,"Safe"
"7520","ACT","2012-03-10",54,"Safe"
"7521","ACT","2012-03-11",41,"Safe"
"7522","ACT","2012-03-12",31,"Safe"
"7523","ACT","2012-03-13",33,"Safe"
"7524","ACT","2012-03-14",31,"Safe"
"7525","ACT","2012-03-15",37,"Safe"
"7526","ACT","2012-03-16",50,"Safe"
"7527","ACT","2012-03-17",46,"Safe"
"7528","ACT","2012-03-18",56,"Safe"
"7529","ACT","2012-03-19",67,"MinorHazard"
"7530","ACT","2012-03-20",39,"Safe"
"7531","ACT","2012-03-21",52,"Safe"
"7532","ACT","2012-03-22",41,"Safe"
"7533","ACT","2012-03-23",81,"MinorHazard"
"7534","ACT","2012-03-24",78,"MinorHazard"
"7535","ACT","2012-03-25",31,"Safe"
"7536","ACT","2012-03-26",28,"Safe"
"7537","ACT","2012-03-27",31,"Safe"
"7538","ACT","2012-03-28",31,"Safe"
"7539","ACT","2012-03-29",26,"Safe"
"7540","ACT","2012-03-30",24,"Safe"
"7541","ACT","2012-03-31",48,"Safe"
"7542","ACT","2012-04-02",43,"Safe"
"7543","ACT","2012-04-03",39,"Safe"
"7544","ACT","2012-04-04",35,"Safe"
"7545","ACT","2012-04-05",50,"Safe"
"7546","ACT","2012-04-06",50,"Safe"
"7547","ACT","2012-04-07",54,"Safe"
"7548","ACT","2012-04-08",54,"Safe"
"7549","ACT","2012-04-09",67,"MinorHazard"
"7550","ACT","2012-04-10",56,"Safe"
"7551","ACT","2012-04-11",43,"Safe"
"7552","ACT","2012-04-12",28,"Safe"
"7553","ACT","2012-04-13",28,"Safe"
"7554","ACT","2012-04-14",41,"Safe"
"7555","ACT","2012-04-15",39,"Safe"
"7556","ACT","2012-04-16",30,"Safe"
"7557","ACT","2012-04-17",50,"Safe"
"7558","ACT","2012-04-18",78,"MinorHazard"
"7559","ACT","2012-04-19",63,"MinorHazard"
"7560","ACT","2012-04-20",24,"Safe"
"7561","ACT","2012-04-21",30,"Safe"
"7562","ACT","2012-04-22",52,"Safe"
"7563","ACT","2012-04-23",50,"Safe"
"7564","ACT","2012-04-24",46,"Safe"
"7565","ACT","2012-04-25",72,"MinorHazard"
"7566","ACT","2012-04-26",56,"Safe"
"7567","ACT","2012-04-27",26,"Safe"
"7568","ACT","2012-04-28",61,"Safe"
"7569","ACT","2012-04-29",57,"Safe"
"7570","ACT","2012-04-30",33,"Safe"
"7571","ACT","2012-05-01",37,"Safe"
"7572","ACT","2012-05-02",35,"Safe"
"7573","ACT","2012-05-03",39,"Safe"
"7574","ACT","2012-05-04",39,"Safe"
"7575","ACT","2012-05-05",26,"Safe"
"7576","ACT","2012-05-06",41,"Safe"
"7577","ACT","2012-05-07",46,"Safe"
"7578","ACT","2012-05-08",46,"Safe"
"7579","ACT","2012-05-09",57,"Safe"
"7580","ACT","2012-05-10",46,"Safe"
"7581","ACT","2012-05-11",69,"MinorHazard"
"7582","ACT","2012-05-12",63,"MinorHazard"
"7583","ACT","2012-05-13",50,"Safe"
"7584","ACT","2012-05-14",44,"Safe"
"7585","ACT","2012-05-15",41,"Safe"
"7586","ACT","2012-05-16",26,"Safe"
"7587","ACT","2012-05-17",26,"Safe"
"7588","ACT","2012-05-18",35,"Safe"
"7589","ACT","2012-05-19",41,"Safe"
"7590","ACT","2012-05-20",26,"Safe"
"7591","ACT","2012-05-21",44,"Safe"
"7592","ACT","2012-05-22",65,"MinorHazard"
"7593","ACT","2012-05-24",57,"Safe"
"7594","ACT","2012-05-25",59,"Safe"
"7595","ACT","2012-05-26",48,"Safe"
"7596","ACT","2012-05-27",41,"Safe"
"7597","ACT","2012-05-28",37,"Safe"
"7598","ACT","2012-05-29",28,"Safe"
"7599","ACT","2012-05-30",24,"Safe"
"7600","ACT","2012-05-31",26,"Safe"
"7601","ACT","2012-06-01",22,"Safe"
"7602","ACT","2012-06-02",28,"Safe"
"7603","ACT","2012-06-03",43,"Safe"
"7604","ACT","2012-06-04",59,"Safe"
"7605","ACT","2012-06-05",74,"MinorHazard"
"7606","ACT","2012-06-06",52,"Safe"
"7607","ACT","2012-06-07",30,"Safe"
"7608","ACT","2012-06-09",22,"Safe"
"7609","ACT","2012-06-10",24,"Safe"
"7610","ACT","2012-06-11",43,"Safe"
"7611","ACT","2012-06-12",43,"Safe"
"7612","ACT","2012-06-13",33,"Safe"
"7613","ACT","2012-06-14",39,"Safe"
"7614","ACT","2012-06-15",56,"Safe"
"7615","ACT","2012-06-16",26,"Safe"
"7616","ACT","2012-06-17",48,"Safe"
"7617","ACT","2012-06-18",52,"Safe"
"7618","ACT","2012-06-19",67,"MinorHazard"
"7619","ACT","2012-06-20",56,"Safe"
"7620","ACT","2012-06-21",76,"MinorHazard"
"7621","ACT","2012-06-22",59,"Safe"
"7622","ACT","2012-06-23",48,"Safe"
"7623","ACT","2012-06-24",52,"Safe"
"7624","ACT","2012-06-25",61,"Safe"
"7625","ACT","2012-06-26",20,"Safe"
"7626","ACT","2012-06-27",28,"Safe"
"7627","ACT","2012-06-28",33,"Safe"
"7628","ACT","2012-06-29",65,"MinorHazard"
"7629","ACT","2012-06-30",59,"Safe"
"7630","ACT","2012-07-01",39,"Safe"
"7631","ACT","2012-07-02",37,"Safe"
"7632","ACT","2012-07-03",56,"Safe"
"7633","ACT","2012-07-04",44,"Safe"
"7634","ACT","2012-07-05",39,"Safe"
"7635","ACT","2012-07-06",26,"Safe"
"7636","ACT","2012-07-07",48,"Safe"
"7637","ACT","2012-07-08",28,"Safe"
"7638","ACT","2012-07-09",33,"Safe"
"7639","ACT","2012-07-11",59,"Safe"
"7640","ACT","2012-07-12",48,"Safe"
"7641","ACT","2012-07-13",67,"MinorHazard"
"7642","ACT","2012-07-14",56,"Safe"
"7643","ACT","2012-07-15",61,"Safe"
"7644","ACT","2012-07-16",61,"Safe"
"7645","ACT","2012-07-17",37,"Safe"
"7646","ACT","2012-07-18",48,"Safe"
"7647","ACT","2012-07-19",26,"Safe"
"7648","ACT","2012-07-20",33,"Safe"
"7649","ACT","2012-07-21",46,"Safe"
"7650","ACT","2012-07-22",43,"Safe"
"7651","ACT","2012-07-23",41,"Safe"
"7652","ACT","2012-07-24",33,"Safe"
"7653","ACT","2012-07-25",48,"Safe"
"7654","ACT","2012-07-26",65,"MinorHazard"
"7655","ACT","2012-07-27",37,"Safe"
"7656","ACT","2012-07-28",37,"Safe"
"7657","ACT","2012-07-29",41,"Safe"
"7658","ACT","2012-07-30",67,"MinorHazard"
"7659","ACT","2012-07-31",50,"Safe"
"7660","ACT","2012-08-01",46,"Safe"
"7661","ACT","2012-08-02",41,"Safe"
"7662","ACT","2012-08-03",46,"Safe"
"7663","ACT","2012-08-04",63,"MinorHazard"
"7664","ACT","2012-08-05",85,"MinorHazard"
"7665","ACT","2012-08-06",81,"MinorHazard"
"7666","ACT","2012-08-07",44,"Safe"
"7667","ACT","2012-08-08",57,"Safe"
"7668","ACT","2012-08-09",69,"MinorHazard"
"7669","ACT","2012-08-10",98,"Damaging"
"7670","ACT","2012-08-11",63,"MinorHazard"
"7671","ACT","2012-08-12",57,"Safe"
"7672","ACT","2012-08-13",37,"Safe"
"7673","ACT","2012-08-14",56,"Safe"
"7674","ACT","2012-08-15",63,"MinorHazard"
"7675","ACT","2012-08-16",52,"Safe"
"7676","ACT","2012-08-17",65,"MinorHazard"
"7677","ACT","2012-08-18",52,"Safe"
"7678","ACT","2012-08-19",44,"Safe"
"7679","ACT","2012-08-20",39,"Safe"
"7680","ACT","2012-08-21",43,"Safe"
"7681","ACT","2012-08-22",54,"Safe"
"7682","ACT","2012-08-23",80,"MinorHazard"
"7683","ACT","2012-08-24",72,"MinorHazard"
"7684","ACT","2012-08-25",57,"Safe"
"7685","ACT","2012-08-26",44,"Safe"
"7686","ACT","2012-08-27",35,"Safe"
"7687","ACT","2012-08-28",72,"MinorHazard"
"7688","ACT","2012-08-29",59,"Safe"
"7689","ACT","2012-08-30",74,"MinorHazard"
"7690","ACT","2012-08-31",61,"Safe"
"7691","ACT","2012-09-01",56,"Safe"
"7692","ACT","2012-09-02",46,"Safe"
"7693","ACT","2012-09-03",54,"Safe"
"7694","ACT","2012-09-04",44,"Safe"
"7695","ACT","2012-09-05",89,"MinorHazard"
"7696","ACT","2012-09-06",63,"MinorHazard"
"7697","ACT","2012-09-07",87,"MinorHazard"
"7698","ACT","2012-09-08",80,"MinorHazard"
"7699","ACT","2012-09-09",54,"Safe"
"7700","ACT","2012-09-10",48,"Safe"
"7701","ACT","2012-09-11",28,"Safe"
"7702","ACT","2012-09-12",52,"Safe"
"7703","ACT","2012-09-13",50,"Safe"
"7704","ACT","2012-09-14",54,"Safe"
"7705","ACT","2012-09-15",33,"Safe"
"7706","ACT","2012-09-16",43,"Safe"
"7707","ACT","2012-09-17",37,"Safe"
"7708","ACT","2012-09-18",54,"Safe"
"7709","ACT","2012-09-20",48,"Safe"
"7710","ACT","2012-09-21",61,"Safe"
"7711","ACT","2012-09-22",39,"Safe"
"7712","ACT","2012-09-23",63,"MinorHazard"
"7713","ACT","2012-09-24",57,"Safe"
"7714","ACT","2012-09-25",35,"Safe"
"7715","ACT","2012-09-26",48,"Safe"
"7716","ACT","2012-09-27",67,"MinorHazard"
"7717","ACT","2012-09-28",93,"Damaging"
"7718","ACT","2012-09-29",70,"MinorHazard"
"7719","ACT","2012-09-30",78,"MinorHazard"
"7720","ACT","2012-10-01",33,"Safe"
"7721","ACT","2012-10-03",44,"Safe"
"7722","ACT","2012-10-04",67,"MinorHazard"
"7723","ACT","2012-10-05",80,"MinorHazard"
"7724","ACT","2012-10-06",63,"MinorHazard"
"7725","ACT","2012-10-07",52,"Safe"
"7726","ACT","2012-10-08",35,"Safe"
"7727","ACT","2012-10-09",26,"Safe"
"7728","ACT","2012-10-10",43,"Safe"
"7729","ACT","2012-10-11",39,"Safe"
"7730","ACT","2012-10-12",78,"MinorHazard"
"7731","ACT","2012-10-13",41,"Safe"
"7732","ACT","2012-10-14",39,"Safe"
"7733","ACT","2012-10-15",46,"Safe"
"7734","ACT","2012-10-16",93,"Damaging"
"7735","ACT","2012-10-17",72,"MinorHazard"
"7736","ACT","2012-10-18",31,"Safe"
"7737","ACT","2012-10-19",50,"Safe"
"7738","ACT","2012-10-20",52,"Safe"
"7739","ACT","2012-10-21",69,"MinorHazard"
"7740","ACT","2012-10-22",59,"Safe"
"7741","ACT","2012-10-23",48,"Safe"
"7742","ACT","2012-10-24",37,"Safe"
"7743","ACT","2012-10-25",74,"MinorHazard"
"7744","ACT","2012-10-26",61,"Safe"
"7745","ACT","2012-10-27",52,"Safe"
"7746","ACT","2012-10-28",31,"Safe"
"7747","ACT","2012-10-29",31,"Safe"
"7748","ACT","2012-10-30",44,"Safe"
"7749","ACT","2012-10-31",39,"Safe"
"7750","ACT","2012-11-01",76,"MinorHazard"
"7751","ACT","2012-11-02",48,"Safe"
"7752","ACT","2012-11-03",33,"Safe"
"7753","ACT","2012-11-04",39,"Safe"
"7754","ACT","2012-11-05",43,"Safe"
"7755","ACT","2012-11-06",56,"Safe"
"7756","ACT","2012-11-07",61,"Safe"
"7757","ACT","2012-11-08",41,"Safe"
"7758","ACT","2012-11-10",44,"Safe"
"7759","ACT","2012-11-11",39,"Safe"
"7760","ACT","2012-11-12",48,"Safe"
"7761","ACT","2012-11-13",48,"Safe"
"7762","ACT","2012-11-14",39,"Safe"
"7763","ACT","2012-11-15",43,"Safe"
"7764","ACT","2012-11-16",54,"Safe"
"7765","ACT","2012-11-17",44,"Safe"
"7766","ACT","2012-11-18",59,"Safe"
"7767","ACT","2012-11-19",69,"MinorHazard"
"7768","ACT","2012-11-20",43,"Safe"
"7769","ACT","2012-11-21",44,"Safe"
"7770","ACT","2012-11-22",39,"Safe"
"7771","ACT","2012-11-23",35,"Safe"
"7772","ACT","2012-11-24",39,"Safe"
"7773","ACT","2012-11-25",39,"Safe"
"7774","ACT","2012-11-26",61,"Safe"
"7775","ACT","2012-11-27",46,"Safe"
"7776","ACT","2012-11-28",31,"Safe"
"7777","ACT","2012-11-29",43,"Safe"
"7778","ACT","2012-11-30",65,"MinorHazard"
"7779","ACT","2013-01-01",57,"Safe"
"7780","ACT","2013-01-02",52,"Safe"
"7781","ACT","2013-01-03",43,"Safe"
"7782","ACT","2013-01-04",57,"Safe"
"7783","ACT","2013-01-07",46,"Safe"
"7784","ACT","2013-01-08",87,"MinorHazard"
"7785","ACT","2013-01-09",72,"MinorHazard"
"7786","ACT","2013-01-10",41,"Safe"
"7787","ACT","2013-01-11",48,"Safe"
"7788","ACT","2013-01-12",80,"MinorHazard"
"7789","ACT","2013-01-13",54,"Safe"
"7790","ACT","2013-01-14",46,"Safe"
"7791","ACT","2013-01-15",33,"Safe"
"7792","ACT","2013-01-16",46,"Safe"
"7793","ACT","2013-01-17",54,"Safe"
"7794","ACT","2013-01-19",37,"Safe"
"7795","ACT","2013-01-26",65,"MinorHazard"
"7796","ACT","2013-01-27",48,"Safe"
"7797","ACT","2013-01-28",39,"Safe"
"7798","ACT","2013-03-01",65,"MinorHazard"
"7799","ACT","2013-03-02",70,"MinorHazard"
"7800","ACT","2013-03-03",72,"MinorHazard"
"7801","ACT","2013-03-04",52,"Safe"
"7802","ACT","2013-03-05",37,"Safe"
"7803","ACT","2013-03-06",39,"Safe"
"7804","ACT","2013-03-09",28,"Safe"
"7805","ACT","2013-03-10",30,"Safe"
"7806","ACT","2013-03-11",30,"Safe"
"7807","ACT","2013-03-12",28,"Safe"
"7808","ACT","2013-03-13",39,"Safe"
"7809","ACT","2013-03-15",30,"Safe"
"7810","ACT","2013-03-17",57,"Safe"
"7811","ACT","2013-03-18",35,"Safe"
"7812","ACT","2013-03-19",35,"Safe"
"7813","ACT","2013-03-20",31,"Safe"
"7814","ACT","2013-03-21",78,"MinorHazard"
"7815","ACT","2013-03-22",72,"MinorHazard"
"7816","ACT","2013-03-23",50,"Safe"
"7817","ACT","2013-03-24",54,"Safe"
"7818","ACT","2013-03-25",35,"Safe"
"7819","ACT","2013-03-27",46,"Safe"
"7820","ACT","2013-03-28",65,"MinorHazard"
"7821","ACT","2013-03-29",56,"Safe"
"7822","ACT","2013-03-30",37,"Safe"
"7823","ACT","2013-03-31",43,"Safe"
"7824","ACT","2013-04-01",41,"Safe"
"7825","ACT","2013-04-02",37,"Safe"
"7826","ACT","2013-04-03",35,"Safe"
"7827","ACT","2013-04-04",37,"Safe"
"7828","ACT","2013-04-05",33,"Safe"
"7829","ACT","2013-04-06",39,"Safe"
"7830","ACT","2013-04-07",24,"Safe"
"7831","ACT","2013-04-08",33,"Safe"
"7832","ACT","2013-04-09",28,"Safe"
"7833","ACT","2013-04-10",26,"Safe"
"7834","ACT","2013-04-11",48,"Safe"
"7835","ACT","2013-04-12",46,"Safe"
"7836","ACT","2013-04-14",41,"Safe"
"7837","ACT","2013-04-15",50,"Safe"
"7838","ACT","2013-04-16",30,"Safe"
"7839","ACT","2013-04-17",31,"Safe"
"7840","ACT","2013-04-18",37,"Safe"
"7841","ACT","2013-04-19",76,"MinorHazard"
"7842","ACT","2013-04-20",74,"MinorHazard"
"7843","ACT","2013-04-21",39,"Safe"
"7844","ACT","2013-04-22",52,"Safe"
"7845","ACT","2013-04-23",54,"Safe"
"7846","ACT","2013-04-24",46,"Safe"
"7847","ACT","2013-04-25",54,"Safe"
"7848","ACT","2013-04-26",61,"Safe"
"7849","ACT","2013-04-27",59,"Safe"
"7850","ACT","2013-04-28",69,"MinorHazard"
"7851","ACT","2013-04-29",54,"Safe"
"7852","ACT","2013-04-30",43,"Safe"
"7853","ACT","2013-05-01",63,"MinorHazard"
"7854","ACT","2013-05-04",76,"MinorHazard"
"7855","ACT","2013-05-05",48,"Safe"
"7856","ACT","2013-05-06",37,"Safe"
"7857","ACT","2013-05-07",30,"Safe"
"7858","ACT","2013-05-08",30,"Safe"
"7859","ACT","2013-05-09",24,"Safe"
"7860","ACT","2013-05-10",26,"Safe"
"7861","ACT","2013-05-11",35,"Safe"
"7862","ACT","2013-05-12",41,"Safe"
"7863","ACT","2013-05-13",67,"MinorHazard"
"7864","ACT","2013-05-14",48,"Safe"
"7865","ACT","2013-05-15",69,"MinorHazard"
"7866","ACT","2013-05-16",59,"Safe"
"7867","ACT","2013-05-17",50,"Safe"
"7868","ACT","2013-05-18",50,"Safe"
"7869","ACT","2013-05-19",48,"Safe"
"7870","ACT","2013-05-20",67,"MinorHazard"
"7871","ACT","2013-05-21",76,"MinorHazard"
"7872","ACT","2013-05-22",44,"Safe"
"7873","ACT","2013-05-23",57,"Safe"
"7874","ACT","2013-05-24",33,"Safe"
"7875","ACT","2013-05-25",41,"Safe"
"7876","ACT","2013-05-26",43,"Safe"
"7877","ACT","2013-05-27",46,"Safe"
"7878","ACT","2013-05-28",33,"Safe"
"7879","ACT","2013-05-29",43,"Safe"
"7880","ACT","2013-05-30",50,"Safe"
"7881","ACT","2013-05-31",57,"Safe"
"7882","ACT","2013-06-01",70,"MinorHazard"
"7883","ACT","2013-06-02",67,"MinorHazard"
"7884","ACT","2013-06-03",44,"Safe"
"7885","ACT","2013-06-04",28,"Safe"
"7886","ACT","2013-06-05",44,"Safe"
"7887","ACT","2013-06-07",76,"MinorHazard"
"7888","ACT","2013-06-08",30,"Safe"
"7889","ACT","2013-06-09",31,"Safe"
"7890","ACT","2013-06-10",52,"Safe"
"7891","ACT","2013-06-11",37,"Safe"
"7892","ACT","2013-06-12",46,"Safe"
"7893","ACT","2013-06-13",50,"Safe"
"7894","ACT","2013-06-14",89,"MinorHazard"
"7895","ACT","2013-06-15",76,"MinorHazard"
"7896","ACT","2013-06-16",63,"MinorHazard"
"7897","ACT","2013-06-17",56,"Safe"
"7898","ACT","2013-06-18",39,"Safe"
"7899","ACT","2013-06-19",44,"Safe"
"7900","ACT","2013-06-20",28,"Safe"
"7901","ACT","2013-06-21",17,"Safe"
"7902","ACT","2013-06-22",35,"Safe"
"7903","ACT","2013-06-23",41,"Safe"
"7904","ACT","2013-06-24",80,"MinorHazard"
"7905","ACT","2013-06-25",78,"MinorHazard"
"7906","ACT","2013-06-26",56,"Safe"
"7907","ACT","2013-06-27",31,"Safe"
"7908","ACT","2013-06-28",30,"Safe"
"7909","ACT","2013-06-29",33,"Safe"
"7910","ACT","2013-06-30",31,"Safe"
"7911","ACT","2013-07-01",50,"Safe"
"7912","ACT","2013-07-02",48,"Safe"
"7913","ACT","2013-07-03",44,"Safe"
"7914","ACT","2013-07-04",67,"MinorHazard"
"7915","ACT","2013-07-05",80,"MinorHazard"
"7916","ACT","2013-07-06",65,"MinorHazard"
"7917","ACT","2013-07-07",46,"Safe"
"7918","ACT","2013-07-08",48,"Safe"
"7919","ACT","2013-07-09",31,"Safe"
"7920","ACT","2013-07-10",31,"Safe"
"7921","ACT","2013-07-11",30,"Safe"
"7922","ACT","2013-07-12",39,"Safe"
"7923","ACT","2013-07-13",20,"Safe"
"7924","ACT","2013-07-14",48,"Safe"
"7925","ACT","2013-07-15",50,"Safe"
"7926","ACT","2013-07-16",33,"Safe"
"7927","ACT","2013-07-17",61,"Safe"
"7928","ACT","2013-07-18",63,"MinorHazard"
"7929","ACT","2013-07-19",78,"MinorHazard"
"7930","ACT","2013-07-20",78,"MinorHazard"
"7931","ACT","2013-07-21",46,"Safe"
"7932","ACT","2013-07-22",52,"Safe"
"7933","ACT","2013-07-23",44,"Safe"
"7934","ACT","2013-07-24",37,"Safe"
"7935","ACT","2013-07-25",30,"Safe"
"7936","ACT","2013-07-26",35,"Safe"
"7937","ACT","2013-07-27",37,"Safe"
"7938","ACT","2013-07-28",63,"MinorHazard"
"7939","ACT","2013-07-29",67,"MinorHazard"
"7940","ACT","2013-07-30",48,"Safe"
"7941","ACT","2013-07-31",24,"Safe"
"7942","ACT","2013-08-01",31,"Safe"
"7943","ACT","2013-08-02",72,"MinorHazard"
"7944","ACT","2013-08-03",85,"MinorHazard"
"7945","ACT","2013-08-04",56,"Safe"
"7946","ACT","2013-08-05",70,"MinorHazard"
"7947","ACT","2013-08-06",74,"MinorHazard"
"7948","ACT","2013-08-07",31,"Safe"
"7949","ACT","2013-08-08",50,"Safe"
"7950","ACT","2013-08-09",74,"MinorHazard"
"7951","ACT","2013-08-10",72,"MinorHazard"
"7952","ACT","2013-08-11",43,"Safe"
"7953","ACT","2013-08-12",91,"Damaging"
"7954","ACT","2013-08-13",72,"MinorHazard"
"7955","ACT","2013-08-14",81,"MinorHazard"
"7956","ACT","2013-08-15",65,"MinorHazard"
"7957","ACT","2013-08-16",70,"MinorHazard"
"7958","ACT","2013-08-17",72,"MinorHazard"
"7959","ACT","2013-08-18",80,"MinorHazard"
"7960","ACT","2013-08-19",63,"MinorHazard"
"7961","ACT","2013-08-20",52,"Safe"
"7962","ACT","2013-08-21",46,"Safe"
"7963","ACT","2013-08-22",57,"Safe"
"7964","ACT","2013-08-23",78,"MinorHazard"
"7965","ACT","2013-08-24",52,"Safe"
"7966","ACT","2013-08-25",46,"Safe"
"7967","ACT","2013-08-26",30,"Safe"
"7968","ACT","2013-08-27",39,"Safe"
"7969","ACT","2013-08-28",41,"Safe"
"7970","ACT","2013-08-29",69,"MinorHazard"
"7971","ACT","2013-08-30",70,"MinorHazard"
"7972","ACT","2013-08-31",50,"Safe"
"7973","ACT","2013-09-01",31,"Safe"
"7974","ACT","2013-09-02",44,"Safe"
"7975","ACT","2013-09-03",26,"Safe"
"7976","ACT","2013-09-04",35,"Safe"
"7977","ACT","2013-09-05",46,"Safe"
"7978","ACT","2013-09-06",46,"Safe"
"7979","ACT","2013-09-07",69,"MinorHazard"
"7980","ACT","2013-09-08",31,"Safe"
"7981","ACT","2013-09-09",70,"MinorHazard"
"7982","ACT","2013-09-10",69,"MinorHazard"
"7983","ACT","2013-09-11",80,"MinorHazard"
"7984","ACT","2013-09-12",65,"MinorHazard"
"7985","ACT","2013-09-13",46,"Safe"
"7986","ACT","2013-09-14",50,"Safe"
"7987","ACT","2013-09-15",31,"Safe"
"7988","ACT","2013-09-16",72,"MinorHazard"
"7989","ACT","2013-09-17",59,"Safe"
"7990","ACT","2013-09-18",91,"Damaging"
"7991","ACT","2013-09-19",76,"MinorHazard"
"7992","ACT","2013-09-20",61,"Safe"
"7993","ACT","2013-09-21",54,"Safe"
"7994","ACT","2013-09-22",44,"Safe"
"7995","ACT","2013-09-23",48,"Safe"
"7996","ACT","2013-09-24",63,"MinorHazard"
"7997","ACT","2013-09-25",56,"Safe"
"7998","ACT","2013-09-26",98,"Damaging"
"7999","ACT","2013-09-27",59,"Safe"
"8000","ACT","2013-09-28",91,"Damaging"
"8001","ACT","2013-09-29",56,"Safe"
"8002","ACT","2013-09-30",63,"MinorHazard"
"8003","ACT","2013-10-01",94,"Damaging"
"8004","ACT","2013-10-02",74,"MinorHazard"
"8005","ACT","2013-10-03",48,"Safe"
"8006","ACT","2013-10-04",33,"Safe"
"8007","ACT","2013-10-05",44,"Safe"
"8008","ACT","2013-10-06",81,"MinorHazard"
"8009","ACT","2013-10-07",43,"Safe"
"8010","ACT","2013-10-08",37,"Safe"
"8011","ACT","2013-10-09",52,"Safe"
"8012","ACT","2013-10-10",70,"MinorHazard"
"8013","ACT","2013-10-11",80,"MinorHazard"
"8014","ACT","2013-10-12",50,"Safe"
"8015","ACT","2013-10-13",69,"MinorHazard"
"8016","ACT","2013-10-14",56,"Safe"
"8017","ACT","2013-10-15",57,"Safe"
"8018","ACT","2013-10-16",83,"MinorHazard"
"8019","ACT","2013-10-17",74,"MinorHazard"
"8020","ACT","2013-10-18",74,"MinorHazard"
"8021","ACT","2013-10-19",35,"Safe"
"8022","ACT","2013-10-20",41,"Safe"
"8023","ACT","2013-10-21",48,"Safe"
"8024","ACT","2013-10-22",69,"MinorHazard"
"8025","ACT","2013-10-23",80,"MinorHazard"
"8026","ACT","2013-10-24",69,"MinorHazard"
"8027","ACT","2013-10-25",50,"Safe"
"8028","ACT","2013-10-26",52,"Safe"
"8029","ACT","2013-10-27",39,"Safe"
"8030","ACT","2013-10-28",35,"Safe"
"8031","ACT","2013-10-29",56,"Safe"
"8032","ACT","2013-10-30",35,"Safe"
"8033","ACT","2013-10-31",46,"Safe"
"8034","ACT","2013-11-01",39,"Safe"
"8035","ACT","2013-11-02",46,"Safe"
"8036","ACT","2013-11-03",83,"MinorHazard"
"8037","ACT","2013-11-04",48,"Safe"
"8038","ACT","2013-11-05",44,"Safe"
"8039","ACT","2013-11-06",31,"Safe"
"8040","ACT","2013-11-07",48,"Safe"
"8041","ACT","2013-11-08",67,"MinorHazard"
"8042","ACT","2013-11-09",46,"Safe"
"8043","ACT","2013-11-10",54,"Safe"
"8044","ACT","2013-11-11",65,"MinorHazard"
"8045","ACT","2013-11-12",50,"Safe"
"8046","ACT","2013-11-13",57,"Safe"
"8047","ACT","2013-11-14",50,"Safe"
"8048","ACT","2013-11-15",50,"Safe"
"8049","ACT","2013-11-16",48,"Safe"
"8050","ACT","2013-11-17",50,"Safe"
"8051","ACT","2013-11-18",39,"Safe"
"8052","ACT","2013-11-19",33,"Safe"
"8053","ACT","2013-11-20",35,"Safe"
"8054","ACT","2013-11-21",93,"Damaging"
"8055","ACT","2013-11-22",54,"Safe"
"8056","ACT","2013-11-23",52,"Safe"
"8057","ACT","2013-11-24",46,"Safe"
"8058","ACT","2013-11-25",44,"Safe"
"8059","ACT","2013-11-26",33,"Safe"
"8060","ACT","2013-11-27",39,"Safe"
"8061","ACT","2013-11-28",57,"Safe"
"8062","ACT","2013-11-29",69,"MinorHazard"
"8063","ACT","2013-11-30",39,"Safe"
"8064","ACT","2013-12-01",30,"Safe"
"8065","ACT","2013-12-02",41,"Safe"
"8066","ACT","2013-12-03",35,"Safe"
"8067","ACT","2013-12-04",74,"MinorHazard"
"8068","ACT","2013-12-05",67,"MinorHazard"
"8069","ACT","2013-12-06",54,"Safe"
"8070","ACT","2013-12-07",37,"Safe"
"8071","ACT","2013-12-08",46,"Safe"
"8072","ACT","2013-12-09",94,"Damaging"
"8073","ACT","2013-12-10",65,"MinorHazard"
"8074","ACT","2013-12-11",57,"Safe"
"8075","ACT","2013-12-12",43,"Safe"
"8076","ACT","2013-12-13",46,"Safe"
"8077","ACT","2013-12-14",46,"Safe"
"8078","ACT","2013-12-15",52,"Safe"
"8079","ACT","2013-12-16",43,"Safe"
"8080","ACT","2013-12-17",54,"Safe"
"8081","ACT","2013-12-18",44,"Safe"
"8082","ACT","2013-12-19",44,"Safe"
"8083","ACT","2013-12-20",46,"Safe"
"8084","ACT","2013-12-22",74,"MinorHazard"
"8085","ACT","2013-12-23",52,"Safe"
"8086","ACT","2013-12-24",37,"Safe"
"8087","ACT","2013-12-25",28,"Safe"
"8088","ACT","2013-12-26",54,"Safe"
"8089","ACT","2013-12-27",44,"Safe"
"8090","ACT","2013-12-28",46,"Safe"
"8091","ACT","2013-12-29",61,"Safe"
"8092","ACT","2013-12-30",43,"Safe"
"8093","ACT","2013-12-31",70,"MinorHazard"
"8094","ACT","2014-01-01",70,"MinorHazard"
"8095","ACT","2014-01-02",78,"MinorHazard"
"8096","ACT","2014-01-03",61,"Safe"
"8097","ACT","2014-01-04",50,"Safe"
"8098","ACT","2014-01-05",65,"MinorHazard"
"8099","ACT","2014-01-06",76,"MinorHazard"
"8100","ACT","2014-01-07",52,"Safe"
"8101","ACT","2014-01-08",50,"Safe"
"8102","ACT","2014-01-09",50,"Safe"
"8103","ACT","2014-01-10",35,"Safe"
"8104","ACT","2014-01-11",37,"Safe"
"8105","ACT","2014-01-12",46,"Safe"
"8106","ACT","2014-01-13",44,"Safe"
"8107","ACT","2014-01-15",39,"Safe"
"8108","ACT","2014-01-16",48,"Safe"
"8109","ACT","2014-01-17",43,"Safe"
"8110","ACT","2014-01-18",70,"MinorHazard"
"8111","ACT","2014-01-19",48,"Safe"
"8112","ACT","2014-01-20",43,"Safe"
"8113","ACT","2014-01-21",52,"Safe"
"8114","ACT","2014-01-22",44,"Safe"
"8115","ACT","2014-01-23",33,"Safe"
"8116","ACT","2014-01-24",65,"MinorHazard"
"8117","ACT","2014-01-25",61,"Safe"
"8118","ACT","2014-01-26",39,"Safe"
"8119","ACT","2014-01-28",35,"Safe"
"8120","ACT","2014-01-29",50,"Safe"
"8121","ACT","2014-01-30",48,"Safe"
"8122","ACT","2014-01-31",59,"Safe"
"8123","ACT","2014-02-01",43,"Safe"
"8124","ACT","2014-02-02",52,"Safe"
"8125","ACT","2014-02-04",50,"Safe"
"8126","ACT","2014-02-06",39,"Safe"
"8127","ACT","2014-02-07",43,"Safe"
"8128","ACT","2014-02-09",50,"Safe"
"8129","ACT","2014-02-10",57,"Safe"
"8130","ACT","2014-02-11",50,"Safe"
"8131","ACT","2014-02-12",48,"Safe"
"8132","ACT","2014-02-13",44,"Safe"
"8133","ACT","2014-02-14",35,"Safe"
"8134","ACT","2014-02-15",74,"MinorHazard"
"8135","ACT","2014-02-16",54,"Safe"
"8136","ACT","2014-02-17",37,"Safe"
"8137","ACT","2014-02-18",33,"Safe"
"8138","ACT","2014-02-19",74,"MinorHazard"
"8139","ACT","2014-02-21",52,"Safe"
"8140","ACT","2014-02-22",41,"Safe"
"8141","ACT","2014-02-23",39,"Safe"
"8142","ACT","2014-02-24",44,"Safe"
"8143","ACT","2014-02-25",39,"Safe"
"8144","ACT","2014-02-26",54,"Safe"
"8145","ACT","2014-02-27",43,"Safe"
"8146","ACT","2014-02-28",28,"Safe"
"8147","ACT","2014-03-01",33,"Safe"
"8148","ACT","2014-03-02",48,"Safe"
"8149","ACT","2014-03-03",33,"Safe"
"8150","ACT","2014-03-04",30,"Safe"
"8151","ACT","2014-03-05",33,"Safe"
"8152","ACT","2014-03-06",50,"Safe"
"8153","ACT","2014-03-07",39,"Safe"
"8154","ACT","2014-03-08",50,"Safe"
"8155","ACT","2014-03-09",39,"Safe"
"8156","ACT","2014-03-10",31,"Safe"
"8157","ACT","2014-03-11",28,"Safe"
"8158","ACT","2014-03-12",48,"Safe"
"8159","ACT","2014-03-13",41,"Safe"
"8160","ACT","2014-03-14",37,"Safe"
"8161","ACT","2014-03-15",70,"MinorHazard"
"8162","ACT","2014-03-16",78,"MinorHazard"
"8163","ACT","2014-03-17",54,"Safe"
"8164","ACT","2014-03-18",48,"Safe"
"8165","ACT","2014-03-19",46,"Safe"
"8166","ACT","2014-03-20",37,"Safe"
"8167","ACT","2014-03-21",43,"Safe"
"8168","ACT","2014-03-22",52,"Safe"
"8169","ACT","2014-03-23",43,"Safe"
"8170","ACT","2014-03-24",44,"Safe"
"8171","ACT","2014-03-25",57,"Safe"
"8172","ACT","2014-03-26",57,"Safe"
"8173","ACT","2014-03-27",56,"Safe"
"8174","ACT","2014-03-28",28,"Safe"
"8175","ACT","2014-03-29",33,"Safe"
"8176","ACT","2014-03-30",37,"Safe"
"8177","ACT","2014-03-31",30,"Safe"
"8178","ACT","2014-04-01",26,"Safe"
"8179","ACT","2014-04-02",30,"Safe"
"8180","ACT","2014-04-03",37,"Safe"
"8181","ACT","2014-04-04",37,"Safe"
"8182","ACT","2014-04-05",30,"Safe"
"8183","ACT","2014-04-06",37,"Safe"
"8184","ACT","2014-04-07",37,"Safe"
"8185","ACT","2014-04-08",26,"Safe"
"8186","ACT","2014-04-09",20,"Safe"
"8187","ACT","2014-04-10",39,"Safe"
"8188","ACT","2014-04-11",56,"Safe"
"8189","ACT","2014-04-12",57,"Safe"
"8190","ACT","2014-04-13",33,"Safe"
"8191","ACT","2014-04-14",43,"Safe"
"8192","ACT","2014-04-15",39,"Safe"
"8193","ACT","2014-04-16",28,"Safe"
"8194","ACT","2014-04-17",24,"Safe"
"8195","ACT","2014-04-18",61,"Safe"
"8196","ACT","2014-04-19",39,"Safe"
"8197","ACT","2014-04-20",41,"Safe"
"8198","ACT","2014-04-21",24,"Safe"
"8199","ACT","2014-04-22",33,"Safe"
"8200","ACT","2014-04-23",52,"Safe"
"8201","ACT","2014-04-24",48,"Safe"
"8202","ACT","2014-04-25",43,"Safe"
"8203","ACT","2014-04-26",67,"MinorHazard"
"8204","ACT","2014-04-27",31,"Safe"
"8205","ACT","2014-04-28",37,"Safe"
"8206","ACT","2014-04-29",59,"Safe"
"8207","ACT","2014-04-30",59,"Safe"
"8208","ACT","2014-05-01",31,"Safe"
"8209","ACT","2014-05-02",52,"Safe"
"8210","ACT","2014-05-03",54,"Safe"
"8211","ACT","2014-05-04",56,"Safe"
"8212","ACT","2014-05-05",52,"Safe"
"8213","ACT","2014-05-06",46,"Safe"
"8214","ACT","2014-05-07",46,"Safe"
"8215","ACT","2014-05-08",54,"Safe"
"8216","ACT","2014-05-09",43,"Safe"
"8217","ACT","2014-05-11",33,"Safe"
"8218","ACT","2014-05-12",20,"Safe"
"8219","ACT","2014-05-13",30,"Safe"
"8220","ACT","2014-05-14",37,"Safe"
"8221","ACT","2014-05-15",31,"Safe"
"8222","ACT","2014-05-16",31,"Safe"
"8223","ACT","2014-05-17",54,"Safe"
"8224","ACT","2014-05-18",35,"Safe"
"8225","ACT","2014-05-19",43,"Safe"
"8226","ACT","2014-05-20",54,"Safe"
"8227","ACT","2014-05-21",39,"Safe"
"8228","ACT","2014-05-22",44,"Safe"
"8229","ACT","2014-05-23",67,"MinorHazard"
"8230","ACT","2014-05-24",56,"Safe"
"8231","ACT","2014-05-25",52,"Safe"
"8232","ACT","2014-05-26",46,"Safe"
"8233","ACT","2014-05-27",100,"Damaging"
"8234","ACT","2014-05-28",72,"MinorHazard"
"8235","ACT","2014-05-29",52,"Safe"
"8236","ACT","2014-05-30",35,"Safe"
"8237","ACT","2014-05-31",52,"Safe"
"8238","ACT","2014-06-01",56,"Safe"
"8239","ACT","2014-06-02",37,"Safe"
"8240","ACT","2014-06-03",48,"Safe"
"8241","ACT","2014-06-04",33,"Safe"
"8242","ACT","2014-06-05",28,"Safe"
"8243","ACT","2014-06-06",33,"Safe"
"8244","ACT","2014-06-07",33,"Safe"
"8245","ACT","2014-06-08",74,"MinorHazard"
"8246","ACT","2014-06-09",61,"Safe"
"8247","ACT","2014-06-10",43,"Safe"
"8248","ACT","2014-06-11",28,"Safe"
"8249","ACT","2014-06-12",44,"Safe"
"8250","ACT","2014-06-13",56,"Safe"
"8251","ACT","2014-06-14",37,"Safe"
"8252","ACT","2014-06-15",72,"MinorHazard"
"8253","ACT","2014-06-16",56,"Safe"
"8254","ACT","2014-06-17",57,"Safe"
"8255","ACT","2014-06-18",26,"Safe"
"8256","ACT","2014-06-19",54,"Safe"
"8257","ACT","2014-06-20",57,"Safe"
"8258","ACT","2014-06-21",48,"Safe"
"8259","ACT","2014-06-22",37,"Safe"
"8260","ACT","2014-06-23",78,"MinorHazard"
"8261","ACT","2014-06-24",87,"MinorHazard"
"8262","ACT","2014-06-25",56,"Safe"
"8263","ACT","2014-06-26",85,"MinorHazard"
"8264","ACT","2014-06-27",61,"Safe"
"8265","ACT","2014-06-28",74,"MinorHazard"
"8266","ACT","2014-06-29",63,"MinorHazard"
"8267","ACT","2014-06-30",39,"Safe"
"8268","ACT","2014-07-01",48,"Safe"
"8269","ACT","2014-07-02",52,"Safe"
"8270","ACT","2014-07-03",41,"Safe"
"8271","ACT","2014-07-04",57,"Safe"
"8272","ACT","2014-07-05",56,"Safe"
"8273","ACT","2014-07-06",48,"Safe"
"8274","ACT","2014-07-07",37,"Safe"
"8275","ACT","2014-07-08",48,"Safe"
"8276","ACT","2014-07-09",65,"MinorHazard"
"8277","ACT","2014-07-10",61,"Safe"
"8278","ACT","2014-07-11",48,"Safe"
"8279","ACT","2014-07-12",35,"Safe"
"8280","ACT","2014-07-13",33,"Safe"
"8281","ACT","2014-07-14",50,"Safe"
"8282","ACT","2014-07-15",54,"Safe"
"8283","ACT","2014-07-16",52,"Safe"
"8284","ACT","2014-07-17",67,"MinorHazard"
"8285","ACT","2014-07-18",67,"MinorHazard"
"8286","ACT","2014-07-19",83,"MinorHazard"
"8287","ACT","2014-07-20",41,"Safe"
"8288","ACT","2014-07-21",22,"Safe"
"8289","ACT","2014-07-22",19,"Safe"
"8290","ACT","2014-07-23",26,"Safe"
"8291","ACT","2014-07-24",50,"Safe"
"8292","ACT","2014-07-25",50,"Safe"
"8293","ACT","2014-07-26",44,"Safe"
"8294","ACT","2014-07-27",46,"Safe"
"8295","ACT","2014-07-28",78,"MinorHazard"
"8296","ACT","2014-07-29",93,"Damaging"
"8297","ACT","2014-07-30",85,"MinorHazard"
"8298","ACT","2014-07-31",89,"MinorHazard"
"8299","ACT","2014-08-01",69,"MinorHazard"
"8300","ACT","2014-08-02",44,"Safe"
"8301","ACT","2014-08-03",30,"Safe"
"8302","ACT","2014-08-04",39,"Safe"
"8303","ACT","2014-08-05",41,"Safe"
"8304","ACT","2014-08-06",56,"Safe"
"8305","ACT","2014-08-07",54,"Safe"
"8306","ACT","2014-08-08",28,"Safe"
"8307","ACT","2014-08-09",44,"Safe"
"8308","ACT","2014-08-10",78,"MinorHazard"
"8309","ACT","2014-08-11",43,"Safe"
"8310","ACT","2014-08-12",52,"Safe"
"8311","ACT","2014-08-13",39,"Safe"
"8312","ACT","2014-08-14",24,"Safe"
"8313","ACT","2014-08-15",30,"Safe"
"8314","ACT","2014-08-16",41,"Safe"
"8315","ACT","2014-08-17",63,"MinorHazard"
"8316","ACT","2014-08-18",65,"MinorHazard"
"8317","ACT","2014-08-19",56,"Safe"
"8318","ACT","2014-08-20",28,"Safe"
"8319","ACT","2014-08-21",37,"Safe"
"8320","ACT","2014-08-22",33,"Safe"
"8321","ACT","2014-08-23",30,"Safe"
"8322","ACT","2014-08-24",50,"Safe"
"8323","ACT","2014-08-25",46,"Safe"
"8324","ACT","2014-08-26",61,"Safe"
"8325","ACT","2014-08-27",52,"Safe"
"8326","ACT","2014-08-28",33,"Safe"
"8327","ACT","2014-08-29",37,"Safe"
"8328","ACT","2014-08-30",41,"Safe"
"8329","ACT","2014-08-31",31,"Safe"
"8330","ACT","2014-09-01",54,"Safe"
"8331","ACT","2014-09-02",80,"MinorHazard"
"8332","ACT","2014-09-03",80,"MinorHazard"
"8333","ACT","2014-09-04",48,"Safe"
"8334","ACT","2014-09-05",41,"Safe"
"8335","ACT","2014-09-06",30,"Safe"
"8336","ACT","2014-09-07",33,"Safe"
"8337","ACT","2014-09-08",43,"Safe"
"8338","ACT","2014-09-09",76,"MinorHazard"
"8339","ACT","2014-09-10",72,"MinorHazard"
"8340","ACT","2014-09-11",65,"MinorHazard"
"8341","ACT","2014-09-12",26,"Safe"
"8342","ACT","2014-09-13",26,"Safe"
"8343","ACT","2014-09-14",41,"Safe"
"8344","ACT","2014-09-15",39,"Safe"
"8345","ACT","2014-09-16",56,"Safe"
"8346","ACT","2014-09-17",70,"MinorHazard"
"8347","ACT","2014-09-18",61,"Safe"
"8348","ACT","2014-09-19",48,"Safe"
"8349","ACT","2014-09-20",35,"Safe"
"8350","ACT","2014-09-21",37,"Safe"
"8351","ACT","2014-09-22",43,"Safe"
"8352","ACT","2014-09-23",28,"Safe"
"8353","ACT","2014-09-24",54,"Safe"
"8354","ACT","2014-09-25",61,"Safe"
"8355","ACT","2014-09-26",39,"Safe"
"8356","ACT","2014-09-27",41,"Safe"
"8357","ACT","2014-09-28",48,"Safe"
"8358","ACT","2014-09-29",56,"Safe"
"8359","ACT","2014-09-30",81,"MinorHazard"
"8360","ACT","2014-10-01",74,"MinorHazard"
"8361","ACT","2014-10-02",46,"Safe"
"8362","ACT","2014-10-03",37,"Safe"
"8363","ACT","2014-10-04",43,"Safe"
"8364","ACT","2014-10-05",56,"Safe"
"8365","ACT","2014-10-06",67,"MinorHazard"
"8366","ACT","2014-10-07",91,"Damaging"
"8367","ACT","2014-10-08",41,"Safe"
"8368","ACT","2014-10-10",43,"Safe"
"8369","ACT","2014-10-11",41,"Safe"
"8370","ACT","2014-10-12",46,"Safe"
"8371","ACT","2014-10-13",61,"Safe"
"8372","ACT","2014-10-14",81,"MinorHazard"
"8373","ACT","2014-10-15",65,"MinorHazard"
"8374","ACT","2014-10-16",44,"Safe"
"8375","ACT","2014-10-17",33,"Safe"
"8376","ACT","2014-10-18",26,"Safe"
"8377","ACT","2014-10-19",43,"Safe"
"8378","ACT","2014-10-20",39,"Safe"
"8379","ACT","2014-10-21",33,"Safe"
"8380","ACT","2014-10-22",39,"Safe"
"8381","ACT","2014-10-23",44,"Safe"
"8382","ACT","2014-10-24",48,"Safe"
"8383","ACT","2014-10-25",54,"Safe"
"8384","ACT","2014-10-26",56,"Safe"
"8385","ACT","2014-10-27",78,"MinorHazard"
"8386","ACT","2014-10-28",72,"MinorHazard"
"8387","ACT","2014-10-29",63,"MinorHazard"
"8388","ACT","2014-10-30",44,"Safe"
"8389","ACT","2014-10-31",56,"Safe"
"8390","ACT","2014-11-01",74,"MinorHazard"
"8391","ACT","2014-11-02",65,"MinorHazard"
"8392","ACT","2014-11-03",43,"Safe"
"8393","ACT","2014-11-04",37,"Safe"
"8394","ACT","2014-11-05",61,"Safe"
"8395","ACT","2014-11-06",33,"Safe"
"8396","ACT","2014-11-07",39,"Safe"
"8397","ACT","2014-11-08",37,"Safe"
"8398","ACT","2014-11-09",50,"Safe"
"8399","ACT","2014-11-10",46,"Safe"
"8400","ACT","2014-11-11",50,"Safe"
"8401","ACT","2014-11-12",39,"Safe"
"8402","ACT","2014-11-13",43,"Safe"
"8403","ACT","2014-11-14",61,"Safe"
"8404","ACT","2014-11-15",59,"Safe"
"8405","ACT","2014-11-16",78,"MinorHazard"
"8406","ACT","2014-11-17",52,"Safe"
"8407","ACT","2014-11-18",46,"Safe"
"8408","ACT","2014-11-19",46,"Safe"
"8409","ACT","2014-11-20",50,"Safe"
"8410","ACT","2014-11-21",56,"Safe"
"8411","ACT","2014-11-22",43,"Safe"
"8412","ACT","2014-11-23",61,"Safe"
"8413","ACT","2014-11-24",69,"MinorHazard"
"8414","ACT","2014-11-25",67,"MinorHazard"
"8415","ACT","2014-11-26",44,"Safe"
"8416","ACT","2014-11-27",50,"Safe"
"8417","ACT","2014-11-28",43,"Safe"
"8418","ACT","2014-11-29",37,"Safe"
"8419","ACT","2014-11-30",52,"Safe"
"8420","ACT","2014-12-01",50,"Safe"
"8421","ACT","2014-12-02",54,"Safe"
"8422","ACT","2014-12-03",70,"MinorHazard"
"8423","ACT","2014-12-04",54,"Safe"
"8424","ACT","2014-12-05",41,"Safe"
"8425","ACT","2014-12-06",50,"Safe"
"8426","ACT","2014-12-07",56,"Safe"
"8427","ACT","2014-12-08",48,"Safe"
"8428","ACT","2014-12-09",50,"Safe"
"8429","ACT","2014-12-10",61,"Safe"
"8430","ACT","2014-12-11",52,"Safe"
"8431","ACT","2014-12-12",72,"MinorHazard"
"8432","ACT","2014-12-13",52,"Safe"
"8433","ACT","2014-12-14",37,"Safe"
"8434","ACT","2014-12-15",37,"Safe"
"8435","ACT","2014-12-16",81,"MinorHazard"
"8436","ACT","2014-12-17",78,"MinorHazard"
"8437","ACT","2014-12-18",56,"Safe"
"8438","ACT","2014-12-19",59,"Safe"
"8439","ACT","2014-12-20",41,"Safe"
"8440","ACT","2014-12-21",39,"Safe"
"8441","ACT","2014-12-22",61,"Safe"
"8442","ACT","2014-12-23",61,"Safe"
"8443","ACT","2014-12-24",33,"Safe"
"8444","ACT","2014-12-25",48,"Safe"
"8445","ACT","2014-12-26",72,"MinorHazard"
"8446","ACT","2014-12-27",35,"Safe"
"8447","ACT","2014-12-28",37,"Safe"
"8448","ACT","2014-12-29",63,"MinorHazard"
"8449","ACT","2014-12-30",59,"Safe"
"8450","ACT","2014-12-31",41,"Safe"
"8451","ACT","2015-01-01",56,"Safe"
"8452","ACT","2015-01-02",41,"Safe"
"8453","ACT","2015-01-03",50,"Safe"
"8454","ACT","2015-01-04",50,"Safe"
"8455","ACT","2015-01-05",56,"Safe"
"8456","ACT","2015-01-06",33,"Safe"
"8457","ACT","2015-01-07",35,"Safe"
"8458","ACT","2015-01-08",56,"Safe"
"8459","ACT","2015-01-09",46,"Safe"
"8460","ACT","2015-01-10",70,"MinorHazard"
"8461","ACT","2015-01-11",52,"Safe"
"8462","ACT","2015-01-12",50,"Safe"
"8463","ACT","2015-01-13",63,"MinorHazard"
"8464","ACT","2015-01-14",76,"MinorHazard"
"8465","ACT","2015-01-15",48,"Safe"
"8466","ACT","2015-01-16",59,"Safe"
"8467","ACT","2015-01-17",74,"MinorHazard"
"8468","ACT","2015-01-18",39,"Safe"
"8469","ACT","2015-01-19",39,"Safe"
"8470","ACT","2015-01-20",44,"Safe"
"8471","ACT","2015-01-21",44,"Safe"
"8472","ACT","2015-01-22",35,"Safe"
"8473","ACT","2015-01-23",48,"Safe"
"8474","ACT","2015-01-24",46,"Safe"
"8475","ACT","2015-01-25",61,"Safe"
"8476","ACT","2015-01-26",43,"Safe"
"8477","ACT","2015-01-27",37,"Safe"
"8478","ACT","2015-01-28",52,"Safe"
"8479","ACT","2015-01-29",56,"Safe"
"8480","ACT","2015-01-30",41,"Safe"
"8481","ACT","2015-01-31",31,"Safe"
"8482","ACT","2015-02-01",48,"Safe"
"8483","ACT","2015-02-02",43,"Safe"
"8484","ACT","2015-02-03",33,"Safe"
"8485","ACT","2015-02-04",33,"Safe"
"8486","ACT","2015-02-05",39,"Safe"
"8487","ACT","2015-02-06",35,"Safe"
"8488","ACT","2015-02-07",30,"Safe"
"8489","ACT","2015-02-08",44,"Safe"
"8490","ACT","2015-02-09",41,"Safe"
"8491","ACT","2015-02-10",37,"Safe"
"8492","ACT","2015-02-11",33,"Safe"
"8493","ACT","2015-02-12",50,"Safe"
"8494","ACT","2015-02-13",39,"Safe"
"8495","ACT","2015-02-14",41,"Safe"
"8496","ACT","2015-02-15",39,"Safe"
"8497","ACT","2015-02-16",35,"Safe"
"8498","ACT","2015-02-17",41,"Safe"
"8499","ACT","2015-02-18",46,"Safe"
"8500","ACT","2015-02-19",41,"Safe"
"8501","ACT","2015-02-20",39,"Safe"
"8502","ACT","2015-02-21",44,"Safe"
"8503","ACT","2015-02-22",41,"Safe"
"8504","ACT","2015-02-23",70,"MinorHazard"
"8505","ACT","2015-02-24",39,"Safe"
"8506","ACT","2015-02-25",39,"Safe"
"8507","ACT","2015-02-26",35,"Safe"
"8508","ACT","2015-02-27",41,"Safe"
"8509","ACT","2015-02-28",41,"Safe"
"8510","ACT","2015-03-03",30,"Safe"
"8511","ACT","2015-03-04",50,"Safe"
"8512","ACT","2015-03-05",78,"MinorHazard"
"8513","ACT","2015-03-06",63,"MinorHazard"
"8514","ACT","2015-03-07",48,"Safe"
"8515","ACT","2015-03-08",39,"Safe"
"8516","ACT","2015-03-09",43,"Safe"
"8517","ACT","2015-03-10",48,"Safe"
"8518","ACT","2015-03-11",43,"Safe"
"8519","ACT","2015-03-12",44,"Safe"
"8520","ACT","2015-03-13",33,"Safe"
"8521","ACT","2015-03-14",41,"Safe"
"8522","ACT","2015-03-15",46,"Safe"
"8523","ACT","2015-03-16",39,"Safe"
"8524","ACT","2015-03-17",37,"Safe"
"8525","ACT","2015-03-18",59,"Safe"
"8526","ACT","2015-03-19",48,"Safe"
"8527","ACT","2015-03-20",57,"Safe"
"8528","ACT","2015-03-21",56,"Safe"
"8529","ACT","2015-03-22",52,"Safe"
"8530","ACT","2015-03-23",54,"Safe"
"8531","ACT","2015-03-24",56,"Safe"
"8532","ACT","2015-03-25",35,"Safe"
"8533","ACT","2015-03-26",61,"Safe"
"8534","ACT","2015-03-27",65,"MinorHazard"
"8535","ACT","2015-03-28",31,"Safe"
"8536","ACT","2015-03-29",33,"Safe"
"8537","ACT","2015-03-30",24,"Safe"
"8538","ACT","2015-03-31",31,"Safe"
"8539","ACT","2015-04-01",43,"Safe"
"8540","ACT","2015-04-02",52,"Safe"
"8541","ACT","2015-04-03",26,"Safe"
"8542","ACT","2015-04-04",28,"Safe"
"8543","ACT","2015-04-05",33,"Safe"
"8544","ACT","2015-04-06",39,"Safe"
"8545","ACT","2015-04-07",56,"Safe"
"8546","ACT","2015-04-08",87,"MinorHazard"
"8547","ACT","2015-04-09",50,"Safe"
"8548","ACT","2015-04-10",39,"Safe"
"8549","ACT","2015-04-11",30,"Safe"
"8550","ACT","2015-04-12",39,"Safe"
"8551","ACT","2015-04-13",30,"Safe"
"8552","ACT","2015-04-14",24,"Safe"
"8553","ACT","2015-04-15",54,"Safe"
"8554","ACT","2015-04-16",52,"Safe"
"8555","ACT","2015-04-17",48,"Safe"
"8556","ACT","2015-04-18",72,"MinorHazard"
"8557","ACT","2015-04-19",48,"Safe"
"8558","ACT","2015-04-20",69,"MinorHazard"
"8559","ACT","2015-04-21",74,"MinorHazard"
"8560","ACT","2015-04-22",67,"MinorHazard"
"8561","ACT","2015-04-23",43,"Safe"
"8562","ACT","2015-04-24",43,"Safe"
"8563","ACT","2015-04-25",59,"Safe"
"8564","ACT","2015-04-26",54,"Safe"
"8565","ACT","2015-04-27",35,"Safe"
"8566","ACT","2015-04-28",30,"Safe"
"8567","ACT","2015-04-29",33,"Safe"
"8568","ACT","2015-04-30",46,"Safe"
"8569","ACT","2015-05-01",52,"Safe"
"8570","ACT","2015-05-02",41,"Safe"
"8571","ACT","2015-05-03",31,"Safe"
"8572","ACT","2015-05-04",41,"Safe"
"8573","ACT","2015-05-05",76,"MinorHazard"
"8574","ACT","2015-05-06",63,"MinorHazard"
"8575","ACT","2015-05-07",78,"MinorHazard"
"8576","ACT","2015-05-08",65,"MinorHazard"
"8577","ACT","2015-05-09",59,"Safe"
"8578","ACT","2015-05-10",98,"Damaging"
"8579","ACT","2015-05-11",102,"Damaging"
"8580","ACT","2015-05-13",69,"MinorHazard"
"8581","ACT","2015-05-14",54,"Safe"
"8582","ACT","2015-05-15",43,"Safe"
"8583","ACT","2015-05-16",28,"Safe"
"8584","ACT","2015-05-17",26,"Safe"
"8585","ACT","2015-05-18",37,"Safe"
"8586","ACT","2015-05-19",57,"Safe"
"8587","ACT","2015-05-21",43,"Safe"
"8588","ACT","2015-05-22",57,"Safe"
"8589","ACT","2015-05-23",39,"Safe"
"8590","ACT","2015-05-24",41,"Safe"
"8591","ACT","2015-05-26",24,"Safe"
"8592","ACT","2015-05-27",37,"Safe"
"8593","ACT","2015-05-28",50,"Safe"
"8594","ACT","2015-05-29",63,"MinorHazard"
"8595","ACT","2015-05-30",52,"Safe"
"8596","ACT","2015-05-31",59,"Safe"
"8597","ACT","2015-06-01",52,"Safe"
"8598","ACT","2015-06-02",48,"Safe"
"8599","ACT","2015-06-03",19,"Safe"
"8600","ACT","2015-06-04",50,"Safe"
"8601","ACT","2015-06-05",28,"Safe"
"8602","ACT","2015-06-06",24,"Safe"
"8603","ACT","2015-06-07",54,"Safe"
"8604","ACT","2015-06-08",70,"MinorHazard"
"8605","ACT","2015-06-09",81,"MinorHazard"
"8606","ACT","2015-06-10",39,"Safe"
"8607","ACT","2015-06-11",22,"Safe"
"8608","ACT","2015-06-12",17,"Safe"
"8609","ACT","2015-06-13",24,"Safe"
"8610","ACT","2015-06-14",31,"Safe"
"8611","ACT","2015-06-15",54,"Safe"
"8612","ACT","2015-06-16",46,"Safe"
"8613","ACT","2015-06-18",43,"Safe"
"8614","ACT","2015-06-19",37,"Safe"
"8615","ACT","2015-06-20",31,"Safe"
"8616","ACT","2015-06-21",35,"Safe"
"8617","ACT","2015-06-22",44,"Safe"
"8618","ACT","2015-06-23",52,"Safe"
"8619","ACT","2015-06-24",44,"Safe"
"8620","ACT","2015-06-25",28,"Safe"
"8621","ACT","2015-06-26",31,"Safe"
"8622","ACT","2015-06-27",37,"Safe"
"8623","ACT","2015-06-28",20,"Safe"
"8624","ACT","2015-06-29",28,"Safe"
"8625","ACT","2015-06-30",44,"Safe"
"8626","ACT","2015-07-01",50,"Safe"
"8627","ACT","2015-07-02",78,"MinorHazard"
"8628","ACT","2015-07-03",33,"Safe"
"8629","ACT","2015-07-04",46,"Safe"
"8630","ACT","2015-07-05",30,"Safe"
"8631","ACT","2015-07-06",50,"Safe"
"8632","ACT","2015-07-07",41,"Safe"
"8633","ACT","2015-07-08",22,"Safe"
"8634","ACT","2015-07-09",33,"Safe"
"8635","ACT","2015-07-10",54,"Safe"
"8636","ACT","2015-07-11",67,"MinorHazard"
"8637","ACT","2015-07-12",43,"Safe"
"8638","ACT","2015-07-13",63,"MinorHazard"
"8639","ACT","2015-07-14",52,"Safe"
"8640","ACT","2015-07-15",30,"Safe"
"8641","ACT","2015-07-16",43,"Safe"
"8642","ACT","2015-07-17",59,"Safe"
"8643","ACT","2015-07-18",43,"Safe"
"8644","ACT","2015-07-19",30,"Safe"
"8645","ACT","2015-07-20",31,"Safe"
"8646","ACT","2015-07-21",54,"Safe"
"8647","ACT","2015-07-22",59,"Safe"
"8648","ACT","2015-07-23",28,"Safe"
"8649","ACT","2015-07-24",63,"MinorHazard"
"8650","ACT","2015-07-25",65,"MinorHazard"
"8651","ACT","2015-07-26",59,"Safe"
"8652","ACT","2015-07-27",54,"Safe"
"8653","ACT","2015-07-28",41,"Safe"
"8654","ACT","2015-07-29",41,"Safe"
"8655","ACT","2015-07-30",61,"Safe"
"8656","ACT","2015-07-31",72,"MinorHazard"
"8657","ACT","2015-08-01",93,"Damaging"
"8658","ACT","2015-08-02",69,"MinorHazard"
"8659","ACT","2015-08-03",72,"MinorHazard"
"8660","ACT","2015-08-04",48,"Safe"
"8661","ACT","2015-08-05",63,"MinorHazard"
"8662","ACT","2015-08-06",41,"Safe"
"8663","ACT","2015-08-07",37,"Safe"
"8664","ACT","2015-08-08",26,"Safe"
"8665","ACT","2015-08-09",43,"Safe"
"8666","ACT","2015-08-10",63,"MinorHazard"
"8667","ACT","2015-08-11",56,"Safe"
"8668","ACT","2015-08-13",54,"Safe"
"8669","ACT","2015-08-14",54,"Safe"
"8670","ACT","2015-08-15",41,"Safe"
"8671","ACT","2015-08-16",52,"Safe"
"8672","ACT","2015-08-17",70,"MinorHazard"
"8673","ACT","2015-08-18",39,"Safe"
"8674","ACT","2015-08-19",30,"Safe"
"8675","ACT","2015-08-20",37,"Safe"
"8676","ACT","2015-08-21",67,"MinorHazard"
"8677","ACT","2015-08-22",70,"MinorHazard"
"8678","ACT","2015-08-23",48,"Safe"
"8679","ACT","2015-08-24",59,"Safe"
"8680","ACT","2015-08-25",67,"MinorHazard"
"8681","ACT","2015-08-26",56,"Safe"
"8682","ACT","2015-08-27",39,"Safe"
"8683","ACT","2015-08-28",50,"Safe"
"8684","ACT","2015-08-29",41,"Safe"
"8685","ACT","2015-08-30",33,"Safe"
"8686","ACT","2015-08-31",31,"Safe"
"8687","ACT","2015-09-01",46,"Safe"
"8688","ACT","2015-09-02",41,"Safe"
"8689","ACT","2015-09-03",65,"MinorHazard"
"8690","ACT","2015-09-04",41,"Safe"
"8691","ACT","2015-09-05",48,"Safe"
"8692","ACT","2015-09-06",54,"Safe"
"8693","ACT","2015-09-07",70,"MinorHazard"
"8694","ACT","2015-09-08",56,"Safe"
"8695","ACT","2015-09-09",56,"Safe"
"8696","ACT","2015-09-10",35,"Safe"
"8697","ACT","2015-09-11",41,"Safe"
"8698","ACT","2015-09-12",43,"Safe"
"8699","ACT","2015-09-13",26,"Safe"
"8700","ACT","2015-09-14",50,"Safe"
"8701","ACT","2015-09-15",78,"MinorHazard"
"8702","ACT","2015-09-16",43,"Safe"
"8703","ACT","2015-09-17",30,"Safe"
"8704","ACT","2015-09-18",31,"Safe"
"8705","ACT","2015-09-19",33,"Safe"
"8706","ACT","2015-09-20",28,"Safe"
"8707","ACT","2015-09-21",63,"MinorHazard"
"8708","ACT","2015-09-22",52,"Safe"
"8709","ACT","2015-09-23",61,"Safe"
"8710","ACT","2015-09-24",57,"Safe"
"8711","ACT","2015-09-25",50,"Safe"
"8712","ACT","2015-09-26",44,"Safe"
"8713","ACT","2015-09-27",44,"Safe"
"8714","ACT","2015-09-28",35,"Safe"
"8715","ACT","2015-09-29",54,"Safe"
"8716","ACT","2015-10-01",57,"Safe"
"8717","ACT","2015-10-02",30,"Safe"
"8718","ACT","2015-10-03",50,"Safe"
"8719","ACT","2015-10-04",56,"Safe"
"8720","ACT","2015-10-05",48,"Safe"
"8721","ACT","2015-10-06",67,"MinorHazard"
"8722","ACT","2015-10-07",43,"Safe"
"8723","ACT","2015-10-09",50,"Safe"
"8724","ACT","2015-10-10",31,"Safe"
"8725","ACT","2015-10-11",56,"Safe"
"8726","ACT","2015-10-12",50,"Safe"
"8727","ACT","2015-10-13",39,"Safe"
"8728","ACT","2015-10-14",37,"Safe"
"8729","ACT","2015-10-15",52,"Safe"
"8730","ACT","2015-10-16",56,"Safe"
"8731","ACT","2015-10-17",61,"Safe"
"8732","ACT","2015-10-18",33,"Safe"
"8733","ACT","2015-10-19",41,"Safe"
"8734","ACT","2015-10-20",57,"Safe"
"8735","ACT","2015-10-21",52,"Safe"
"8736","ACT","2015-10-22",39,"Safe"
"8737","ACT","2015-10-23",28,"Safe"
"8738","ACT","2015-10-24",43,"Safe"
"8739","ACT","2015-10-26",61,"Safe"
"8740","ACT","2015-10-27",52,"Safe"
"8741","ACT","2015-10-28",35,"Safe"
"8742","ACT","2015-10-29",46,"Safe"
"8743","ACT","2015-10-30",35,"Safe"
"8744","ACT","2015-10-31",44,"Safe"
"8745","ACT","2015-11-01",67,"MinorHazard"
"8746","ACT","2015-11-02",52,"Safe"
"8747","ACT","2015-11-03",33,"Safe"
"8748","ACT","2015-11-04",59,"Safe"
"8749","ACT","2015-11-05",65,"MinorHazard"
"8750","ACT","2015-11-06",43,"Safe"
"8751","ACT","2015-11-07",41,"Safe"
"8752","ACT","2015-11-08",37,"Safe"
"8753","ACT","2015-11-09",48,"Safe"
"8754","ACT","2015-11-10",41,"Safe"
"8755","ACT","2015-11-11",31,"Safe"
"8756","ACT","2015-11-12",48,"Safe"
"8757","ACT","2015-11-13",57,"Safe"
"8758","ACT","2015-11-15",41,"Safe"
"8759","ACT","2015-11-16",30,"Safe"
"8760","ACT","2015-11-17",44,"Safe"
"8761","ACT","2015-11-18",57,"Safe"
"8762","ACT","2015-11-19",72,"MinorHazard"
"8763","ACT","2015-11-20",74,"MinorHazard"
"8764","ACT","2015-11-21",43,"Safe"
"8765","ACT","2015-11-22",39,"Safe"
"8766","ACT","2015-11-23",48,"Safe"
"8767","ACT","2015-11-24",43,"Safe"
"8768","ACT","2015-11-25",72,"MinorHazard"
"8769","ACT","2015-11-26",80,"MinorHazard"
"8770","ACT","2015-11-27",43,"Safe"
"8771","ACT","2015-11-28",52,"Safe"
"8772","ACT","2015-11-29",41,"Safe"
"8773","ACT","2015-11-30",48,"Safe"
"8774","ACT","2015-12-01",81,"MinorHazard"
"8775","ACT","2015-12-02",52,"Safe"
"8776","ACT","2015-12-03",43,"Safe"
"8777","ACT","2015-12-04",39,"Safe"
"8778","ACT","2015-12-05",37,"Safe"
"8779","ACT","2015-12-06",41,"Safe"
"8780","ACT","2015-12-07",41,"Safe"
"8781","ACT","2015-12-08",70,"MinorHazard"
"8782","ACT","2015-12-09",52,"Safe"
"8783","ACT","2015-12-10",50,"Safe"
"8784","ACT","2015-12-11",78,"MinorHazard"
"8785","ACT","2015-12-12",50,"Safe"
"8786","ACT","2015-12-13",37,"Safe"
"8787","ACT","2015-12-14",39,"Safe"
"8788","ACT","2015-12-15",46,"Safe"
"8789","ACT","2015-12-16",48,"Safe"
"8790","ACT","2015-12-17",35,"Safe"
"8791","ACT","2015-12-18",35,"Safe"
"8792","ACT","2015-12-19",37,"Safe"
"8793","ACT","2015-12-20",70,"MinorHazard"
"8794","ACT","2015-12-21",65,"MinorHazard"
"8795","ACT","2015-12-22",46,"Safe"
"8796","ACT","2015-12-23",35,"Safe"
"8797","ACT","2015-12-24",43,"Safe"
"8798","ACT","2015-12-25",44,"Safe"
"8799","ACT","2015-12-27",41,"Safe"
"8800","ACT","2015-12-28",37,"Safe"
"8801","ACT","2015-12-29",37,"Safe"
"8802","ACT","2015-12-30",41,"Safe"
"8803","ACT","2015-12-31",37,"Safe"
"8804","ACT","2016-01-01",56,"Safe"
"8805","ACT","2016-01-02",43,"Safe"
"8806","ACT","2016-01-03",46,"Safe"
"8807","ACT","2016-01-04",54,"Safe"
"8808","ACT","2016-01-05",57,"Safe"
"8809","ACT","2016-01-06",44,"Safe"
"8810","ACT","2016-01-07",61,"Safe"
"8811","ACT","2016-01-08",41,"Safe"
"8812","ACT","2016-01-09",37,"Safe"
"8813","ACT","2016-01-10",35,"Safe"
"8814","ACT","2016-01-11",39,"Safe"
"8815","ACT","2016-01-12",48,"Safe"
"8816","ACT","2016-01-13",57,"Safe"
"8817","ACT","2016-01-14",57,"Safe"
"8818","ACT","2016-01-15",52,"Safe"
"8819","ACT","2016-01-16",46,"Safe"
"8820","ACT","2016-01-17",35,"Safe"
"8821","ACT","2016-01-18",35,"Safe"
"8822","ACT","2016-01-19",39,"Safe"
"8823","ACT","2016-01-20",56,"Safe"
"8824","ACT","2016-01-21",104,"Damaging"
"8825","ACT","2016-01-22",39,"Safe"
"8826","ACT","2016-01-23",41,"Safe"
"8827","ACT","2016-01-24",43,"Safe"
"8828","ACT","2016-01-25",67,"MinorHazard"
"8829","ACT","2016-01-26",39,"Safe"
"8830","ACT","2016-01-27",41,"Safe"
"8831","ACT","2016-01-28",33,"Safe"
"8832","ACT","2016-01-29",48,"Safe"
"8833","ACT","2016-01-30",70,"MinorHazard"
"8834","ACT","2016-01-31",50,"Safe"
"8835","ACT","2016-02-01",50,"Safe"
"8836","ACT","2016-02-02",44,"Safe"
"8837","ACT","2016-02-03",50,"Safe"
"8838","ACT","2016-02-04",50,"Safe"
"8839","ACT","2016-02-05",67,"MinorHazard"
"8840","ACT","2016-02-06",52,"Safe"
"8841","ACT","2016-02-07",31,"Safe"
"8842","ACT","2016-02-08",39,"Safe"
"8843","ACT","2016-02-09",35,"Safe"
"8844","ACT","2016-02-10",37,"Safe"
"8845","ACT","2016-02-11",50,"Safe"
"8846","ACT","2016-02-12",30,"Safe"
"8847","ACT","2016-02-13",52,"Safe"
"8848","ACT","2016-02-14",67,"MinorHazard"
"8849","ACT","2016-02-15",46,"Safe"
"8850","ACT","2016-02-16",43,"Safe"
"8851","ACT","2016-02-17",33,"Safe"
"8852","ACT","2016-02-18",35,"Safe"
"8853","ACT","2016-02-19",44,"Safe"
"8854","ACT","2016-02-20",52,"Safe"
"8855","ACT","2016-02-21",37,"Safe"
"8856","ACT","2016-02-22",37,"Safe"
"8857","ACT","2016-02-23",33,"Safe"
"8858","ACT","2016-02-24",44,"Safe"
"8859","ACT","2016-02-25",59,"Safe"
"8860","ACT","2016-02-26",44,"Safe"
"8861","ACT","2016-02-27",39,"Safe"
"8862","ACT","2016-02-28",43,"Safe"
"8863","ACT","2016-02-29",35,"Safe"
"8864","ACT","2016-03-01",33,"Safe"
"8865","ACT","2016-03-02",57,"Safe"
"8866","ACT","2016-03-03",41,"Safe"
"8867","ACT","2016-03-04",37,"Safe"
"8868","ACT","2016-03-05",50,"Safe"
"8869","ACT","2016-03-06",31,"Safe"
"8870","ACT","2016-03-07",37,"Safe"
"8871","ACT","2016-03-08",41,"Safe"
"8872","ACT","2016-03-09",43,"Safe"
"8873","ACT","2016-03-10",41,"Safe"
"8874","ACT","2016-03-11",31,"Safe"
"8875","ACT","2016-03-12",46,"Safe"
"8876","ACT","2016-03-13",41,"Safe"
"8877","ACT","2016-03-14",43,"Safe"
"8878","ACT","2016-03-15",46,"Safe"
"8879","ACT","2016-03-16",52,"Safe"
"8880","ACT","2016-03-17",31,"Safe"
"8881","ACT","2016-03-18",87,"MinorHazard"
"8882","ACT","2016-03-19",46,"Safe"
"8883","ACT","2016-03-20",35,"Safe"
"8884","ACT","2016-03-21",43,"Safe"
"8885","ACT","2016-03-22",39,"Safe"
"8886","ACT","2016-03-23",33,"Safe"
"8887","ACT","2016-03-24",28,"Safe"
"8888","ACT","2016-03-25",37,"Safe"
"8889","ACT","2016-03-26",43,"Safe"
"8890","ACT","2016-03-27",52,"Safe"
"8891","ACT","2016-03-28",50,"Safe"
"8892","ACT","2016-03-29",31,"Safe"
"8893","ACT","2016-03-30",43,"Safe"
"8894","ACT","2016-03-31",33,"Safe"
"8895","ACT","2016-04-01",41,"Safe"
"8896","ACT","2016-04-02",50,"Safe"
"8897","ACT","2016-04-03",39,"Safe"
"8898","ACT","2016-04-04",33,"Safe"
"8899","ACT","2016-04-05",54,"Safe"
"8900","ACT","2016-04-06",63,"MinorHazard"
"8901","ACT","2016-04-07",48,"Safe"
"8902","ACT","2016-04-08",43,"Safe"
"8903","ACT","2016-04-09",28,"Safe"
"8904","ACT","2016-04-10",50,"Safe"
"8905","ACT","2016-04-11",44,"Safe"
"8906","ACT","2016-04-12",41,"Safe"
"8907","ACT","2016-04-13",33,"Safe"
"8908","ACT","2016-04-14",28,"Safe"
"8909","ACT","2016-04-15",39,"Safe"
"8910","ACT","2016-04-16",35,"Safe"
"8911","ACT","2016-04-17",43,"Safe"
"8912","ACT","2016-04-18",39,"Safe"
"8913","ACT","2016-04-19",22,"Safe"
"8914","ACT","2016-04-20",30,"Safe"
"8915","ACT","2016-04-21",33,"Safe"
"8916","ACT","2016-04-22",44,"Safe"
"8917","ACT","2016-04-23",43,"Safe"
"8918","ACT","2016-04-24",31,"Safe"
"8919","ACT","2016-04-25",22,"Safe"
"8920","ACT","2016-04-26",30,"Safe"
"8921","ACT","2016-04-27",35,"Safe"
"8922","ACT","2016-04-28",43,"Safe"
"8923","ACT","2016-04-29",50,"Safe"
"8924","ACT","2016-04-30",44,"Safe"
"8925","ACT","2016-05-01",87,"MinorHazard"
"8926","ACT","2016-05-02",44,"Safe"
"8927","ACT","2016-05-03",81,"MinorHazard"
"8928","ACT","2016-05-04",69,"MinorHazard"
"8929","ACT","2016-05-05",39,"Safe"
"8930","ACT","2016-05-06",46,"Safe"
"8931","ACT","2016-05-07",35,"Safe"
"8932","ACT","2016-05-08",56,"Safe"
"8933","ACT","2016-05-09",78,"MinorHazard"
"8934","ACT","2016-05-10",83,"MinorHazard"
"8935","ACT","2016-05-11",81,"MinorHazard"
"8936","ACT","2016-05-12",78,"MinorHazard"
"8937","ACT","2016-05-13",74,"MinorHazard"
"8938","ACT","2016-05-14",48,"Safe"
"8939","ACT","2016-05-15",63,"MinorHazard"
"8940","ACT","2016-05-16",67,"MinorHazard"
"8941","ACT","2016-05-17",83,"MinorHazard"
"8942","ACT","2016-05-18",50,"Safe"
"8943","ACT","2016-05-19",85,"MinorHazard"
"8944","ACT","2016-05-20",41,"Safe"
"8945","ACT","2016-05-21",22,"Safe"
"8946","ACT","2016-05-22",50,"Safe"
"8947","ACT","2016-05-23",87,"MinorHazard"
"8948","ACT","2016-05-24",65,"MinorHazard"
"8949","ACT","2016-05-25",52,"Safe"
"8950","ACT","2016-05-26",59,"Safe"
"8951","ACT","2016-05-27",65,"MinorHazard"
"8952","ACT","2016-05-28",44,"Safe"
"8953","ACT","2016-05-29",41,"Safe"
"8954","ACT","2016-05-30",30,"Safe"
"8955","ACT","2016-05-31",43,"Safe"
"8956","ACT","2016-06-01",37,"Safe"
"8957","ACT","2016-06-02",30,"Safe"
"8958","ACT","2016-06-03",48,"Safe"
"8959","ACT","2016-06-04",81,"MinorHazard"
"8960","ACT","2016-06-05",65,"MinorHazard"
"8961","ACT","2016-06-06",59,"Safe"
"8962","ACT","2016-06-07",52,"Safe"
"8963","ACT","2016-06-08",57,"Safe"
"8964","ACT","2016-06-09",93,"Damaging"
"8965","ACT","2016-06-10",69,"MinorHazard"
"8966","ACT","2016-06-11",69,"MinorHazard"
"8967","ACT","2016-06-12",30,"Safe"
"8968","ACT","2016-06-13",28,"Safe"
"8969","ACT","2016-06-14",41,"Safe"
"8970","ACT","2016-06-15",22,"Safe"
"8971","ACT","2016-06-16",44,"Safe"
"8972","ACT","2016-06-17",57,"Safe"
"8973","ACT","2016-06-18",26,"Safe"
"8974","ACT","2016-06-19",70,"MinorHazard"
"8975","ACT","2016-06-20",72,"MinorHazard"
"8976","ACT","2016-06-21",72,"MinorHazard"
"8977","ACT","2016-06-22",67,"MinorHazard"
"8978","ACT","2016-06-23",65,"MinorHazard"
"8979","ACT","2016-06-24",61,"Safe"
"8980","ACT","2016-06-25",31,"Safe"
"8981","ACT","2016-06-26",19,"Safe"
"8982","ACT","2016-06-27",41,"Safe"
"8983","ACT","2016-06-28",43,"Safe"
"8984","ACT","2016-06-29",43,"Safe"
"8985","ACT","2016-06-30",57,"Safe"
"8986","ACT","2016-07-01",48,"Safe"
"8987","ACT","2016-07-02",50,"Safe"
"8988","ACT","2016-07-03",35,"Safe"
"8989","ACT","2016-07-04",37,"Safe"
"8990","ACT","2016-07-05",39,"Safe"
"8991","ACT","2016-07-06",57,"Safe"
"8992","ACT","2016-07-07",56,"Safe"
"8993","ACT","2016-07-08",33,"Safe"
"8994","ACT","2016-07-09",20,"Safe"
"8995","ACT","2016-07-10",52,"Safe"
"8996","ACT","2016-07-11",78,"MinorHazard"
"8997","ACT","2016-07-12",91,"Damaging"
"8998","ACT","2016-07-13",74,"MinorHazard"
"8999","ACT","2016-07-14",61,"Safe"
"9000","ACT","2016-07-15",52,"Safe"
"9001","ACT","2016-07-16",17,"Safe"
"9002","ACT","2016-07-17",28,"Safe"
"9003","ACT","2016-07-18",61,"Safe"
"9004","ACT","2016-07-19",50,"Safe"
"9005","ACT","2016-07-20",35,"Safe"
"9006","ACT","2016-07-21",43,"Safe"
"9007","ACT","2016-07-22",107,"Damaging"
"9008","ACT","2016-07-23",94,"Damaging"
"9009","ACT","2016-07-24",50,"Safe"
"9010","ACT","2016-07-25",54,"Safe"
"9011","ACT","2016-07-26",65,"MinorHazard"
"9012","ACT","2016-07-27",52,"Safe"
"9013","ACT","2016-07-28",56,"Safe"
"9014","ACT","2016-07-29",52,"Safe"
"9015","ACT","2016-07-30",39,"Safe"
"9016","ACT","2016-07-31",67,"MinorHazard"
"9017","ACT","2016-08-01",65,"MinorHazard"
"9018","ACT","2016-08-02",52,"Safe"
"9019","ACT","2016-08-03",52,"Safe"
"9020","ACT","2016-08-04",50,"Safe"
"9021","ACT","2016-08-05",33,"Safe"
"9022","ACT","2016-08-06",31,"Safe"
"9023","ACT","2016-08-07",31,"Safe"
"9024","ACT","2016-08-08",28,"Safe"
"9025","ACT","2016-08-09",56,"Safe"
"9026","ACT","2016-08-10",76,"MinorHazard"
"9027","ACT","2016-08-11",69,"MinorHazard"
"9028","ACT","2016-08-12",46,"Safe"
"9029","ACT","2016-08-13",52,"Safe"
"9030","ACT","2016-08-14",56,"Safe"
"9031","ACT","2016-08-15",33,"Safe"
"9032","ACT","2016-08-16",46,"Safe"
"9033","ACT","2016-08-17",54,"Safe"
"9034","ACT","2016-08-18",44,"Safe"
"9035","ACT","2016-08-19",74,"MinorHazard"
"9036","ACT","2016-08-20",57,"Safe"
"9037","ACT","2016-08-21",54,"Safe"
"9038","ACT","2016-08-22",41,"Safe"
"9039","ACT","2016-08-23",31,"Safe"
"9040","ACT","2016-08-24",24,"Safe"
"9041","ACT","2016-08-25",43,"Safe"
"9042","ACT","2016-08-26",39,"Safe"
"9043","ACT","2016-08-27",41,"Safe"
"9044","ACT","2016-08-28",56,"Safe"
"9045","ACT","2016-08-29",41,"Safe"
"9046","ACT","2016-08-30",61,"Safe"
"9047","ACT","2016-08-31",70,"MinorHazard"
"9048","ACT","2016-09-01",39,"Safe"
"9049","ACT","2016-09-02",52,"Safe"
"9050","ACT","2016-09-03",72,"MinorHazard"
"9051","ACT","2016-09-04",46,"Safe"
"9052","ACT","2016-09-05",26,"Safe"
"9053","ACT","2016-09-06",33,"Safe"
"9054","ACT","2016-09-07",37,"Safe"
"9055","ACT","2016-09-08",48,"Safe"
"9056","ACT","2016-09-09",74,"MinorHazard"
"9057","ACT","2016-09-10",48,"Safe"
"9058","ACT","2016-09-11",41,"Safe"
"9059","ACT","2016-09-12",37,"Safe"
"9060","ACT","2016-09-13",41,"Safe"
"9061","ACT","2016-09-14",57,"Safe"
"9062","ACT","2016-09-15",69,"MinorHazard"
"9063","ACT","2016-09-16",54,"Safe"
"9064","ACT","2016-09-17",43,"Safe"
"9065","ACT","2016-09-18",37,"Safe"
"9066","ACT","2016-09-19",48,"Safe"
"9067","ACT","2016-09-20",39,"Safe"
"9068","ACT","2016-09-21",44,"Safe"
"9069","ACT","2016-09-22",54,"Safe"
"9070","ACT","2016-09-23",48,"Safe"
"9071","ACT","2016-09-24",37,"Safe"
"9072","ACT","2016-09-25",48,"Safe"
"9073","ACT","2016-09-26",46,"Safe"
"9074","ACT","2016-09-27",63,"MinorHazard"
"9075","ACT","2016-09-28",46,"Safe"
"9076","ACT","2016-09-29",70,"MinorHazard"
"9077","ACT","2016-09-30",76,"MinorHazard"
"9078","ACT","2016-10-01",72,"MinorHazard"
"9079","ACT","2016-10-02",61,"Safe"
"9080","ACT","2016-10-03",80,"MinorHazard"
"9081","ACT","2016-10-04",96,"Damaging"
"9082","ACT","2016-10-05",78,"MinorHazard"
"9083","ACT","2016-10-06",72,"MinorHazard"
"9084","ACT","2016-10-07",76,"MinorHazard"
"9085","ACT","2016-10-08",63,"MinorHazard"
"9086","ACT","2016-10-09",61,"Safe"
"9087","ACT","2016-10-10",74,"MinorHazard"
"9088","ACT","2016-10-11",61,"Safe"
"9089","ACT","2016-10-12",44,"Safe"
"9090","ACT","2016-10-13",39,"Safe"
"9091","ACT","2016-10-14",31,"Safe"
"9092","ACT","2016-10-15",54,"Safe"
"9093","ACT","2016-10-16",74,"MinorHazard"
"9094","ACT","2016-10-17",89,"MinorHazard"
"9095","ACT","2016-10-18",70,"MinorHazard"
"9096","ACT","2016-10-19",65,"MinorHazard"
"9097","ACT","2016-10-20",39,"Safe"
"9098","ACT","2016-10-21",50,"Safe"
"9099","ACT","2016-10-22",52,"Safe"
"9100","ACT","2016-10-23",83,"MinorHazard"
"9101","ACT","2016-10-24",43,"Safe"
"9102","ACT","2016-10-25",48,"Safe"
"9103","ACT","2016-10-26",69,"MinorHazard"
"9104","ACT","2016-10-27",54,"Safe"
"9105","ACT","2016-10-28",31,"Safe"
"9106","ACT","2016-10-29",33,"Safe"
"9107","ACT","2016-10-30",72,"MinorHazard"
"9108","ACT","2016-10-31",74,"MinorHazard"
"9109","ACT","2016-11-01",54,"Safe"
"9110","ACT","2016-11-02",54,"Safe"
"9111","ACT","2016-11-03",56,"Safe"
"9112","ACT","2016-11-04",65,"MinorHazard"
"9113","ACT","2016-11-05",89,"MinorHazard"
"9114","ACT","2016-11-06",74,"MinorHazard"
"9115","ACT","2016-11-07",61,"Safe"
"9116","ACT","2016-11-08",69,"MinorHazard"
"9117","ACT","2016-11-09",50,"Safe"
"9118","ACT","2016-11-10",50,"Safe"
"9119","ACT","2016-11-11",44,"Safe"
"9120","ACT","2016-11-12",83,"MinorHazard"
"9121","ACT","2016-11-15",33,"Safe"
"9122","ACT","2016-11-16",41,"Safe"
"9123","ACT","2016-11-17",39,"Safe"
"9124","ACT","2016-11-18",50,"Safe"
"9125","ACT","2016-11-19",50,"Safe"
"9126","ACT","2016-11-20",48,"Safe"
"9127","ACT","2016-11-21",50,"Safe"
"9128","ACT","2016-11-22",52,"Safe"
"9129","ACT","2016-11-24",52,"Safe"
"9130","ACT","2016-11-25",50,"Safe"
"9131","ACT","2016-11-26",44,"Safe"
"9132","ACT","2016-11-27",37,"Safe"
"9133","ACT","2016-11-28",50,"Safe"
"9134","ACT","2016-11-29",39,"Safe"
"9135","ACT","2016-11-30",54,"Safe"
"9136","ACT","2016-12-01",48,"Safe"
"9137","ACT","2016-12-02",59,"Safe"
"9138","ACT","2016-12-03",52,"Safe"
"9139","ACT","2016-12-04",43,"Safe"
"9140","ACT","2016-12-05",65,"MinorHazard"
"9141","ACT","2016-12-06",56,"Safe"
"9142","ACT","2016-12-07",43,"Safe"
"9143","ACT","2016-12-15",30,"Safe"
"9144","ACT","2016-12-16",39,"Safe"
"9145","ACT","2016-12-17",70,"MinorHazard"
"9146","ACT","2016-12-18",50,"Safe"
"9147","ACT","2016-12-19",37,"Safe"
"9148","ACT","2016-12-20",72,"MinorHazard"
"9149","ACT","2016-12-21",56,"Safe"
"9150","ACT","2016-12-22",43,"Safe"
"9151","ACT","2016-12-23",35,"Safe"
"9152","ACT","2016-12-24",52,"Safe"
"9153","ACT","2016-12-25",33,"Safe"
"9154","ACT","2016-12-26",50,"Safe"
"9155","ACT","2016-12-27",52,"Safe"
"9156","ACT","2016-12-28",52,"Safe"
"9157","ACT","2016-12-29",56,"Safe"
"9158","ACT","2016-12-30",72,"MinorHazard"
"9159","ACT","2016-12-31",48,"Safe"
"9160","ACT","2017-01-01",43,"Safe"
"9161","ACT","2017-01-02",43,"Safe"
"9162","ACT","2017-01-03",44,"Safe"
"9163","ACT","2017-01-04",37,"Safe"
"9164","ACT","2017-01-05",54,"Safe"
"9165","ACT","2017-01-06",43,"Safe"
"9166","ACT","2017-01-07",35,"Safe"
"9167","ACT","2017-01-08",43,"Safe"
"9168","ACT","2017-01-09",59,"Safe"
"9169","ACT","2017-01-10",44,"Safe"
"9170","ACT","2017-01-11",57,"Safe"
"9171","ACT","2017-01-12",52,"Safe"
"9172","ACT","2017-01-13",76,"MinorHazard"
"9173","ACT","2017-01-14",91,"Damaging"
"9174","ACT","2017-01-15",52,"Safe"
"9175","ACT","2017-01-16",33,"Safe"
"9176","ACT","2017-01-17",57,"Safe"
"9177","ACT","2017-01-18",74,"MinorHazard"
"9178","ACT","2017-01-19",37,"Safe"
"9179","ACT","2017-01-20",85,"MinorHazard"
"9180","ACT","2017-01-21",46,"Safe"
"9181","ACT","2017-01-22",37,"Safe"
"9182","ACT","2017-01-23",50,"Safe"
"9183","ACT","2017-01-24",69,"MinorHazard"
"9184","ACT","2017-01-25",33,"Safe"
"9185","ACT","2017-01-26",50,"Safe"
"9186","ACT","2017-01-27",37,"Safe"
"9187","ACT","2017-01-28",50,"Safe"
"9188","ACT","2017-01-29",39,"Safe"
"9189","ACT","2017-01-30",74,"MinorHazard"
"9190","ACT","2017-01-31",54,"Safe"
"9191","ACT","2017-02-01",52,"Safe"
"9192","ACT","2017-02-02",46,"Safe"
"9193","ACT","2017-02-03",37,"Safe"
"9194","ACT","2017-02-04",39,"Safe"
"9195","ACT","2017-02-05",54,"Safe"
"9196","ACT","2017-02-06",74,"MinorHazard"
"9197","ACT","2017-02-07",46,"Safe"
"9198","ACT","2017-02-08",54,"Safe"
"9199","ACT","2017-02-09",41,"Safe"
"9200","ACT","2017-02-10",50,"Safe"
"9201","ACT","2017-02-11",59,"Safe"
"9202","ACT","2017-02-12",70,"MinorHazard"
"9203","ACT","2017-02-13",54,"Safe"
"9204","ACT","2017-02-14",52,"Safe"
"9205","ACT","2017-02-15",43,"Safe"
"9206","ACT","2017-02-16",44,"Safe"
"9207","ACT","2017-02-17",56,"Safe"
"9208","ACT","2017-02-18",44,"Safe"
"9209","ACT","2017-02-19",61,"Safe"
"9210","ACT","2017-02-20",52,"Safe"
"9211","ACT","2017-02-21",46,"Safe"
"9212","ACT","2017-02-22",48,"Safe"
"9213","ACT","2017-02-23",50,"Safe"
"9214","ACT","2017-02-24",52,"Safe"
"9215","ACT","2017-02-25",41,"Safe"
"9216","ACT","2017-02-26",39,"Safe"
"9217","ACT","2017-02-27",48,"Safe"
"9218","ACT","2017-02-28",41,"Safe"
"9219","ACT","2017-03-01",37,"Safe"
"9220","ACT","2017-03-02",41,"Safe"
"9221","ACT","2017-03-03",54,"Safe"
"9222","ACT","2017-03-04",46,"Safe"
"9223","ACT","2017-03-05",50,"Safe"
"9224","ACT","2017-03-06",46,"Safe"
"9225","ACT","2017-03-07",44,"Safe"
"9226","ACT","2017-03-09",37,"Safe"
"9227","ACT","2017-03-10",50,"Safe"
"9228","ACT","2017-03-11",35,"Safe"
"9229","ACT","2017-03-12",56,"Safe"
"9230","ACT","2017-03-13",61,"Safe"
"9231","ACT","2017-03-14",69,"MinorHazard"
"9232","ACT","2017-03-15",69,"MinorHazard"
"9233","ACT","2017-03-16",46,"Safe"
"9234","ACT","2017-03-17",56,"Safe"
"9235","ACT","2017-03-18",56,"Safe"
"9236","ACT","2017-03-19",54,"Safe"
"9237","ACT","2017-03-20",44,"Safe"
"9238","ACT","2017-03-21",50,"Safe"
"9239","ACT","2017-03-22",39,"Safe"
"9240","ACT","2017-03-23",39,"Safe"
"9241","ACT","2017-03-24",37,"Safe"
"9242","ACT","2017-03-25",30,"Safe"
"9243","ACT","2017-03-26",26,"Safe"
"9244","ACT","2017-03-27",59,"Safe"
"9245","ACT","2017-03-28",41,"Safe"
"9246","ACT","2017-03-29",50,"Safe"
"9247","ACT","2017-03-30",50,"Safe"
"9248","ACT","2017-04-01",41,"Safe"
"9249","ACT","2017-04-03",43,"Safe"
"9250","ACT","2017-04-04",44,"Safe"
"9251","ACT","2017-04-05",33,"Safe"
"9252","ACT","2017-04-06",26,"Safe"
"9253","ACT","2017-04-07",28,"Safe"
"9254","ACT","2017-04-08",35,"Safe"
"9255","ACT","2017-04-09",76,"MinorHazard"
"9256","ACT","2017-04-10",74,"MinorHazard"
"9257","ACT","2017-04-11",57,"Safe"
"9258","ACT","2017-04-12",35,"Safe"
"9259","ACT","2017-04-13",31,"Safe"
"9260","ACT","2017-04-14",43,"Safe"
"9261","ACT","2017-04-15",35,"Safe"
"9262","ACT","2017-04-16",48,"Safe"
"9263","ACT","2017-04-17",31,"Safe"
"9264","ACT","2017-04-18",46,"Safe"
"9265","ACT","2017-04-19",31,"Safe"
"9266","ACT","2017-04-20",28,"Safe"
"9267","ACT","2017-04-21",31,"Safe"
"9268","ACT","2017-04-22",35,"Safe"
"9269","ACT","2017-04-23",20,"Safe"
"9270","ACT","2017-04-24",31,"Safe"
"9271","ACT","2017-04-25",83,"MinorHazard"
"9272","ACT","2017-04-26",56,"Safe"
"9273","ACT","2017-04-27",43,"Safe"
"9274","ACT","2017-04-28",31,"Safe"
"9275","ACT","2017-04-29",30,"Safe"
"9276","ACT","2017-04-30",41,"Safe"
"9277","ACT","2017-05-01",59,"Safe"
"9278","ACT","2017-05-02",46,"Safe"
"9279","ACT","2017-05-03",41,"Safe"
"9280","ACT","2017-05-04",30,"Safe"
"9281","ACT","2017-05-05",37,"Safe"
"9282","ACT","2017-05-06",63,"MinorHazard"
"9283","ACT","2017-05-07",83,"MinorHazard"
"9284","ACT","2017-05-08",39,"Safe"
"9285","ACT","2017-05-09",30,"Safe"
"9286","ACT","2017-05-10",31,"Safe"
"9287","ACT","2017-05-11",24,"Safe"
"9288","ACT","2017-05-12",24,"Safe"
"9289","ACT","2017-05-13",24,"Safe"
"9290","ACT","2017-05-14",30,"Safe"
"9291","ACT","2017-05-15",35,"Safe"
"9292","ACT","2017-05-16",39,"Safe"
"9293","ACT","2017-05-17",24,"Safe"
"9294","ACT","2017-05-18",65,"MinorHazard"
"9295","ACT","2017-05-19",57,"Safe"
"9296","ACT","2017-05-20",46,"Safe"
"9297","ACT","2017-05-21",26,"Safe"
"9298","ACT","2017-05-22",31,"Safe"
"9299","ACT","2017-05-23",39,"Safe"
"9300","ACT","2017-05-24",57,"Safe"
"9301","ACT","2017-05-25",39,"Safe"
"9302","ACT","2017-05-26",39,"Safe"
"9303","ACT","2017-05-27",43,"Safe"
"9304","ACT","2017-05-28",67,"MinorHazard"
"9305","ACT","2017-05-29",46,"Safe"
"9306","ACT","2017-05-30",46,"Safe"
"9307","ACT","2017-05-31",50,"Safe"
"9308","ACT","2017-06-01",41,"Safe"
"9309","ACT","2017-06-02",44,"Safe"
"9310","ACT","2017-06-03",33,"Safe"
"9311","ACT","2017-06-04",24,"Safe"
"9312","ACT","2017-06-05",54,"Safe"
"9313","ACT","2017-06-06",70,"MinorHazard"
"9314","ACT","2017-06-07",69,"MinorHazard"
"9315","ACT","2017-06-08",46,"Safe"
"9316","ACT","2017-06-09",48,"Safe"
"9317","ACT","2017-06-10",43,"Safe"
"9318","ACT","2017-06-11",26,"Safe"
"9319","ACT","2017-06-12",39,"Safe"
"9320","ACT","2017-06-13",19,"Safe"
"9321","ACT","2017-06-14",30,"Safe"
"9322","ACT","2017-06-15",28,"Safe"
"9323","ACT","2017-06-16",17,"Safe"
"9324","ACT","2017-06-17",24,"Safe"
"9325","ACT","2017-06-18",33,"Safe"
"9326","ACT","2017-06-19",26,"Safe"
"9327","ACT","2017-06-20",41,"Safe"
"9328","ACT","2017-06-21",33,"Safe"
"9329","ACT","2017-06-22",37,"Safe"
"9330","ACT","2017-06-23",69,"MinorHazard"
"9331","ACT","2017-06-24",65,"MinorHazard"
"9332","ACT","2017-06-25",70,"MinorHazard"
"9333","ACT","2009-08-01",69,"MinorHazard"
"9334","ACT","2009-08-02",54,"Safe"
"9335","ACT","2009-08-03",87,"MinorHazard"
"9336","ACT","2009-08-04",57,"Safe"
"9337","ACT","2009-08-05",61,"Safe"
"9338","ACT","2009-08-06",50,"Safe"
"9339","ACT","2009-08-07",76,"MinorHazard"
"9340","ACT","2009-08-08",61,"Safe"
"9341","ACT","2009-08-09",28,"Safe"
"9342","ACT","2009-08-10",39,"Safe"
"9343","ACT","2009-08-11",54,"Safe"
"9344","ACT","2009-08-12",52,"Safe"
"9345","ACT","2009-08-13",33,"Safe"
"9346","ACT","2009-08-14",41,"Safe"
"9347","ACT","2009-08-15",56,"Safe"
"9348","ACT","2009-08-16",74,"MinorHazard"
"9349","ACT","2009-08-17",48,"Safe"
"9350","ACT","2009-08-18",20,"Safe"
"9351","ACT","2009-08-19",37,"Safe"
"9352","ACT","2009-08-20",43,"Safe"
"9353","ACT","2009-08-21",94,"Damaging"
"9354","ACT","2009-08-22",72,"MinorHazard"
"9355","ACT","2009-08-23",78,"MinorHazard"
"9356","ACT","2009-08-24",106,"Damaging"
"9357","ACT","2009-08-25",109,"Damaging"
"9358","ACT","2009-08-26",78,"MinorHazard"
"9359","ACT","2009-08-27",59,"Safe"
"9360","ACT","2009-08-28",59,"Safe"
"9361","ACT","2009-08-29",57,"Safe"
"9362","ACT","2009-08-30",102,"Damaging"
"9363","ACT","2009-08-31",41,"Safe"
"9364","ACT","2009-09-01",61,"Safe"
"9365","ACT","2009-09-02",46,"Safe"
"9366","ACT","2009-09-03",72,"MinorHazard"
"9367","ACT","2009-09-04",46,"Safe"
"9368","ACT","2009-09-05",41,"Safe"
"9369","ACT","2009-09-06",56,"Safe"
"9370","ACT","2009-09-07",67,"MinorHazard"
"9371","ACT","2009-09-08",46,"Safe"
"9372","ACT","2009-09-09",46,"Safe"
"9373","ACT","2009-09-10",37,"Safe"
"9374","ACT","2009-09-11",50,"Safe"
"9375","ACT","2009-09-12",65,"MinorHazard"
"9376","ACT","2009-09-13",85,"MinorHazard"
"9377","ACT","2009-09-14",31,"Safe"
"9378","ACT","2009-09-15",35,"Safe"
"9379","ACT","2009-09-16",41,"Safe"
"9380","ACT","2009-09-17",50,"Safe"
"9381","ACT","2009-09-18",26,"Safe"
"9382","ACT","2009-09-19",43,"Safe"
"9383","ACT","2009-09-20",67,"MinorHazard"
"9384","ACT","2009-09-21",69,"MinorHazard"
"9385","ACT","2009-09-22",80,"MinorHazard"
"9386","ACT","2009-09-23",50,"Safe"
"9387","ACT","2009-09-24",85,"MinorHazard"
"9388","ACT","2009-09-25",113,"Damaging"
"9389","ACT","2009-09-26",74,"MinorHazard"
"9390","ACT","2009-09-27",54,"Safe"
"9391","ACT","2009-09-28",52,"Safe"
"9392","ACT","2009-09-29",33,"Safe"
"9393","ACT","2009-09-30",41,"Safe"
"9394","ACT","2009-10-01",70,"MinorHazard"
"9395","ACT","2009-10-02",43,"Safe"
"9396","ACT","2009-10-03",48,"Safe"
"9397","ACT","2009-10-04",19,"Safe"
"9398","ACT","2009-10-05",39,"Safe"
"9399","ACT","2009-10-06",35,"Safe"
"9400","ACT","2009-10-07",50,"Safe"
"9401","ACT","2009-10-08",52,"Safe"
"9402","ACT","2009-10-09",43,"Safe"
"9403","ACT","2009-10-10",31,"Safe"
"9404","ACT","2009-10-11",48,"Safe"
"9405","ACT","2009-10-12",72,"MinorHazard"
"9406","ACT","2009-10-13",72,"MinorHazard"
"9407","ACT","2009-10-14",80,"MinorHazard"
"9408","ACT","2009-10-15",69,"MinorHazard"
"9409","ACT","2009-10-16",33,"Safe"
"9410","ACT","2009-10-17",35,"Safe"
"9411","ACT","2009-10-18",31,"Safe"
"9412","ACT","2009-10-19",28,"Safe"
"9413","ACT","2009-10-20",39,"Safe"
"9414","ACT","2009-10-21",54,"Safe"
"9415","ACT","2009-10-22",39,"Safe"
"9416","ACT","2009-10-23",43,"Safe"
"9417","ACT","2009-10-24",56,"Safe"
"9418","ACT","2009-10-25",52,"Safe"
"9419","ACT","2009-10-26",63,"MinorHazard"
"9420","ACT","2009-10-27",28,"Safe"
"9421","ACT","2009-10-28",28,"Safe"
"9422","ACT","2009-10-29",22,"Safe"
"9423","ACT","2009-10-30",30,"Safe"
"9424","ACT","2009-10-31",28,"Safe"
"9425","ACT","2009-11-01",35,"Safe"
"9426","ACT","2009-11-02",43,"Safe"
"9427","ACT","2009-11-03",61,"Safe"
"9428","ACT","2009-11-04",39,"Safe"
"9429","ACT","2009-11-05",41,"Safe"
"9430","ACT","2009-11-06",33,"Safe"
"9431","ACT","2009-11-07",28,"Safe"
"9432","ACT","2009-11-08",46,"Safe"
"9433","ACT","2009-11-09",43,"Safe"
"9434","ACT","2009-11-10",37,"Safe"
"9435","ACT","2009-11-11",35,"Safe"
"9436","ACT","2009-11-12",48,"Safe"
"9437","ACT","2009-11-13",41,"Safe"
"9438","ACT","2009-11-14",37,"Safe"
"9439","ACT","2009-11-15",41,"Safe"
"9440","ACT","2009-11-16",87,"MinorHazard"
"9441","ACT","2009-11-17",43,"Safe"
"9442","ACT","2009-11-18",30,"Safe"
"9443","ACT","2009-11-19",43,"Safe"
"9444","ACT","2009-11-20",61,"Safe"
"9445","ACT","2009-11-21",44,"Safe"
"9446","ACT","2009-11-22",81,"MinorHazard"
"9447","ACT","2009-11-23",39,"Safe"
"9448","ACT","2009-11-24",48,"Safe"
"9449","ACT","2009-11-25",39,"Safe"
"9450","ACT","2009-11-26",59,"Safe"
"9451","ACT","2009-11-27",78,"MinorHazard"
"9452","ACT","2009-11-28",57,"Safe"
"9453","ACT","2009-11-29",52,"Safe"
"9454","ACT","2009-11-30",46,"Safe"
"9455","ACT","2009-12-01",61,"Safe"
"9456","ACT","2009-12-02",35,"Safe"
"9457","ACT","2009-12-03",46,"Safe"
"9458","ACT","2009-12-04",44,"Safe"
"9459","ACT","2009-12-05",44,"Safe"
"9460","ACT","2009-12-06",31,"Safe"
"9461","ACT","2009-12-07",44,"Safe"
"9462","ACT","2009-12-08",76,"MinorHazard"
"9463","ACT","2009-12-09",35,"Safe"
"9464","ACT","2009-12-10",61,"Safe"
"9465","ACT","2009-12-12",56,"Safe"
"9466","ACT","2009-12-13",46,"Safe"
"9467","ACT","2009-12-14",43,"Safe"
"9468","ACT","2009-12-15",35,"Safe"
"9469","ACT","2009-12-16",41,"Safe"
"9470","ACT","2009-12-17",78,"MinorHazard"
"9471","ACT","2009-12-18",54,"Safe"
"9472","ACT","2009-12-19",54,"Safe"
"9473","ACT","2009-12-20",33,"Safe"
"9474","ACT","2009-12-21",41,"Safe"
"9475","ACT","2009-12-22",43,"Safe"
"9476","ACT","2009-12-23",44,"Safe"
"9477","ACT","2009-12-24",61,"Safe"
"9478","ACT","2009-12-25",43,"Safe"
"9479","ACT","2009-12-26",35,"Safe"
"9480","ACT","2009-12-27",31,"Safe"
"9481","ACT","2009-12-28",33,"Safe"
"9482","ACT","2009-12-29",39,"Safe"
"9483","ACT","2009-12-30",44,"Safe"
"9484","ACT","2009-12-31",39,"Safe"
"9485","ACT","2010-01-01",54,"Safe"
"9486","ACT","2010-01-02",67,"MinorHazard"
"9487","ACT","2010-01-03",50,"Safe"
"9488","ACT","2010-01-04",33,"Safe"
"9489","ACT","2010-01-05",54,"Safe"
"9490","ACT","2010-01-06",44,"Safe"
"9491","ACT","2010-01-07",46,"Safe"
"9492","ACT","2010-01-08",33,"Safe"
"9493","ACT","2010-01-09",43,"Safe"
"9494","ACT","2010-01-10",48,"Safe"
"9495","ACT","2010-01-11",37,"Safe"
"9496","ACT","2010-01-12",56,"Safe"
"9497","ACT","2010-01-13",52,"Safe"
"9498","ACT","2010-01-14",41,"Safe"
"9499","ACT","2010-01-15",43,"Safe"
"9500","ACT","2010-01-16",46,"Safe"
"9501","ACT","2010-01-17",52,"Safe"
"9502","ACT","2010-01-18",61,"Safe"
"9503","ACT","2010-01-19",50,"Safe"
"9504","ACT","2010-01-20",44,"Safe"
"9505","ACT","2010-01-21",57,"Safe"
"9506","ACT","2010-01-22",69,"MinorHazard"
"9507","ACT","2010-01-23",67,"MinorHazard"
"9508","ACT","2010-01-24",41,"Safe"
"9509","ACT","2010-01-25",35,"Safe"
"9510","ACT","2010-01-26",44,"Safe"
"9511","ACT","2010-01-27",50,"Safe"
"9512","ACT","2010-01-28",43,"Safe"
"9513","ACT","2010-01-29",44,"Safe"
"9514","ACT","2010-01-30",43,"Safe"
"9515","ACT","2010-01-31",44,"Safe"
"9516","ACT","2010-02-01",50,"Safe"
"9517","ACT","2010-02-03",48,"Safe"
"9518","ACT","2010-02-04",65,"MinorHazard"
"9519","ACT","2010-02-05",41,"Safe"
"9520","ACT","2010-02-06",54,"Safe"
"9521","ACT","2010-02-08",41,"Safe"
"9522","ACT","2010-02-09",24,"Safe"
"9523","ACT","2010-02-11",54,"Safe"
"9524","ACT","2010-02-12",69,"MinorHazard"
"9525","ACT","2010-02-13",33,"Safe"
"9526","ACT","2010-02-14",50,"Safe"
"9527","ACT","2010-02-15",65,"MinorHazard"
"9528","ACT","2010-02-16",56,"Safe"
"9529","ACT","2010-02-17",41,"Safe"
"9530","ACT","2010-02-18",33,"Safe"
"9531","ACT","2010-02-20",43,"Safe"
"9532","ACT","2010-02-21",44,"Safe"
"9533","ACT","2010-02-22",63,"MinorHazard"
"9534","ACT","2010-02-23",69,"MinorHazard"
"9535","ACT","2010-02-24",30,"Safe"
"9536","ACT","2010-02-25",35,"Safe"
"9537","ACT","2010-02-26",35,"Safe"
"9538","ACT","2010-02-27",33,"Safe"
"9539","ACT","2010-02-28",35,"Safe"
"9540","ACT","2010-06-16",59,"Safe"
"9541","ACT","2010-07-21",28,"Safe"
"9542","ACT","2010-11-01",39,"Safe"
"9543","ACT","2010-12-19",61,"Safe"
"9544","ACT","2011-03-08",43,"Safe"
"9545","ACT","2011-05-20",26,"Safe"
"9546","ACT","2011-05-21",37,"Safe"
"9547","ACT","2011-05-24",52,"Safe"
"9548","ACT","2011-05-26",33,"Safe"
"9549","ACT","2011-06-04",72,"MinorHazard"
"9550","ACT","2011-07-14",39,"Safe"
"9551","ACT","2011-07-26",41,"Safe"
"9552","ACT","2011-07-29",26,"Safe"
"9553","ACT","2011-08-02",44,"Safe"
"9554","ACT","2011-08-05",63,"MinorHazard"
"9555","ACT","2011-08-08",26,"Safe"
"9556","ACT","2011-08-11",57,"Safe"
"9557","ACT","2011-08-13",26,"Safe"
"9558","ACT","2011-08-16",37,"Safe"
"9559","ACT","2011-08-19",67,"MinorHazard"
"9560","ACT","2011-08-22",31,"Safe"
"9561","ACT","2011-08-25",56,"Safe"
"9562","ACT","2011-08-28",43,"Safe"
"9563","ACT","2011-08-31",28,"Safe"
"9564","ACT","2011-09-03",46,"Safe"
"9565","ACT","2011-09-05",54,"Safe"
"9566","ACT","2011-09-06",76,"MinorHazard"
"9567","ACT","2011-09-08",26,"Safe"
"9568","ACT","2011-09-09",52,"Safe"
"9569","ACT","2011-09-12",41,"Safe"
"9570","ACT","2011-09-15",56,"Safe"
"9571","ACT","2011-09-16",72,"MinorHazard"
"9572","ACT","2011-09-18",59,"Safe"
"9573","ACT","2011-09-21",59,"Safe"
"9574","ACT","2011-09-24",30,"Safe"
"9575","ACT","2011-09-27",46,"Safe"
"9576","ACT","2011-09-30",57,"Safe"
"9577","ACT","2011-10-03",33,"Safe"
"9578","ACT","2011-10-06",24,"Safe"
"9579","ACT","2011-10-07",30,"Safe"
"9580","ACT","2011-10-09",57,"Safe"
"9581","ACT","2011-10-11",61,"Safe"
"9582","ACT","2011-10-12",31,"Safe"
"9583","ACT","2011-10-13",30,"Safe"
"9584","ACT","2011-10-15",57,"Safe"
"9585","ACT","2011-10-18",26,"Safe"
"9586","ACT","2011-10-21",41,"Safe"
"9587","ACT","2011-10-24",61,"Safe"
"9588","ACT","2011-10-26",46,"Safe"
"9589","ACT","2011-10-30",54,"Safe"
"9590","ACT","2011-11-02",43,"Safe"
"9591","ACT","2011-11-03",39,"Safe"
"9592","ACT","2011-11-05",33,"Safe"
"9593","ACT","2011-11-07",39,"Safe"
"9594","ACT","2011-11-08",59,"Safe"
"9595","ACT","2011-11-11",35,"Safe"
"9596","ACT","2011-11-16",39,"Safe"
"9597","ACT","2011-11-29",57,"Safe"
"9598","ACT","2011-11-30",76,"MinorHazard"
"9599","ACT","2011-12-16",28,"Safe"
"9600","ACT","2012-04-01",41,"Safe"
"9601","ACT","2012-05-23",59,"Safe"
"9602","ACT","2012-06-08",22,"Safe"
"9603","ACT","2012-07-10",65,"MinorHazard"
"9604","ACT","2012-09-19",31,"Safe"
"9605","ACT","2012-10-02",24,"Safe"
"9606","ACT","2012-11-09",50,"Safe"
"9607","ACT","2013-01-05",61,"Safe"
"9608","ACT","2013-01-06",59,"Safe"
"9609","ACT","2013-01-18",78,"MinorHazard"
"9610","ACT","2013-01-20",35,"Safe"
"9611","ACT","2013-01-21",35,"Safe"
"9612","ACT","2013-01-22",46,"Safe"
"9613","ACT","2013-01-23",44,"Safe"
"9614","ACT","2013-01-24",37,"Safe"
"9615","ACT","2013-01-25",39,"Safe"
"9616","ACT","2013-01-29",35,"Safe"
"9617","ACT","2013-01-30",35,"Safe"
"9618","ACT","2013-01-31",46,"Safe"
"9619","ACT","2013-03-07",28,"Safe"
"9620","ACT","2013-03-08",33,"Safe"
"9621","ACT","2013-03-14",44,"Safe"
"9622","ACT","2013-03-16",46,"Safe"
"9623","ACT","2013-03-26",39,"Safe"
"9624","ACT","2013-04-13",41,"Safe"
"9625","ACT","2013-05-02",46,"Safe"
"9626","ACT","2013-05-03",46,"Safe"
"9627","ACT","2013-06-06",50,"Safe"
"9628","ACT","2013-12-21",48,"Safe"
"9629","ACT","2014-01-14",31,"Safe"
"9630","ACT","2014-01-27",33,"Safe"
"9631","ACT","2014-02-03",43,"Safe"
"9632","ACT","2014-02-05",48,"Safe"
"9633","ACT","2014-02-08",37,"Safe"
"9634","ACT","2014-02-20",67,"MinorHazard"
"9635","ACT","2014-05-10",44,"Safe"
"9636","ACT","2014-10-09",33,"Safe"
"9637","ACT","2015-03-01",57,"Safe"
"9638","ACT","2015-03-02",39,"Safe"
"9639","ACT","2015-05-12",80,"MinorHazard"
"9640","ACT","2015-05-20",56,"Safe"
"9641","ACT","2015-05-25",26,"Safe"
"9642","ACT","2015-06-17",31,"Safe"
"9643","ACT","2015-08-12",44,"Safe"
"9644","ACT","2015-09-30",37,"Safe"
"9645","ACT","2015-10-08",31,"Safe"
"9646","ACT","2015-10-25",37,"Safe"
"9647","ACT","2015-11-14",30,"Safe"
"9648","ACT","2015-12-26",54,"Safe"
"9649","ACT","2016-11-13",74,"MinorHazard"
"9650","ACT","2016-11-14",50,"Safe"
"9651","ACT","2016-11-23",57,"Safe"
"9652","ACT","2016-12-08",70,"MinorHazard"
"9653","ACT","2016-12-09",63,"MinorHazard"
"9654","ACT","2016-12-10",33,"Safe"
"9655","ACT","2016-12-11",41,"Safe"
"9656","ACT","2016-12-12",37,"Safe"
"9657","ACT","2016-12-13",56,"Safe"
"9658","ACT","2016-12-14",61,"Safe"
"9659","ACT","2017-03-08",46,"Safe"
"9660","ACT","2017-03-31",46,"Safe"
"9661","ACT","2017-04-02",30,"Safe"
"9662","ACT","2010-02-07",43,"Safe"
"9663","ACT","2010-02-10",37,"Safe"
"9664","ACT","2010-02-19",37,"Safe"
"9665","ACT","2010-05-10",43,"Safe"
"9666","QLD","2008-07-01",26,"Safe"
"9667","QLD","2008-07-02",30,"Safe"
"9668","QLD","2008-07-03",22,"Safe"
"9669","QLD","2008-07-04",24,"Safe"
"9670","QLD","2008-07-05",37,"Safe"
"9671","QLD","2008-07-06",31,"Safe"
"9672","QLD","2008-07-07",17,"Safe"
"9673","QLD","2008-07-08",31,"Safe"
"9674","QLD","2008-07-09",43,"Safe"
"9675","QLD","2008-07-10",39,"Safe"
"9676","QLD","2008-07-11",28,"Safe"
"9677","QLD","2008-07-12",30,"Safe"
"9678","QLD","2008-07-13",20,"Safe"
"9679","QLD","2008-07-14",19,"Safe"
"9680","QLD","2008-07-15",31,"Safe"
"9681","QLD","2008-07-16",19,"Safe"
"9682","QLD","2008-07-17",17,"Safe"
"9683","QLD","2008-07-18",37,"Safe"
"9684","QLD","2008-07-19",33,"Safe"
"9685","QLD","2008-07-20",30,"Safe"
"9686","QLD","2008-07-21",35,"Safe"
"9687","QLD","2008-07-22",33,"Safe"
"9688","QLD","2008-07-23",26,"Safe"
"9689","QLD","2008-07-24",28,"Safe"
"9690","QLD","2008-07-25",28,"Safe"
"9691","QLD","2008-07-26",24,"Safe"
"9692","QLD","2008-07-27",30,"Safe"
"9693","QLD","2008-07-28",39,"Safe"
"9694","QLD","2008-07-29",33,"Safe"
"9695","QLD","2008-07-30",22,"Safe"
"9696","QLD","2008-07-31",26,"Safe"
"9697","QLD","2008-08-01",35,"Safe"
"9698","QLD","2008-08-02",46,"Safe"
"9699","QLD","2008-08-03",22,"Safe"
"9700","QLD","2008-08-04",26,"Safe"
"9701","QLD","2008-08-05",22,"Safe"
"9702","QLD","2008-08-06",39,"Safe"
"9703","QLD","2008-08-07",30,"Safe"
"9704","QLD","2008-08-08",48,"Safe"
"9705","QLD","2008-08-09",19,"Safe"
"9706","QLD","2008-08-10",31,"Safe"
"9707","QLD","2008-08-11",37,"Safe"
"9708","QLD","2008-08-12",24,"Safe"
"9709","QLD","2008-08-13",20,"Safe"
"9710","QLD","2008-08-14",30,"Safe"
"9711","QLD","2008-08-15",41,"Safe"
"9712","QLD","2008-08-16",43,"Safe"
"9713","QLD","2008-08-17",56,"Safe"
"9714","QLD","2008-08-18",19,"Safe"
"9715","QLD","2008-08-19",30,"Safe"
"9716","QLD","2008-08-20",22,"Safe"
"9717","QLD","2008-08-21",17,"Safe"
"9718","QLD","2008-08-22",39,"Safe"
"9719","QLD","2008-08-23",39,"Safe"
"9720","QLD","2008-08-24",24,"Safe"
"9721","QLD","2008-08-25",30,"Safe"
"9722","QLD","2008-08-26",50,"Safe"
"9723","QLD","2008-08-27",19,"Safe"
"9724","QLD","2008-08-28",22,"Safe"
"9725","QLD","2008-08-29",28,"Safe"
"9726","QLD","2008-08-30",28,"Safe"
"9727","QLD","2008-08-31",35,"Safe"
"9728","QLD","2008-09-01",26,"Safe"
"9729","QLD","2008-09-02",26,"Safe"
"9730","QLD","2008-09-03",44,"Safe"
"9731","QLD","2008-09-04",43,"Safe"
"9732","QLD","2008-09-05",30,"Safe"
"9733","QLD","2008-09-06",61,"Safe"
"9734","QLD","2008-09-07",24,"Safe"
"9735","QLD","2008-09-08",22,"Safe"
"9736","QLD","2008-09-09",26,"Safe"
"9737","QLD","2008-09-10",24,"Safe"
"9738","QLD","2008-09-11",28,"Safe"
"9739","QLD","2008-09-12",37,"Safe"
"9740","QLD","2008-09-13",30,"Safe"
"9741","QLD","2008-09-14",33,"Safe"
"9742","QLD","2008-09-15",28,"Safe"
"9743","QLD","2008-09-16",33,"Safe"
"9744","QLD","2008-09-17",30,"Safe"
"9745","QLD","2008-09-18",20,"Safe"
"9746","QLD","2008-09-19",26,"Safe"
"9747","QLD","2008-09-20",31,"Safe"
"9748","QLD","2008-09-21",35,"Safe"
"9749","QLD","2008-09-22",35,"Safe"
"9750","QLD","2008-09-23",31,"Safe"
"9751","QLD","2008-09-24",44,"Safe"
"9752","QLD","2008-09-25",43,"Safe"
"9753","QLD","2008-09-26",30,"Safe"
"9754","QLD","2008-09-27",24,"Safe"
"9755","QLD","2008-09-28",26,"Safe"
"9756","QLD","2008-09-29",31,"Safe"
"9757","QLD","2008-09-30",30,"Safe"
"9758","QLD","2008-10-01",31,"Safe"
"9759","QLD","2008-10-02",30,"Safe"
"9760","QLD","2008-10-03",35,"Safe"
"9761","QLD","2008-10-04",33,"Safe"
"9762","QLD","2008-10-05",31,"Safe"
"9763","QLD","2008-10-06",39,"Safe"
"9764","QLD","2008-10-07",31,"Safe"
"9765","QLD","2008-10-08",28,"Safe"
"9766","QLD","2008-10-09",35,"Safe"
"9767","QLD","2008-10-10",26,"Safe"
"9768","QLD","2008-10-11",24,"Safe"
"9769","QLD","2008-10-12",20,"Safe"
"9770","QLD","2008-10-13",30,"Safe"
"9771","QLD","2008-10-14",30,"Safe"
"9772","QLD","2008-10-15",35,"Safe"
"9773","QLD","2008-10-16",41,"Safe"
"9774","QLD","2008-10-17",31,"Safe"
"9775","QLD","2008-10-18",35,"Safe"
"9776","QLD","2008-10-19",28,"Safe"
"9777","QLD","2008-10-20",28,"Safe"
"9778","QLD","2008-10-21",33,"Safe"
"9779","QLD","2008-10-22",37,"Safe"
"9780","QLD","2008-10-23",35,"Safe"
"9781","QLD","2008-10-24",30,"Safe"
"9782","QLD","2008-10-25",31,"Safe"
"9783","QLD","2008-10-26",31,"Safe"
"9784","QLD","2008-10-27",28,"Safe"
"9785","QLD","2008-10-28",30,"Safe"
"9786","QLD","2008-10-29",28,"Safe"
"9787","QLD","2008-10-31",31,"Safe"
"9788","QLD","2008-11-01",41,"Safe"
"9789","QLD","2008-11-02",24,"Safe"
"9790","QLD","2008-11-03",20,"Safe"
"9791","QLD","2008-11-04",37,"Safe"
"9792","QLD","2008-11-05",26,"Safe"
"9793","QLD","2008-11-06",28,"Safe"
"9794","QLD","2008-11-07",28,"Safe"
"9795","QLD","2008-11-08",35,"Safe"
"9796","QLD","2008-11-09",31,"Safe"
"9797","QLD","2008-11-10",39,"Safe"
"9798","QLD","2008-11-11",46,"Safe"
"9799","QLD","2008-11-12",39,"Safe"
"9800","QLD","2008-11-13",43,"Safe"
"9801","QLD","2008-11-14",31,"Safe"
"9802","QLD","2008-11-15",26,"Safe"
"9803","QLD","2008-11-16",48,"Safe"
"9804","QLD","2008-11-17",31,"Safe"
"9805","QLD","2008-11-18",22,"Safe"
"9806","QLD","2008-11-19",28,"Safe"
"9807","QLD","2008-11-20",72,"MinorHazard"
"9808","QLD","2008-11-21",37,"Safe"
"9809","QLD","2008-11-22",50,"Safe"
"9810","QLD","2008-11-23",65,"MinorHazard"
"9811","QLD","2008-11-24",37,"Safe"
"9812","QLD","2008-11-25",28,"Safe"
"9813","QLD","2008-11-26",30,"Safe"
"9814","QLD","2008-11-27",26,"Safe"
"9815","QLD","2008-11-28",43,"Safe"
"9816","QLD","2008-11-29",54,"Safe"
"9817","QLD","2008-11-30",48,"Safe"
"9818","QLD","2008-12-01",33,"Safe"
"9819","QLD","2008-12-02",37,"Safe"
"9820","QLD","2008-12-03",52,"Safe"
"9821","QLD","2008-12-04",52,"Safe"
"9822","QLD","2008-12-05",43,"Safe"
"9823","QLD","2008-12-06",48,"Safe"
"9824","QLD","2008-12-07",54,"Safe"
"9825","QLD","2008-12-08",54,"Safe"
"9826","QLD","2008-12-09",59,"Safe"
"9827","QLD","2008-12-10",41,"Safe"
"9828","QLD","2008-12-11",50,"Safe"
"9829","QLD","2008-12-12",39,"Safe"
"9830","QLD","2008-12-13",44,"Safe"
"9831","QLD","2008-12-14",80,"MinorHazard"
"9832","QLD","2008-12-15",39,"Safe"
"9833","QLD","2008-12-16",43,"Safe"
"9834","QLD","2008-12-17",41,"Safe"
"9835","QLD","2008-12-18",56,"Safe"
"9836","QLD","2008-12-19",56,"Safe"
"9837","QLD","2008-12-20",54,"Safe"
"9838","QLD","2008-12-21",54,"Safe"
"9839","QLD","2008-12-22",44,"Safe"
"9840","QLD","2008-12-23",43,"Safe"
"9841","QLD","2008-12-24",46,"Safe"
"9842","QLD","2008-12-25",37,"Safe"
"9843","QLD","2008-12-26",41,"Safe"
"9844","QLD","2008-12-27",39,"Safe"
"9845","QLD","2008-12-28",50,"Safe"
"9846","QLD","2008-12-29",74,"MinorHazard"
"9847","QLD","2008-12-30",35,"Safe"
"9848","QLD","2008-12-31",37,"Safe"
"9849","QLD","2009-01-01",50,"Safe"
"9850","QLD","2009-01-02",46,"Safe"
"9851","QLD","2009-01-03",70,"MinorHazard"
"9852","QLD","2009-01-04",56,"Safe"
"9853","QLD","2009-01-05",41,"Safe"
"9854","QLD","2009-01-06",35,"Safe"
"9855","QLD","2009-01-07",31,"Safe"
"9856","QLD","2009-01-08",43,"Safe"
"9857","QLD","2009-01-09",74,"MinorHazard"
"9858","QLD","2009-01-10",61,"Safe"
"9859","QLD","2009-01-11",43,"Safe"
"9860","QLD","2009-01-12",76,"MinorHazard"
"9861","QLD","2009-01-13",80,"MinorHazard"
"9862","QLD","2009-01-14",65,"MinorHazard"
"9863","QLD","2009-01-15",39,"Safe"
"9864","QLD","2009-01-16",50,"Safe"
"9865","QLD","2009-01-17",70,"MinorHazard"
"9866","QLD","2009-01-18",52,"Safe"
"9867","QLD","2009-01-19",54,"Safe"
"9868","QLD","2009-01-20",39,"Safe"
"9869","QLD","2009-01-21",41,"Safe"
"9870","QLD","2009-01-22",43,"Safe"
"9871","QLD","2009-01-23",41,"Safe"
"9872","QLD","2009-01-24",37,"Safe"
"9873","QLD","2009-01-25",37,"Safe"
"9874","QLD","2009-01-26",37,"Safe"
"9875","QLD","2009-01-27",48,"Safe"
"9876","QLD","2009-01-28",48,"Safe"
"9877","QLD","2009-01-29",54,"Safe"
"9878","QLD","2009-01-31",52,"Safe"
"9879","QLD","2009-02-01",54,"Safe"
"9880","QLD","2009-02-02",69,"MinorHazard"
"9881","QLD","2009-02-03",48,"Safe"
"9882","QLD","2009-02-04",50,"Safe"
"9883","QLD","2009-02-05",41,"Safe"
"9884","QLD","2009-02-06",59,"Safe"
"9885","QLD","2009-02-07",61,"Safe"
"9886","QLD","2009-02-08",50,"Safe"
"9887","QLD","2009-02-09",31,"Safe"
"9888","QLD","2009-02-10",39,"Safe"
"9889","QLD","2009-02-11",54,"Safe"
"9890","QLD","2009-02-12",56,"Safe"
"9891","QLD","2009-02-13",74,"MinorHazard"
"9892","QLD","2009-02-14",70,"MinorHazard"
"9893","QLD","2009-02-15",37,"Safe"
"9894","QLD","2009-02-16",52,"Safe"
"9895","QLD","2009-02-17",39,"Safe"
"9896","QLD","2009-02-18",39,"Safe"
"9897","QLD","2009-02-19",31,"Safe"
"9898","QLD","2009-02-20",41,"Safe"
"9899","QLD","2009-02-21",57,"Safe"
"9900","QLD","2009-02-22",52,"Safe"
"9901","QLD","2009-02-23",37,"Safe"
"9902","QLD","2009-02-24",37,"Safe"
"9903","QLD","2009-02-25",35,"Safe"
"9904","QLD","2009-02-26",69,"MinorHazard"
"9905","QLD","2009-02-27",57,"Safe"
"9906","QLD","2009-02-28",44,"Safe"
"9907","QLD","2009-03-01",44,"Safe"
"9908","QLD","2009-03-02",48,"Safe"
"9909","QLD","2009-03-03",43,"Safe"
"9910","QLD","2009-03-04",44,"Safe"
"9911","QLD","2009-03-05",43,"Safe"
"9912","QLD","2009-03-06",48,"Safe"
"9913","QLD","2009-03-07",50,"Safe"
"9914","QLD","2009-03-08",46,"Safe"
"9915","QLD","2009-03-09",65,"MinorHazard"
"9916","QLD","2009-03-10",72,"MinorHazard"
"9917","QLD","2009-03-11",76,"MinorHazard"
"9918","QLD","2009-03-12",57,"Safe"
"9919","QLD","2009-03-13",44,"Safe"
"9920","QLD","2009-03-14",37,"Safe"
"9921","QLD","2009-03-15",39,"Safe"
"9922","QLD","2009-03-16",70,"MinorHazard"
"9923","QLD","2009-03-17",35,"Safe"
"9924","QLD","2009-03-18",48,"Safe"
"9925","QLD","2009-03-19",48,"Safe"
"9926","QLD","2009-03-20",50,"Safe"
"9927","QLD","2009-03-21",61,"Safe"
"9928","QLD","2009-03-22",50,"Safe"
"9929","QLD","2009-03-23",48,"Safe"
"9930","QLD","2009-03-24",44,"Safe"
"9931","QLD","2009-03-25",48,"Safe"
"9932","QLD","2009-03-26",50,"Safe"
"9933","QLD","2009-03-27",69,"MinorHazard"
"9934","QLD","2009-03-28",65,"MinorHazard"
"9935","QLD","2009-03-29",69,"MinorHazard"
"9936","QLD","2009-03-30",80,"MinorHazard"
"9937","QLD","2009-03-31",30,"Safe"
"9938","QLD","2009-04-01",59,"Safe"
"9939","QLD","2009-04-02",81,"MinorHazard"
"9940","QLD","2009-04-03",50,"Safe"
"9941","QLD","2009-04-04",44,"Safe"
"9942","QLD","2009-04-05",48,"Safe"
"9943","QLD","2009-04-06",46,"Safe"
"9944","QLD","2009-04-07",67,"MinorHazard"
"9945","QLD","2009-04-08",52,"Safe"
"9946","QLD","2009-04-09",54,"Safe"
"9947","QLD","2009-04-10",43,"Safe"
"9948","QLD","2009-04-11",50,"Safe"
"9949","QLD","2009-04-12",43,"Safe"
"9950","QLD","2009-04-13",44,"Safe"
"9951","QLD","2009-04-14",56,"Safe"
"9952","QLD","2009-04-15",31,"Safe"
"9953","QLD","2009-04-16",39,"Safe"
"9954","QLD","2009-04-17",50,"Safe"
"9955","QLD","2009-04-18",52,"Safe"
"9956","QLD","2009-04-19",44,"Safe"
"9957","QLD","2009-04-20",54,"Safe"
"9958","QLD","2009-04-21",57,"Safe"
"9959","QLD","2009-04-22",67,"MinorHazard"
"9960","QLD","2009-04-23",46,"Safe"
"9961","QLD","2009-04-24",46,"Safe"
"9962","QLD","2009-04-25",39,"Safe"
"9963","QLD","2009-04-26",48,"Safe"
"9964","QLD","2009-04-27",41,"Safe"
"9965","QLD","2009-04-28",44,"Safe"
"9966","QLD","2009-04-29",48,"Safe"
"9967","QLD","2009-04-30",52,"Safe"
"9968","QLD","2009-05-01",50,"Safe"
"9969","QLD","2009-05-02",44,"Safe"
"9970","QLD","2009-05-03",48,"Safe"
"9971","QLD","2009-05-04",61,"Safe"
"9972","QLD","2009-05-05",48,"Safe"
"9973","QLD","2009-05-06",56,"Safe"
"9974","QLD","2009-05-07",56,"Safe"
"9975","QLD","2009-05-08",43,"Safe"
"9976","QLD","2009-05-09",41,"Safe"
"9977","QLD","2009-05-10",56,"Safe"
"9978","QLD","2009-05-11",50,"Safe"
"9979","QLD","2009-05-12",37,"Safe"
"9980","QLD","2009-05-13",37,"Safe"
"9981","QLD","2009-05-14",37,"Safe"
"9982","QLD","2009-05-15",41,"Safe"
"9983","QLD","2009-05-16",46,"Safe"
"9984","QLD","2009-05-17",46,"Safe"
"9985","QLD","2009-05-18",57,"Safe"
"9986","QLD","2009-05-19",72,"MinorHazard"
"9987","QLD","2009-05-20",117,"Damaging"
"9988","QLD","2009-05-21",96,"Damaging"
"9989","QLD","2009-05-22",37,"Safe"
"9990","QLD","2009-05-23",80,"MinorHazard"
"9991","QLD","2009-05-24",72,"MinorHazard"
"9992","QLD","2009-05-25",50,"Safe"
"9993","QLD","2009-05-26",41,"Safe"
"9994","QLD","2009-05-27",37,"Safe"
"9995","QLD","2009-05-28",39,"Safe"
"9996","QLD","2009-05-29",44,"Safe"
"9997","QLD","2009-05-30",52,"Safe"
"9998","QLD","2009-05-31",65,"MinorHazard"
"9999","QLD","2009-06-01",57,"Safe"
"10000","QLD","2009-06-02",43,"Safe"
"10001","QLD","2009-06-03",41,"Safe"
"10002","QLD","2009-06-04",35,"Safe"
"10003","QLD","2009-06-05",31,"Safe"
"10004","QLD","2009-06-06",31,"Safe"
"10005","QLD","2009-06-07",78,"MinorHazard"
"10006","QLD","2009-06-08",37,"Safe"
"10007","QLD","2009-06-09",43,"Safe"
"10008","QLD","2009-06-10",52,"Safe"
"10009","QLD","2009-06-11",48,"Safe"
"10010","QLD","2009-06-12",52,"Safe"
"10011","QLD","2009-06-13",35,"Safe"
"10012","QLD","2009-06-14",39,"Safe"
"10013","QLD","2009-06-15",28,"Safe"
"10014","QLD","2009-06-16",43,"Safe"
"10015","QLD","2009-06-17",46,"Safe"
"10016","QLD","2009-06-18",54,"Safe"
"10017","QLD","2009-06-19",50,"Safe"
"10018","QLD","2009-06-20",61,"Safe"
"10019","QLD","2009-06-21",56,"Safe"
"10020","QLD","2009-06-22",61,"Safe"
"10021","QLD","2009-06-23",63,"MinorHazard"
"10022","QLD","2009-06-24",33,"Safe"
"10023","QLD","2009-06-25",30,"Safe"
"10024","QLD","2009-06-26",30,"Safe"
"10025","QLD","2009-06-27",37,"Safe"
"10026","QLD","2009-06-28",37,"Safe"
"10027","QLD","2009-06-29",33,"Safe"
"10028","QLD","2009-07-01",35,"Safe"
"10029","QLD","2009-07-02",50,"Safe"
"10030","QLD","2009-07-03",56,"Safe"
"10031","QLD","2009-07-04",44,"Safe"
"10032","QLD","2009-07-05",30,"Safe"
"10033","QLD","2009-07-06",35,"Safe"
"10034","QLD","2009-07-07",59,"Safe"
"10035","QLD","2009-07-08",70,"MinorHazard"
"10036","QLD","2009-07-09",63,"MinorHazard"
"10037","QLD","2009-07-10",61,"Safe"
"10038","QLD","2009-07-11",50,"Safe"
"10039","QLD","2009-07-12",33,"Safe"
"10040","QLD","2009-07-13",37,"Safe"
"10041","QLD","2009-07-14",39,"Safe"
"10042","QLD","2009-07-15",50,"Safe"
"10043","QLD","2009-07-16",43,"Safe"
"10044","QLD","2009-07-17",43,"Safe"
"10045","QLD","2009-07-18",37,"Safe"
"10046","QLD","2009-07-19",39,"Safe"
"10047","QLD","2009-07-20",52,"Safe"
"10048","QLD","2009-07-21",46,"Safe"
"10049","QLD","2009-07-22",48,"Safe"
"10050","QLD","2009-07-23",37,"Safe"
"10051","QLD","2009-07-24",50,"Safe"
"10052","QLD","2009-07-25",44,"Safe"
"10053","QLD","2009-07-26",41,"Safe"
"10054","QLD","2009-07-27",46,"Safe"
"10055","QLD","2009-07-28",48,"Safe"
"10056","QLD","2009-07-29",54,"Safe"
"10057","QLD","2009-07-30",50,"Safe"
"10058","QLD","2009-07-31",48,"Safe"
"10059","QLD","2009-08-01",54,"Safe"
"10060","QLD","2009-08-02",50,"Safe"
"10061","QLD","2009-08-03",43,"Safe"
"10062","QLD","2009-08-04",48,"Safe"
"10063","QLD","2009-08-05",46,"Safe"
"10064","QLD","2009-08-06",44,"Safe"
"10065","QLD","2009-08-07",39,"Safe"
"10066","QLD","2009-08-08",59,"Safe"
"10067","QLD","2009-08-09",41,"Safe"
"10068","QLD","2009-08-10",35,"Safe"
"10069","QLD","2009-08-11",39,"Safe"
"10070","QLD","2009-08-12",56,"Safe"
"10071","QLD","2009-08-13",35,"Safe"
"10072","QLD","2009-08-14",44,"Safe"
"10073","QLD","2009-08-15",35,"Safe"
"10074","QLD","2009-08-16",37,"Safe"
"10075","QLD","2009-08-17",41,"Safe"
"10076","QLD","2009-08-18",50,"Safe"
"10077","QLD","2009-08-19",48,"Safe"
"10078","QLD","2009-08-20",39,"Safe"
"10079","QLD","2009-08-21",41,"Safe"
"10080","QLD","2009-08-22",48,"Safe"
"10081","QLD","2009-08-23",33,"Safe"
"10082","QLD","2009-08-24",48,"Safe"
"10083","QLD","2009-08-25",48,"Safe"
"10084","QLD","2009-08-26",37,"Safe"
"10085","QLD","2009-08-27",35,"Safe"
"10086","QLD","2009-08-28",35,"Safe"
"10087","QLD","2009-08-29",57,"Safe"
"10088","QLD","2009-08-30",48,"Safe"
"10089","QLD","2009-08-31",31,"Safe"
"10090","QLD","2009-09-01",35,"Safe"
"10091","QLD","2009-09-02",33,"Safe"
"10092","QLD","2009-09-03",46,"Safe"
"10093","QLD","2009-09-04",39,"Safe"
"10094","QLD","2009-09-05",41,"Safe"
"10095","QLD","2009-09-06",44,"Safe"
"10096","QLD","2009-09-07",50,"Safe"
"10097","QLD","2009-09-08",37,"Safe"
"10098","QLD","2009-09-09",35,"Safe"
"10099","QLD","2009-09-10",33,"Safe"
"10100","QLD","2009-09-11",39,"Safe"
"10101","QLD","2009-09-12",52,"Safe"
"10102","QLD","2009-09-13",39,"Safe"
"10103","QLD","2009-09-14",39,"Safe"
"10104","QLD","2009-09-15",39,"Safe"
"10105","QLD","2009-09-16",48,"Safe"
"10106","QLD","2009-09-17",41,"Safe"
"10107","QLD","2009-09-18",41,"Safe"
"10108","QLD","2009-09-19",37,"Safe"
"10109","QLD","2009-09-20",35,"Safe"
"10110","QLD","2009-09-21",39,"Safe"
"10111","QLD","2009-09-22",54,"Safe"
"10112","QLD","2009-09-23",70,"MinorHazard"
"10113","QLD","2009-09-24",44,"Safe"
"10114","QLD","2009-09-25",39,"Safe"
"10115","QLD","2009-09-26",52,"Safe"
"10116","QLD","2009-09-27",56,"Safe"
"10117","QLD","2009-09-28",52,"Safe"
"10118","QLD","2009-09-29",43,"Safe"
"10119","QLD","2009-09-30",35,"Safe"
"10120","QLD","2009-10-01",43,"Safe"
"10121","QLD","2009-10-02",44,"Safe"
"10122","QLD","2009-10-03",72,"MinorHazard"
"10123","QLD","2009-10-04",46,"Safe"
"10124","QLD","2009-10-05",41,"Safe"
"10125","QLD","2009-10-06",37,"Safe"
"10126","QLD","2009-10-07",61,"Safe"
"10127","QLD","2009-10-08",48,"Safe"
"10128","QLD","2009-10-09",56,"Safe"
"10129","QLD","2009-10-10",56,"Safe"
"10130","QLD","2009-10-11",41,"Safe"
"10131","QLD","2009-10-12",50,"Safe"
"10132","QLD","2009-10-13",93,"Damaging"
"10133","QLD","2009-10-14",72,"MinorHazard"
"10134","QLD","2009-10-15",50,"Safe"
"10135","QLD","2009-10-16",43,"Safe"
"10136","QLD","2009-10-17",50,"Safe"
"10137","QLD","2009-10-18",61,"Safe"
"10138","QLD","2009-10-19",57,"Safe"
"10139","QLD","2009-10-20",57,"Safe"
"10140","QLD","2009-10-21",50,"Safe"
"10141","QLD","2009-10-22",41,"Safe"
"10142","QLD","2009-10-23",52,"Safe"
"10143","QLD","2009-10-24",57,"Safe"
"10144","QLD","2009-10-25",46,"Safe"
"10145","QLD","2009-10-26",44,"Safe"
"10146","QLD","2009-10-27",37,"Safe"
"10147","QLD","2009-10-28",43,"Safe"
"10148","QLD","2009-10-29",48,"Safe"
"10149","QLD","2009-10-30",48,"Safe"
"10150","QLD","2009-10-31",50,"Safe"
"10151","QLD","2009-11-01",57,"Safe"
"10152","QLD","2009-11-02",56,"Safe"
"10153","QLD","2009-11-03",48,"Safe"
"10154","QLD","2009-11-04",43,"Safe"
"10155","QLD","2009-11-05",61,"Safe"
"10156","QLD","2009-11-06",54,"Safe"
"10157","QLD","2009-11-07",56,"Safe"
"10158","QLD","2009-11-08",52,"Safe"
"10159","QLD","2009-11-09",52,"Safe"
"10160","QLD","2009-11-10",52,"Safe"
"10161","QLD","2009-11-11",63,"MinorHazard"
"10162","QLD","2009-11-12",52,"Safe"
"10163","QLD","2009-11-13",43,"Safe"
"10164","QLD","2009-11-14",43,"Safe"
"10165","QLD","2009-11-15",46,"Safe"
"10166","QLD","2009-11-16",50,"Safe"
"10167","QLD","2009-11-17",74,"MinorHazard"
"10168","QLD","2009-11-18",46,"Safe"
"10169","QLD","2009-11-20",39,"Safe"
"10170","QLD","2009-11-21",43,"Safe"
"10171","QLD","2009-11-22",46,"Safe"
"10172","QLD","2009-11-23",41,"Safe"
"10173","QLD","2009-11-24",48,"Safe"
"10174","QLD","2009-11-25",50,"Safe"
"10175","QLD","2009-11-26",39,"Safe"
"10176","QLD","2009-11-27",46,"Safe"
"10177","QLD","2009-11-28",33,"Safe"
"10178","QLD","2009-11-29",59,"Safe"
"10179","QLD","2009-11-30",48,"Safe"
"10180","QLD","2009-12-01",57,"Safe"
"10181","QLD","2009-12-02",50,"Safe"
"10182","QLD","2009-12-03",52,"Safe"
"10183","QLD","2009-12-04",54,"Safe"
"10184","QLD","2009-12-05",54,"Safe"
"10185","QLD","2009-12-06",46,"Safe"
"10186","QLD","2009-12-07",46,"Safe"
"10187","QLD","2009-12-08",46,"Safe"
"10188","QLD","2009-12-09",37,"Safe"
"10189","QLD","2009-12-10",41,"Safe"
"10190","QLD","2009-12-11",41,"Safe"
"10191","QLD","2009-12-12",46,"Safe"
"10192","QLD","2009-12-13",44,"Safe"
"10193","QLD","2009-12-14",41,"Safe"
"10194","QLD","2009-12-15",52,"Safe"
"10195","QLD","2009-12-16",50,"Safe"
"10196","QLD","2009-12-17",46,"Safe"
"10197","QLD","2009-12-18",48,"Safe"
"10198","QLD","2009-12-19",37,"Safe"
"10199","QLD","2009-12-20",43,"Safe"
"10200","QLD","2009-12-21",43,"Safe"
"10201","QLD","2009-12-22",41,"Safe"
"10202","QLD","2009-12-23",39,"Safe"
"10203","QLD","2009-12-24",37,"Safe"
"10204","QLD","2009-12-25",43,"Safe"
"10205","QLD","2009-12-26",52,"Safe"
"10206","QLD","2009-12-27",41,"Safe"
"10207","QLD","2009-12-28",35,"Safe"
"10208","QLD","2009-12-29",39,"Safe"
"10209","QLD","2009-12-30",48,"Safe"
"10210","QLD","2009-12-31",48,"Safe"
"10211","QLD","2010-01-01",41,"Safe"
"10212","QLD","2010-01-02",43,"Safe"
"10213","QLD","2010-01-03",56,"Safe"
"10214","QLD","2010-01-04",59,"Safe"
"10215","QLD","2010-01-05",39,"Safe"
"10216","QLD","2010-01-06",35,"Safe"
"10217","QLD","2010-01-07",35,"Safe"
"10218","QLD","2010-01-08",46,"Safe"
"10219","QLD","2010-01-09",54,"Safe"
"10220","QLD","2010-01-10",56,"Safe"
"10221","QLD","2010-01-11",48,"Safe"
"10222","QLD","2010-01-12",50,"Safe"
"10223","QLD","2010-01-13",46,"Safe"
"10224","QLD","2010-01-14",37,"Safe"
"10225","QLD","2010-01-15",41,"Safe"
"10226","QLD","2010-01-16",37,"Safe"
"10227","QLD","2010-01-17",48,"Safe"
"10228","QLD","2010-01-18",54,"Safe"
"10229","QLD","2010-01-19",50,"Safe"
"10230","QLD","2010-01-20",39,"Safe"
"10231","QLD","2010-01-21",56,"Safe"
"10232","QLD","2010-01-22",46,"Safe"
"10233","QLD","2010-01-23",48,"Safe"
"10234","QLD","2010-01-24",74,"MinorHazard"
"10235","QLD","2010-01-25",59,"Safe"
"10236","QLD","2010-01-26",48,"Safe"
"10237","QLD","2010-01-27",69,"MinorHazard"
"10238","QLD","2010-01-28",37,"Safe"
"10239","QLD","2010-01-29",44,"Safe"
"10240","QLD","2010-01-30",81,"MinorHazard"
"10241","QLD","2010-01-31",65,"MinorHazard"
"10242","QLD","2010-02-01",63,"MinorHazard"
"10243","QLD","2010-02-02",59,"Safe"
"10244","QLD","2010-02-03",43,"Safe"
"10245","QLD","2010-02-04",30,"Safe"
"10246","QLD","2010-02-05",41,"Safe"
"10247","QLD","2010-02-06",57,"Safe"
"10248","QLD","2010-02-07",48,"Safe"
"10249","QLD","2010-02-08",46,"Safe"
"10250","QLD","2010-02-09",48,"Safe"
"10251","QLD","2010-02-10",46,"Safe"
"10252","QLD","2010-02-11",48,"Safe"
"10253","QLD","2010-02-12",41,"Safe"
"10254","QLD","2010-02-13",43,"Safe"
"10255","QLD","2010-02-14",44,"Safe"
"10256","QLD","2010-02-15",50,"Safe"
"10257","QLD","2010-02-16",54,"Safe"
"10258","QLD","2010-02-17",43,"Safe"
"10259","QLD","2010-02-18",59,"Safe"
"10260","QLD","2010-02-19",57,"Safe"
"10261","QLD","2010-02-20",57,"Safe"
"10262","QLD","2010-02-21",43,"Safe"
"10263","QLD","2010-02-22",48,"Safe"
"10264","QLD","2010-02-23",35,"Safe"
"10265","QLD","2010-02-24",57,"Safe"
"10266","QLD","2010-02-25",61,"Safe"
"10267","QLD","2010-02-26",59,"Safe"
"10268","QLD","2010-02-27",52,"Safe"
"10269","QLD","2010-02-28",31,"Safe"
"10270","QLD","2010-03-01",59,"Safe"
"10271","QLD","2010-03-02",63,"MinorHazard"
"10272","QLD","2010-03-03",72,"MinorHazard"
"10273","QLD","2010-03-04",57,"Safe"
"10274","QLD","2010-03-05",46,"Safe"
"10275","QLD","2010-03-06",41,"Safe"
"10276","QLD","2010-03-07",41,"Safe"
"10277","QLD","2010-03-08",28,"Safe"
"10278","QLD","2010-03-09",48,"Safe"
"10279","QLD","2010-03-10",44,"Safe"
"10280","QLD","2010-03-11",63,"MinorHazard"
"10281","QLD","2010-03-12",83,"MinorHazard"
"10282","QLD","2010-03-13",69,"MinorHazard"
"10283","QLD","2010-03-14",80,"MinorHazard"
"10284","QLD","2010-03-15",54,"Safe"
"10285","QLD","2010-03-16",70,"MinorHazard"
"10286","QLD","2010-03-18",59,"Safe"
"10287","QLD","2010-03-19",50,"Safe"
"10288","QLD","2010-03-20",50,"Safe"
"10289","QLD","2010-03-21",52,"Safe"
"10290","QLD","2010-03-22",46,"Safe"
"10291","QLD","2010-03-23",52,"Safe"
"10292","QLD","2010-03-24",52,"Safe"
"10293","QLD","2010-03-25",54,"Safe"
"10294","QLD","2010-03-26",54,"Safe"
"10295","QLD","2010-03-27",48,"Safe"
"10296","QLD","2010-03-28",50,"Safe"
"10297","QLD","2010-03-29",46,"Safe"
"10298","QLD","2010-03-30",39,"Safe"
"10299","QLD","2010-03-31",43,"Safe"
"10300","QLD","2010-04-01",41,"Safe"
"10301","QLD","2010-04-02",50,"Safe"
"10302","QLD","2010-04-03",52,"Safe"
"10303","QLD","2010-04-04",54,"Safe"
"10304","QLD","2010-04-05",50,"Safe"
"10305","QLD","2010-04-06",44,"Safe"
"10306","QLD","2010-04-07",41,"Safe"
"10307","QLD","2010-04-08",43,"Safe"
"10308","QLD","2010-04-09",37,"Safe"
"10309","QLD","2010-04-10",35,"Safe"
"10310","QLD","2010-04-11",39,"Safe"
"10311","QLD","2010-04-12",41,"Safe"
"10312","QLD","2010-04-13",59,"Safe"
"10313","QLD","2010-04-14",54,"Safe"
"10314","QLD","2010-04-15",44,"Safe"
"10315","QLD","2010-04-16",54,"Safe"
"10316","QLD","2010-04-17",48,"Safe"
"10317","QLD","2010-04-18",52,"Safe"
"10318","QLD","2010-04-19",57,"Safe"
"10319","QLD","2010-04-20",54,"Safe"
"10320","QLD","2010-04-21",56,"Safe"
"10321","QLD","2010-04-22",43,"Safe"
"10322","QLD","2010-04-23",50,"Safe"
"10323","QLD","2010-04-24",37,"Safe"
"10324","QLD","2010-04-25",52,"Safe"
"10325","QLD","2010-04-26",52,"Safe"
"10326","QLD","2010-04-27",41,"Safe"
"10327","QLD","2010-04-28",33,"Safe"
"10328","QLD","2010-04-29",48,"Safe"
"10329","QLD","2010-04-30",43,"Safe"
"10330","QLD","2010-05-01",54,"Safe"
"10331","QLD","2010-05-02",52,"Safe"
"10332","QLD","2010-05-03",48,"Safe"
"10333","QLD","2010-05-04",46,"Safe"
"10334","QLD","2010-05-07",54,"Safe"
"10335","QLD","2010-05-08",48,"Safe"
"10336","QLD","2010-05-09",48,"Safe"
"10337","QLD","2010-05-10",41,"Safe"
"10338","QLD","2010-05-11",35,"Safe"
"10339","QLD","2010-05-12",43,"Safe"
"10340","QLD","2010-05-13",43,"Safe"
"10341","QLD","2010-05-14",37,"Safe"
"10342","QLD","2010-05-15",35,"Safe"
"10343","QLD","2010-05-16",39,"Safe"
"10344","QLD","2010-05-17",44,"Safe"
"10345","QLD","2010-05-18",39,"Safe"
"10346","QLD","2010-05-19",43,"Safe"
"10347","QLD","2010-05-20",37,"Safe"
"10348","QLD","2010-05-21",37,"Safe"
"10349","QLD","2010-05-22",39,"Safe"
"10350","QLD","2010-05-23",56,"Safe"
"10351","QLD","2010-05-24",37,"Safe"
"10352","QLD","2010-05-25",33,"Safe"
"10353","QLD","2010-05-26",54,"Safe"
"10354","QLD","2010-05-27",50,"Safe"
"10355","QLD","2010-05-28",43,"Safe"
"10356","QLD","2010-05-29",69,"MinorHazard"
"10357","QLD","2010-05-30",54,"Safe"
"10358","QLD","2010-05-31",41,"Safe"
"10359","QLD","2010-06-01",30,"Safe"
"10360","QLD","2010-06-02",35,"Safe"
"10361","QLD","2010-06-03",43,"Safe"
"10362","QLD","2010-06-04",37,"Safe"
"10363","QLD","2010-06-05",37,"Safe"
"10364","QLD","2010-06-06",35,"Safe"
"10365","QLD","2010-06-07",46,"Safe"
"10366","QLD","2010-06-08",35,"Safe"
"10367","QLD","2010-06-09",37,"Safe"
"10368","QLD","2010-06-10",41,"Safe"
"10369","QLD","2010-06-11",37,"Safe"
"10370","QLD","2010-06-12",46,"Safe"
"10371","QLD","2010-06-13",50,"Safe"
"10372","QLD","2010-06-14",59,"Safe"
"10373","QLD","2010-06-15",52,"Safe"
"10374","QLD","2010-06-16",50,"Safe"
"10375","QLD","2010-06-17",41,"Safe"
"10376","QLD","2010-06-18",33,"Safe"
"10377","QLD","2010-06-19",37,"Safe"
"10378","QLD","2010-06-20",50,"Safe"
"10379","QLD","2010-06-21",50,"Safe"
"10380","QLD","2010-06-22",59,"Safe"
"10381","QLD","2010-06-23",59,"Safe"
"10382","QLD","2010-06-24",44,"Safe"
"10383","QLD","2010-06-25",52,"Safe"
"10384","QLD","2010-06-26",48,"Safe"
"10385","QLD","2010-06-27",35,"Safe"
"10386","QLD","2010-06-28",28,"Safe"
"10387","QLD","2010-06-29",35,"Safe"
"10388","QLD","2010-06-30",41,"Safe"
"10389","QLD","2010-07-01",44,"Safe"
"10390","QLD","2010-07-02",37,"Safe"
"10391","QLD","2010-07-03",59,"Safe"
"10392","QLD","2010-07-04",52,"Safe"
"10393","QLD","2010-07-05",44,"Safe"
"10394","QLD","2010-07-06",37,"Safe"
"10395","QLD","2010-07-07",39,"Safe"
"10396","QLD","2010-07-08",63,"MinorHazard"
"10397","QLD","2010-07-09",72,"MinorHazard"
"10398","QLD","2010-07-10",46,"Safe"
"10399","QLD","2010-07-11",48,"Safe"
"10400","QLD","2010-07-12",46,"Safe"
"10401","QLD","2010-07-13",39,"Safe"
"10402","QLD","2010-07-14",54,"Safe"
"10403","QLD","2010-07-15",48,"Safe"
"10404","QLD","2010-07-16",52,"Safe"
"10405","QLD","2010-07-17",48,"Safe"
"10406","QLD","2010-07-18",39,"Safe"
"10407","QLD","2010-07-19",35,"Safe"
"10408","QLD","2010-07-20",37,"Safe"
"10409","QLD","2010-07-21",43,"Safe"
"10410","QLD","2010-07-22",48,"Safe"
"10411","QLD","2010-07-23",50,"Safe"
"10412","QLD","2010-07-24",46,"Safe"
"10413","QLD","2010-07-25",50,"Safe"
"10414","QLD","2010-07-26",50,"Safe"
"10415","QLD","2010-07-27",48,"Safe"
"10416","QLD","2010-07-28",48,"Safe"
"10417","QLD","2010-07-29",46,"Safe"
"10418","QLD","2010-07-30",39,"Safe"
"10419","QLD","2010-07-31",48,"Safe"
"10420","QLD","2010-08-01",46,"Safe"
"10421","QLD","2010-08-02",48,"Safe"
"10422","QLD","2010-08-03",54,"Safe"
"10423","QLD","2010-08-04",43,"Safe"
"10424","QLD","2010-08-05",30,"Safe"
"10425","QLD","2010-08-06",41,"Safe"
"10426","QLD","2010-08-07",54,"Safe"
"10427","QLD","2010-08-08",39,"Safe"
"10428","QLD","2010-08-09",54,"Safe"
"10429","QLD","2010-08-10",63,"MinorHazard"
"10430","QLD","2010-08-11",52,"Safe"
"10431","QLD","2010-08-12",67,"MinorHazard"
"10432","QLD","2010-08-13",41,"Safe"
"10433","QLD","2010-08-14",35,"Safe"
"10434","QLD","2010-08-15",44,"Safe"
"10435","QLD","2010-08-16",39,"Safe"
"10436","QLD","2010-08-17",41,"Safe"
"10437","QLD","2010-08-18",37,"Safe"
"10438","QLD","2010-08-19",48,"Safe"
"10439","QLD","2010-08-20",37,"Safe"
"10440","QLD","2010-08-21",35,"Safe"
"10441","QLD","2010-08-22",41,"Safe"
"10442","QLD","2010-08-23",35,"Safe"
"10443","QLD","2010-08-24",41,"Safe"
"10444","QLD","2010-08-25",41,"Safe"
"10445","QLD","2010-08-26",57,"Safe"
"10446","QLD","2010-08-27",48,"Safe"
"10447","QLD","2010-08-28",33,"Safe"
"10448","QLD","2010-08-29",46,"Safe"
"10449","QLD","2010-08-30",44,"Safe"
"10450","QLD","2010-08-31",56,"Safe"
"10451","QLD","2010-09-01",46,"Safe"
"10452","QLD","2010-09-02",46,"Safe"
"10453","QLD","2010-09-03",48,"Safe"
"10454","QLD","2010-09-04",46,"Safe"
"10455","QLD","2010-09-05",39,"Safe"
"10456","QLD","2010-09-06",56,"Safe"
"10457","QLD","2010-09-07",48,"Safe"
"10458","QLD","2010-09-08",41,"Safe"
"10459","QLD","2010-09-09",43,"Safe"
"10460","QLD","2010-09-10",39,"Safe"
"10461","QLD","2010-09-11",35,"Safe"
"10462","QLD","2010-09-12",37,"Safe"
"10463","QLD","2010-09-13",37,"Safe"
"10464","QLD","2010-09-14",35,"Safe"
"10465","QLD","2010-09-15",59,"Safe"
"10466","QLD","2010-09-16",37,"Safe"
"10467","QLD","2010-09-17",43,"Safe"
"10468","QLD","2010-09-18",52,"Safe"
"10469","QLD","2010-09-19",37,"Safe"
"10470","QLD","2010-09-20",39,"Safe"
"10471","QLD","2010-09-21",41,"Safe"
"10472","QLD","2010-09-22",46,"Safe"
"10473","QLD","2010-09-23",44,"Safe"
"10474","QLD","2010-09-24",39,"Safe"
"10475","QLD","2010-09-25",41,"Safe"
"10476","QLD","2010-09-26",35,"Safe"
"10477","QLD","2010-09-27",41,"Safe"
"10478","QLD","2010-09-28",39,"Safe"
"10479","QLD","2010-09-29",54,"Safe"
"10480","QLD","2010-09-30",59,"Safe"
"10481","QLD","2010-10-01",56,"Safe"
"10482","QLD","2010-10-02",56,"Safe"
"10483","QLD","2010-10-03",50,"Safe"
"10484","QLD","2010-10-04",43,"Safe"
"10485","QLD","2010-10-05",48,"Safe"
"10486","QLD","2010-10-06",46,"Safe"
"10487","QLD","2010-10-07",41,"Safe"
"10488","QLD","2010-10-08",63,"MinorHazard"
"10489","QLD","2010-10-09",69,"MinorHazard"
"10490","QLD","2010-10-10",80,"MinorHazard"
"10491","QLD","2010-10-11",78,"MinorHazard"
"10492","QLD","2010-10-12",57,"Safe"
"10493","QLD","2010-10-13",52,"Safe"
"10494","QLD","2010-10-14",54,"Safe"
"10495","QLD","2010-10-15",65,"MinorHazard"
"10496","QLD","2010-10-16",67,"MinorHazard"
"10497","QLD","2010-10-17",39,"Safe"
"10498","QLD","2010-10-18",41,"Safe"
"10499","QLD","2010-10-19",46,"Safe"
"10500","QLD","2010-10-20",54,"Safe"
"10501","QLD","2010-10-21",59,"Safe"
"10502","QLD","2010-10-22",37,"Safe"
"10503","QLD","2010-10-23",44,"Safe"
"10504","QLD","2010-10-24",39,"Safe"
"10505","QLD","2010-10-25",37,"Safe"
"10506","QLD","2010-10-26",37,"Safe"
"10507","QLD","2010-10-27",39,"Safe"
"10508","QLD","2010-10-28",41,"Safe"
"10509","QLD","2010-10-29",48,"Safe"
"10510","QLD","2010-10-30",39,"Safe"
"10511","QLD","2010-10-31",39,"Safe"
"10512","QLD","2010-11-01",33,"Safe"
"10513","QLD","2010-11-02",41,"Safe"
"10514","QLD","2010-11-03",39,"Safe"
"10515","QLD","2010-11-04",41,"Safe"
"10516","QLD","2010-11-05",48,"Safe"
"10517","QLD","2010-11-06",61,"Safe"
"10518","QLD","2010-11-07",48,"Safe"
"10519","QLD","2010-11-08",39,"Safe"
"10520","QLD","2010-11-09",39,"Safe"
"10521","QLD","2010-11-10",39,"Safe"
"10522","QLD","2010-11-11",39,"Safe"
"10523","QLD","2010-11-12",39,"Safe"
"10524","QLD","2010-11-13",37,"Safe"
"10525","QLD","2010-11-14",44,"Safe"
"10526","QLD","2010-11-15",35,"Safe"
"10527","QLD","2010-11-16",37,"Safe"
"10528","QLD","2010-11-17",41,"Safe"
"10529","QLD","2010-11-18",46,"Safe"
"10530","QLD","2010-11-19",61,"Safe"
"10531","QLD","2010-11-20",61,"Safe"
"10532","QLD","2010-11-21",48,"Safe"
"10533","QLD","2010-11-22",59,"Safe"
"10534","QLD","2010-11-23",57,"Safe"
"10535","QLD","2010-11-24",56,"Safe"
"10536","QLD","2010-11-25",57,"Safe"
"10537","QLD","2010-11-26",48,"Safe"
"10538","QLD","2010-11-27",37,"Safe"
"10539","QLD","2010-11-28",41,"Safe"
"10540","QLD","2010-11-29",33,"Safe"
"10541","QLD","2010-11-30",48,"Safe"
"10542","QLD","2010-12-01",48,"Safe"
"10543","QLD","2010-12-02",39,"Safe"
"10544","QLD","2010-12-03",50,"Safe"
"10545","QLD","2010-12-04",54,"Safe"
"10546","QLD","2010-12-05",41,"Safe"
"10547","QLD","2010-12-06",46,"Safe"
"10548","QLD","2010-12-07",41,"Safe"
"10549","QLD","2010-12-08",41,"Safe"
"10550","QLD","2010-12-09",37,"Safe"
"10551","QLD","2010-12-10",44,"Safe"
"10552","QLD","2010-12-11",48,"Safe"
"10553","QLD","2010-12-12",39,"Safe"
"10554","QLD","2010-12-13",37,"Safe"
"10555","QLD","2010-12-14",46,"Safe"
"10556","QLD","2010-12-15",39,"Safe"
"10557","QLD","2010-12-16",52,"Safe"
"10558","QLD","2010-12-17",61,"Safe"
"10559","QLD","2010-12-18",35,"Safe"
"10560","QLD","2010-12-19",59,"Safe"
"10561","QLD","2010-12-20",56,"Safe"
"10562","QLD","2010-12-21",35,"Safe"
"10563","QLD","2010-12-22",54,"Safe"
"10564","QLD","2010-12-23",43,"Safe"
"10565","QLD","2010-12-24",63,"MinorHazard"
"10566","QLD","2010-12-25",56,"Safe"
"10567","QLD","2010-12-26",52,"Safe"
"10568","QLD","2010-12-27",65,"MinorHazard"
"10569","QLD","2010-12-28",78,"MinorHazard"
"10570","QLD","2010-12-29",61,"Safe"
"10571","QLD","2010-12-30",52,"Safe"
"10572","QLD","2010-12-31",54,"Safe"
"10573","QLD","2011-01-01",52,"Safe"
"10574","QLD","2011-01-02",41,"Safe"
"10575","QLD","2011-01-03",50,"Safe"
"10576","QLD","2011-01-04",61,"Safe"
"10577","QLD","2011-01-05",39,"Safe"
"10578","QLD","2011-01-06",61,"Safe"
"10579","QLD","2011-01-07",56,"Safe"
"10580","QLD","2011-01-08",37,"Safe"
"10581","QLD","2011-01-09",69,"MinorHazard"
"10582","QLD","2011-01-10",56,"Safe"
"10583","QLD","2011-01-11",54,"Safe"
"10584","QLD","2011-01-12",39,"Safe"
"10585","QLD","2011-01-13",52,"Safe"
"10586","QLD","2011-01-14",41,"Safe"
"10587","QLD","2011-01-15",37,"Safe"
"10588","QLD","2011-01-16",54,"Safe"
"10589","QLD","2011-01-17",39,"Safe"
"10590","QLD","2011-01-18",39,"Safe"
"10591","QLD","2011-01-19",33,"Safe"
"10592","QLD","2011-01-20",56,"Safe"
"10593","QLD","2011-01-21",61,"Safe"
"10594","QLD","2011-01-22",61,"Safe"
"10595","QLD","2011-01-23",56,"Safe"
"10596","QLD","2011-01-24",33,"Safe"
"10597","QLD","2011-01-25",41,"Safe"
"10598","QLD","2011-01-26",46,"Safe"
"10599","QLD","2011-01-27",41,"Safe"
"10600","QLD","2011-01-28",63,"MinorHazard"
"10601","QLD","2011-01-29",61,"Safe"
"10602","QLD","2011-01-30",56,"Safe"
"10603","QLD","2011-01-31",31,"Safe"
"10604","QLD","2011-02-01",48,"Safe"
"10605","QLD","2011-02-02",120,"Damaging"
"10606","QLD","2011-02-03",135,"Destructive"
"10607","QLD","2011-02-04",54,"Safe"
"10608","QLD","2011-02-05",43,"Safe"
"10609","QLD","2011-02-06",48,"Safe"
"10610","QLD","2011-02-07",61,"Safe"
"10611","QLD","2011-02-08",52,"Safe"
"10612","QLD","2011-02-09",57,"Safe"
"10613","QLD","2011-02-10",48,"Safe"
"10614","QLD","2011-02-11",50,"Safe"
"10615","QLD","2011-02-12",37,"Safe"
"10616","QLD","2011-02-13",37,"Safe"
"10617","QLD","2011-02-14",50,"Safe"
"10618","QLD","2011-02-15",56,"Safe"
"10619","QLD","2011-02-16",41,"Safe"
"10620","QLD","2011-02-17",31,"Safe"
"10621","QLD","2011-02-18",37,"Safe"
"10622","QLD","2011-02-19",39,"Safe"
"10623","QLD","2011-02-20",39,"Safe"
"10624","QLD","2011-02-21",67,"MinorHazard"
"10625","QLD","2011-02-22",80,"MinorHazard"
"10626","QLD","2011-02-23",65,"MinorHazard"
"10627","QLD","2011-02-24",57,"Safe"
"10628","QLD","2011-02-25",44,"Safe"
"10629","QLD","2011-02-26",44,"Safe"
"10630","QLD","2011-02-27",41,"Safe"
"10631","QLD","2011-02-28",43,"Safe"
"10632","QLD","2011-03-01",41,"Safe"
"10633","QLD","2011-03-02",56,"Safe"
"10634","QLD","2011-03-03",48,"Safe"
"10635","QLD","2011-03-04",31,"Safe"
"10636","QLD","2011-03-05",80,"MinorHazard"
"10637","QLD","2011-03-06",70,"MinorHazard"
"10638","QLD","2011-03-07",67,"MinorHazard"
"10639","QLD","2011-03-08",54,"Safe"
"10640","QLD","2011-03-09",48,"Safe"
"10641","QLD","2011-03-10",39,"Safe"
"10642","QLD","2011-03-11",39,"Safe"
"10643","QLD","2011-03-12",50,"Safe"
"10644","QLD","2011-03-13",37,"Safe"
"10645","QLD","2011-03-15",41,"Safe"
"10646","QLD","2011-03-16",41,"Safe"
"10647","QLD","2011-03-17",41,"Safe"
"10648","QLD","2011-03-18",30,"Safe"
"10649","QLD","2011-03-19",52,"Safe"
"10650","QLD","2011-03-20",44,"Safe"
"10651","QLD","2011-03-21",39,"Safe"
"10652","QLD","2011-03-22",31,"Safe"
"10653","QLD","2011-03-23",41,"Safe"
"10654","QLD","2011-03-24",50,"Safe"
"10655","QLD","2011-03-25",41,"Safe"
"10656","QLD","2011-03-26",56,"Safe"
"10657","QLD","2011-03-27",61,"Safe"
"10658","QLD","2011-03-28",59,"Safe"
"10659","QLD","2011-03-29",56,"Safe"
"10660","QLD","2011-03-30",44,"Safe"
"10661","QLD","2011-03-31",39,"Safe"
"10662","QLD","2011-05-01",33,"Safe"
"10663","QLD","2011-05-02",35,"Safe"
"10664","QLD","2011-05-03",37,"Safe"
"10665","QLD","2011-05-04",37,"Safe"
"10666","QLD","2011-05-05",59,"Safe"
"10667","QLD","2011-05-06",54,"Safe"
"10668","QLD","2011-05-07",37,"Safe"
"10669","QLD","2011-05-08",28,"Safe"
"10670","QLD","2011-05-09",31,"Safe"
"10671","QLD","2011-05-10",50,"Safe"
"10672","QLD","2011-05-11",41,"Safe"
"10673","QLD","2011-05-12",50,"Safe"
"10674","QLD","2011-05-13",35,"Safe"
"10675","QLD","2011-05-14",37,"Safe"
"10676","QLD","2011-05-15",52,"Safe"
"10677","QLD","2011-05-16",48,"Safe"
"10678","QLD","2011-05-17",52,"Safe"
"10679","QLD","2011-05-18",52,"Safe"
"10680","QLD","2011-05-19",52,"Safe"
"10681","QLD","2011-05-20",48,"Safe"
"10682","QLD","2011-05-21",48,"Safe"
"10683","QLD","2011-05-22",39,"Safe"
"10684","QLD","2011-05-23",57,"Safe"
"10685","QLD","2011-05-24",48,"Safe"
"10686","QLD","2011-05-25",46,"Safe"
"10687","QLD","2011-05-26",39,"Safe"
"10688","QLD","2011-05-27",37,"Safe"
"10689","QLD","2011-05-28",50,"Safe"
"10690","QLD","2011-05-29",46,"Safe"
"10691","QLD","2011-05-30",33,"Safe"
"10692","QLD","2011-05-31",54,"Safe"
"10693","QLD","2011-06-01",33,"Safe"
"10694","QLD","2011-06-02",59,"Safe"
"10695","QLD","2011-06-03",31,"Safe"
"10696","QLD","2011-06-04",30,"Safe"
"10697","QLD","2011-06-05",30,"Safe"
"10698","QLD","2011-06-06",31,"Safe"
"10699","QLD","2011-06-08",31,"Safe"
"10700","QLD","2011-06-09",33,"Safe"
"10701","QLD","2011-06-10",43,"Safe"
"10702","QLD","2011-06-11",44,"Safe"
"10703","QLD","2011-06-12",39,"Safe"
"10704","QLD","2011-06-13",46,"Safe"
"10705","QLD","2011-06-14",46,"Safe"
"10706","QLD","2011-06-15",56,"Safe"
"10707","QLD","2011-06-16",33,"Safe"
"10708","QLD","2011-06-17",50,"Safe"
"10709","QLD","2011-06-18",39,"Safe"
"10710","QLD","2011-06-19",37,"Safe"
"10711","QLD","2011-06-20",30,"Safe"
"10712","QLD","2011-06-21",35,"Safe"
"10713","QLD","2011-06-22",41,"Safe"
"10714","QLD","2011-06-23",54,"Safe"
"10715","QLD","2011-06-24",48,"Safe"
"10716","QLD","2011-06-25",54,"Safe"
"10717","QLD","2011-06-26",46,"Safe"
"10718","QLD","2011-06-27",52,"Safe"
"10719","QLD","2011-06-28",54,"Safe"
"10720","QLD","2011-06-29",70,"MinorHazard"
"10721","QLD","2011-06-30",72,"MinorHazard"
"10722","QLD","2011-07-01",54,"Safe"
"10723","QLD","2011-07-02",46,"Safe"
"10724","QLD","2011-07-03",37,"Safe"
"10725","QLD","2011-07-04",39,"Safe"
"10726","QLD","2011-07-05",54,"Safe"
"10727","QLD","2011-07-06",39,"Safe"
"10728","QLD","2011-07-07",57,"Safe"
"10729","QLD","2011-07-08",37,"Safe"
"10730","QLD","2011-07-09",41,"Safe"
"10731","QLD","2011-07-10",44,"Safe"
"10732","QLD","2011-07-11",52,"Safe"
"10733","QLD","2011-07-12",48,"Safe"
"10734","QLD","2011-07-13",48,"Safe"
"10735","QLD","2011-07-15",69,"MinorHazard"
"10736","QLD","2011-07-16",48,"Safe"
"10737","QLD","2011-07-17",43,"Safe"
"10738","QLD","2011-07-18",39,"Safe"
"10739","QLD","2011-07-19",41,"Safe"
"10740","QLD","2011-07-20",57,"Safe"
"10741","QLD","2011-07-21",33,"Safe"
"10742","QLD","2011-07-22",46,"Safe"
"10743","QLD","2011-07-23",46,"Safe"
"10744","QLD","2011-07-24",33,"Safe"
"10745","QLD","2011-07-25",39,"Safe"
"10746","QLD","2011-07-26",46,"Safe"
"10747","QLD","2011-07-27",43,"Safe"
"10748","QLD","2011-07-28",50,"Safe"
"10749","QLD","2011-07-29",52,"Safe"
"10750","QLD","2011-07-30",41,"Safe"
"10751","QLD","2011-07-31",44,"Safe"
"10752","QLD","2011-08-01",56,"Safe"
"10753","QLD","2011-08-02",56,"Safe"
"10754","QLD","2011-08-03",52,"Safe"
"10755","QLD","2011-08-04",54,"Safe"
"10756","QLD","2011-08-05",57,"Safe"
"10757","QLD","2011-08-06",43,"Safe"
"10758","QLD","2011-08-07",37,"Safe"
"10759","QLD","2011-08-08",50,"Safe"
"10760","QLD","2011-08-09",44,"Safe"
"10761","QLD","2011-08-10",46,"Safe"
"10762","QLD","2011-08-11",37,"Safe"
"10763","QLD","2011-08-12",43,"Safe"
"10764","QLD","2011-08-13",43,"Safe"
"10765","QLD","2011-08-14",41,"Safe"
"10766","QLD","2011-08-15",41,"Safe"
"10767","QLD","2011-08-16",39,"Safe"
"10768","QLD","2011-08-17",43,"Safe"
"10769","QLD","2011-08-18",59,"Safe"
"10770","QLD","2011-08-19",41,"Safe"
"10771","QLD","2011-08-20",61,"Safe"
"10772","QLD","2011-08-21",76,"MinorHazard"
"10773","QLD","2011-08-22",81,"MinorHazard"
"10774","QLD","2011-08-23",93,"Damaging"
"10775","QLD","2011-08-24",61,"Safe"
"10776","QLD","2011-08-25",48,"Safe"
"10777","QLD","2011-08-26",39,"Safe"
"10778","QLD","2011-08-27",41,"Safe"
"10779","QLD","2011-08-28",35,"Safe"
"10780","QLD","2011-08-29",35,"Safe"
"10781","QLD","2011-08-30",35,"Safe"
"10782","QLD","2011-08-31",43,"Safe"
"10783","QLD","2011-09-01",52,"Safe"
"10784","QLD","2011-09-02",61,"Safe"
"10785","QLD","2011-09-03",57,"Safe"
"10786","QLD","2011-09-04",54,"Safe"
"10787","QLD","2011-09-05",43,"Safe"
"10788","QLD","2011-09-06",44,"Safe"
"10789","QLD","2011-09-07",41,"Safe"
"10790","QLD","2011-09-08",35,"Safe"
"10791","QLD","2011-09-09",67,"MinorHazard"
"10792","QLD","2011-09-10",61,"Safe"
"10793","QLD","2011-09-11",48,"Safe"
"10794","QLD","2011-09-12",50,"Safe"
"10795","QLD","2011-09-13",59,"Safe"
"10796","QLD","2011-09-14",56,"Safe"
"10797","QLD","2011-09-15",48,"Safe"
"10798","QLD","2011-09-16",52,"Safe"
"10799","QLD","2011-09-17",48,"Safe"
"10800","QLD","2011-09-18",46,"Safe"
"10801","QLD","2011-09-19",39,"Safe"
"10802","QLD","2011-09-20",48,"Safe"
"10803","QLD","2011-09-21",54,"Safe"
"10804","QLD","2011-09-22",46,"Safe"
"10805","QLD","2011-09-23",43,"Safe"
"10806","QLD","2011-09-24",44,"Safe"
"10807","QLD","2011-09-25",50,"Safe"
"10808","QLD","2011-09-26",59,"Safe"
"10809","QLD","2011-09-27",50,"Safe"
"10810","QLD","2011-09-28",43,"Safe"
"10811","QLD","2011-09-29",52,"Safe"
"10812","QLD","2011-09-30",39,"Safe"
"10813","QLD","2011-10-01",76,"MinorHazard"
"10814","QLD","2011-10-02",56,"Safe"
"10815","QLD","2011-10-03",63,"MinorHazard"
"10816","QLD","2011-10-04",61,"Safe"
"10817","QLD","2011-10-05",43,"Safe"
"10818","QLD","2011-10-06",39,"Safe"
"10819","QLD","2011-10-07",35,"Safe"
"10820","QLD","2011-10-08",59,"Safe"
"10821","QLD","2011-10-09",35,"Safe"
"10822","QLD","2011-10-10",43,"Safe"
"10823","QLD","2011-10-11",41,"Safe"
"10824","QLD","2011-10-12",37,"Safe"
"10825","QLD","2011-10-13",54,"Safe"
"10826","QLD","2011-10-14",37,"Safe"
"10827","QLD","2011-10-15",59,"Safe"
"10828","QLD","2011-10-16",35,"Safe"
"10829","QLD","2011-10-17",69,"MinorHazard"
"10830","QLD","2011-10-18",63,"MinorHazard"
"10831","QLD","2011-10-19",54,"Safe"
"10832","QLD","2011-10-20",57,"Safe"
"10833","QLD","2011-10-21",56,"Safe"
"10834","QLD","2011-10-22",48,"Safe"
"10835","QLD","2011-10-23",46,"Safe"
"10836","QLD","2011-10-24",39,"Safe"
"10837","QLD","2011-10-25",48,"Safe"
"10838","QLD","2011-10-26",52,"Safe"
"10839","QLD","2011-10-27",61,"Safe"
"10840","QLD","2011-10-28",41,"Safe"
"10841","QLD","2011-10-29",37,"Safe"
"10842","QLD","2011-10-30",39,"Safe"
"10843","QLD","2011-10-31",63,"MinorHazard"
"10844","QLD","2011-11-01",46,"Safe"
"10845","QLD","2011-11-02",44,"Safe"
"10846","QLD","2011-11-03",44,"Safe"
"10847","QLD","2011-11-04",43,"Safe"
"10848","QLD","2011-11-05",44,"Safe"
"10849","QLD","2011-11-06",39,"Safe"
"10850","QLD","2011-11-07",41,"Safe"
"10851","QLD","2011-11-08",46,"Safe"
"10852","QLD","2011-11-09",50,"Safe"
"10853","QLD","2011-11-10",41,"Safe"
"10854","QLD","2011-11-11",46,"Safe"
"10855","QLD","2011-11-12",43,"Safe"
"10856","QLD","2011-11-13",43,"Safe"
"10857","QLD","2011-11-14",50,"Safe"
"10858","QLD","2011-11-15",41,"Safe"
"10859","QLD","2011-11-16",46,"Safe"
"10860","QLD","2011-11-17",43,"Safe"
"10861","QLD","2011-11-18",44,"Safe"
"10862","QLD","2011-11-19",46,"Safe"
"10863","QLD","2011-11-20",44,"Safe"
"10864","QLD","2011-11-21",43,"Safe"
"10865","QLD","2011-11-22",39,"Safe"
"10866","QLD","2011-11-23",41,"Safe"
"10867","QLD","2011-11-24",43,"Safe"
"10868","QLD","2011-11-25",39,"Safe"
"10869","QLD","2011-11-26",37,"Safe"
"10870","QLD","2011-11-27",39,"Safe"
"10871","QLD","2011-11-29",48,"Safe"
"10872","QLD","2011-11-30",43,"Safe"
"10873","QLD","2011-12-01",80,"MinorHazard"
"10874","QLD","2011-12-02",69,"MinorHazard"
"10875","QLD","2011-12-03",52,"Safe"
"10876","QLD","2011-12-04",50,"Safe"
"10877","QLD","2011-12-05",67,"MinorHazard"
"10878","QLD","2011-12-06",56,"Safe"
"10879","QLD","2011-12-07",44,"Safe"
"10880","QLD","2011-12-08",61,"Safe"
"10881","QLD","2011-12-09",52,"Safe"
"10882","QLD","2011-12-10",37,"Safe"
"10883","QLD","2011-12-11",59,"Safe"
"10884","QLD","2011-12-12",59,"Safe"
"10885","QLD","2011-12-13",39,"Safe"
"10886","QLD","2011-12-14",50,"Safe"
"10887","QLD","2011-12-15",54,"Safe"
"10888","QLD","2011-12-16",59,"Safe"
"10889","QLD","2011-12-17",57,"Safe"
"10890","QLD","2011-12-18",48,"Safe"
"10891","QLD","2011-12-19",41,"Safe"
"10892","QLD","2011-12-20",41,"Safe"
"10893","QLD","2011-12-21",46,"Safe"
"10894","QLD","2011-12-22",46,"Safe"
"10895","QLD","2011-12-23",48,"Safe"
"10896","QLD","2011-12-24",54,"Safe"
"10897","QLD","2011-12-25",57,"Safe"
"10898","QLD","2011-12-26",46,"Safe"
"10899","QLD","2011-12-27",93,"Damaging"
"10900","QLD","2011-12-28",59,"Safe"
"10901","QLD","2011-12-29",59,"Safe"
"10902","QLD","2011-12-30",63,"MinorHazard"
"10903","QLD","2011-12-31",54,"Safe"
"10904","QLD","2012-01-01",50,"Safe"
"10905","QLD","2012-01-02",43,"Safe"
"10906","QLD","2012-01-03",44,"Safe"
"10907","QLD","2012-01-04",39,"Safe"
"10908","QLD","2012-01-05",35,"Safe"
"10909","QLD","2012-01-06",35,"Safe"
"10910","QLD","2012-01-07",50,"Safe"
"10911","QLD","2012-01-08",48,"Safe"
"10912","QLD","2012-01-09",44,"Safe"
"10913","QLD","2012-01-10",46,"Safe"
"10914","QLD","2012-01-11",44,"Safe"
"10915","QLD","2012-01-12",69,"MinorHazard"
"10916","QLD","2012-01-13",33,"Safe"
"10917","QLD","2012-01-14",37,"Safe"
"10918","QLD","2012-01-15",80,"MinorHazard"
"10919","QLD","2012-01-16",70,"MinorHazard"
"10920","QLD","2012-01-17",61,"Safe"
"10921","QLD","2012-01-18",48,"Safe"
"10922","QLD","2012-01-19",59,"Safe"
"10923","QLD","2012-01-20",54,"Safe"
"10924","QLD","2012-01-21",52,"Safe"
"10925","QLD","2012-01-22",65,"MinorHazard"
"10926","QLD","2012-01-23",63,"MinorHazard"
"10927","QLD","2012-01-24",67,"MinorHazard"
"10928","QLD","2012-01-25",57,"Safe"
"10929","QLD","2012-01-26",52,"Safe"
"10930","QLD","2012-01-27",50,"Safe"
"10931","QLD","2012-01-28",50,"Safe"
"10932","QLD","2012-01-29",43,"Safe"
"10933","QLD","2012-01-30",48,"Safe"
"10934","QLD","2012-02-01",50,"Safe"
"10935","QLD","2012-02-02",43,"Safe"
"10936","QLD","2012-02-03",46,"Safe"
"10937","QLD","2012-02-04",54,"Safe"
"10938","QLD","2012-02-05",30,"Safe"
"10939","QLD","2012-02-06",37,"Safe"
"10940","QLD","2012-02-07",54,"Safe"
"10941","QLD","2012-02-08",57,"Safe"
"10942","QLD","2012-02-09",65,"MinorHazard"
"10943","QLD","2012-02-10",35,"Safe"
"10944","QLD","2012-02-11",30,"Safe"
"10945","QLD","2012-02-12",43,"Safe"
"10946","QLD","2012-02-13",44,"Safe"
"10947","QLD","2012-02-14",57,"Safe"
"10948","QLD","2012-02-15",57,"Safe"
"10949","QLD","2012-02-16",57,"Safe"
"10950","QLD","2012-02-17",44,"Safe"
"10951","QLD","2012-02-18",52,"Safe"
"10952","QLD","2012-02-19",41,"Safe"
"10953","QLD","2012-02-20",43,"Safe"
"10954","QLD","2012-02-21",54,"Safe"
"10955","QLD","2012-02-22",44,"Safe"
"10956","QLD","2012-02-23",44,"Safe"
"10957","QLD","2012-02-24",63,"MinorHazard"
"10958","QLD","2012-02-25",61,"Safe"
"10959","QLD","2012-02-26",46,"Safe"
"10960","QLD","2012-02-27",39,"Safe"
"10961","QLD","2012-02-28",46,"Safe"
"10962","QLD","2012-02-29",43,"Safe"
"10963","QLD","2012-03-01",50,"Safe"
"10964","QLD","2012-03-02",48,"Safe"
"10965","QLD","2012-03-03",52,"Safe"
"10966","QLD","2012-03-04",39,"Safe"
"10967","QLD","2012-03-05",37,"Safe"
"10968","QLD","2012-03-06",69,"MinorHazard"
"10969","QLD","2012-03-07",54,"Safe"
"10970","QLD","2012-03-08",41,"Safe"
"10971","QLD","2012-03-09",39,"Safe"
"10972","QLD","2012-03-10",41,"Safe"
"10973","QLD","2012-03-11",43,"Safe"
"10974","QLD","2012-03-12",54,"Safe"
"10975","QLD","2012-03-13",46,"Safe"
"10976","QLD","2012-03-14",48,"Safe"
"10977","QLD","2012-03-15",46,"Safe"
"10978","QLD","2012-03-16",37,"Safe"
"10979","QLD","2012-03-17",39,"Safe"
"10980","QLD","2012-03-18",72,"MinorHazard"
"10981","QLD","2012-03-19",61,"Safe"
"10982","QLD","2012-03-20",111,"Damaging"
"10983","QLD","2012-03-21",52,"Safe"
"10984","QLD","2012-03-22",57,"Safe"
"10985","QLD","2012-03-23",37,"Safe"
"10986","QLD","2012-03-24",54,"Safe"
"10987","QLD","2012-03-25",52,"Safe"
"10988","QLD","2012-03-26",54,"Safe"
"10989","QLD","2012-03-27",70,"MinorHazard"
"10990","QLD","2012-03-28",57,"Safe"
"10991","QLD","2012-03-29",56,"Safe"
"10992","QLD","2012-03-30",44,"Safe"
"10993","QLD","2012-03-31",54,"Safe"
"10994","QLD","2012-04-01",50,"Safe"
"10995","QLD","2012-04-02",52,"Safe"
"10996","QLD","2012-04-03",50,"Safe"
"10997","QLD","2012-04-04",48,"Safe"
"10998","QLD","2012-04-05",50,"Safe"
"10999","QLD","2012-04-06",41,"Safe"
"11000","QLD","2012-04-07",37,"Safe"
"11001","QLD","2012-04-08",39,"Safe"
"11002","QLD","2012-04-09",39,"Safe"
"11003","QLD","2012-04-10",83,"MinorHazard"
"11004","QLD","2012-04-11",67,"MinorHazard"
"11005","QLD","2012-04-12",67,"MinorHazard"
"11006","QLD","2012-04-13",63,"MinorHazard"
"11007","QLD","2012-04-14",46,"Safe"
"11008","QLD","2012-04-15",54,"Safe"
"11009","QLD","2012-04-16",44,"Safe"
"11010","QLD","2012-04-17",52,"Safe"
"11011","QLD","2012-04-18",57,"Safe"
"11012","QLD","2012-04-19",39,"Safe"
"11013","QLD","2012-04-20",52,"Safe"
"11014","QLD","2012-04-21",33,"Safe"
"11015","QLD","2012-04-22",31,"Safe"
"11016","QLD","2012-04-23",37,"Safe"
"11017","QLD","2012-04-24",31,"Safe"
"11018","QLD","2012-04-25",39,"Safe"
"11019","QLD","2012-04-26",35,"Safe"
"11020","QLD","2012-04-27",44,"Safe"
"11021","QLD","2012-04-28",54,"Safe"
"11022","QLD","2012-04-29",56,"Safe"
"11023","QLD","2012-04-30",57,"Safe"
"11024","QLD","2012-05-01",50,"Safe"
"11025","QLD","2012-05-02",46,"Safe"
"11026","QLD","2012-05-03",48,"Safe"
"11027","QLD","2012-05-04",48,"Safe"
"11028","QLD","2012-05-05",39,"Safe"
"11029","QLD","2012-05-06",41,"Safe"
"11030","QLD","2012-05-07",39,"Safe"
"11031","QLD","2012-05-08",39,"Safe"
"11032","QLD","2012-05-09",46,"Safe"
"11033","QLD","2012-05-10",56,"Safe"
"11034","QLD","2012-05-11",35,"Safe"
"11035","QLD","2012-05-12",37,"Safe"
"11036","QLD","2012-05-13",52,"Safe"
"11037","QLD","2012-05-14",46,"Safe"
"11038","QLD","2012-05-15",50,"Safe"
"11039","QLD","2012-05-16",41,"Safe"
"11040","QLD","2012-05-17",52,"Safe"
"11041","QLD","2012-05-18",50,"Safe"
"11042","QLD","2012-05-19",48,"Safe"
"11043","QLD","2012-05-20",52,"Safe"
"11044","QLD","2012-05-21",48,"Safe"
"11045","QLD","2012-05-22",46,"Safe"
"11046","QLD","2012-05-23",44,"Safe"
"11047","QLD","2012-05-24",39,"Safe"
"11048","QLD","2012-05-25",65,"MinorHazard"
"11049","QLD","2012-05-26",41,"Safe"
"11050","QLD","2012-05-27",39,"Safe"
"11051","QLD","2012-05-28",59,"Safe"
"11052","QLD","2012-05-29",56,"Safe"
"11053","QLD","2012-05-30",72,"MinorHazard"
"11054","QLD","2012-05-31",65,"MinorHazard"
"11055","QLD","2012-06-01",56,"Safe"
"11056","QLD","2012-06-02",50,"Safe"
"11057","QLD","2012-06-03",39,"Safe"
"11058","QLD","2012-06-04",50,"Safe"
"11059","QLD","2012-06-05",56,"Safe"
"11060","QLD","2012-06-06",46,"Safe"
"11061","QLD","2012-06-07",48,"Safe"
"11062","QLD","2012-06-08",56,"Safe"
"11063","QLD","2012-06-09",50,"Safe"
"11064","QLD","2012-06-10",48,"Safe"
"11065","QLD","2012-06-11",80,"MinorHazard"
"11066","QLD","2012-06-12",59,"Safe"
"11067","QLD","2012-06-13",52,"Safe"
"11068","QLD","2012-06-14",31,"Safe"
"11069","QLD","2012-06-15",33,"Safe"
"11070","QLD","2012-06-16",35,"Safe"
"11071","QLD","2012-06-17",39,"Safe"
"11072","QLD","2012-06-18",44,"Safe"
"11073","QLD","2012-06-19",41,"Safe"
"11074","QLD","2012-06-20",48,"Safe"
"11075","QLD","2012-06-21",39,"Safe"
"11076","QLD","2012-06-22",37,"Safe"
"11077","QLD","2012-06-23",41,"Safe"
"11078","QLD","2012-06-24",41,"Safe"
"11079","QLD","2012-06-25",41,"Safe"
"11080","QLD","2012-06-26",48,"Safe"
"11081","QLD","2012-06-27",74,"MinorHazard"
"11082","QLD","2012-06-28",65,"MinorHazard"
"11083","QLD","2012-06-29",65,"MinorHazard"
"11084","QLD","2012-06-30",26,"Safe"
"11085","QLD","2012-07-01",31,"Safe"
"11086","QLD","2012-07-02",43,"Safe"
"11087","QLD","2012-07-03",46,"Safe"
"11088","QLD","2012-07-04",43,"Safe"
"11089","QLD","2012-07-05",52,"Safe"
"11090","QLD","2012-07-06",63,"MinorHazard"
"11091","QLD","2012-07-07",54,"Safe"
"11092","QLD","2012-07-08",52,"Safe"
"11093","QLD","2012-07-09",61,"Safe"
"11094","QLD","2012-07-10",54,"Safe"
"11095","QLD","2012-07-11",52,"Safe"
"11096","QLD","2012-07-12",43,"Safe"
"11097","QLD","2012-07-13",35,"Safe"
"11098","QLD","2012-07-14",33,"Safe"
"11099","QLD","2012-07-15",50,"Safe"
"11100","QLD","2012-07-16",52,"Safe"
"11101","QLD","2012-07-17",52,"Safe"
"11102","QLD","2012-07-18",31,"Safe"
"11103","QLD","2012-07-19",43,"Safe"
"11104","QLD","2012-07-20",44,"Safe"
"11105","QLD","2012-07-21",63,"MinorHazard"
"11106","QLD","2012-07-22",54,"Safe"
"11107","QLD","2012-07-23",56,"Safe"
"11108","QLD","2012-07-24",46,"Safe"
"11109","QLD","2012-07-25",41,"Safe"
"11110","QLD","2012-07-26",33,"Safe"
"11111","QLD","2012-07-27",50,"Safe"
"11112","QLD","2012-07-28",54,"Safe"
"11113","QLD","2012-07-29",41,"Safe"
"11114","QLD","2012-07-30",39,"Safe"
"11115","QLD","2012-07-31",48,"Safe"
"11116","QLD","2012-08-01",39,"Safe"
"11117","QLD","2012-08-02",37,"Safe"
"11118","QLD","2012-08-03",48,"Safe"
"11119","QLD","2012-08-04",31,"Safe"
"11120","QLD","2012-08-05",37,"Safe"
"11121","QLD","2012-08-06",41,"Safe"
"11122","QLD","2012-08-08",48,"Safe"
"11123","QLD","2012-08-09",35,"Safe"
"11124","QLD","2012-08-10",50,"Safe"
"11125","QLD","2012-08-11",54,"Safe"
"11126","QLD","2012-08-12",59,"Safe"
"11127","QLD","2012-08-13",48,"Safe"
"11128","QLD","2012-08-14",46,"Safe"
"11129","QLD","2012-08-15",41,"Safe"
"11130","QLD","2012-08-17",50,"Safe"
"11131","QLD","2012-08-18",61,"Safe"
"11132","QLD","2012-08-19",33,"Safe"
"11133","QLD","2012-08-20",46,"Safe"
"11134","QLD","2012-08-21",37,"Safe"
"11135","QLD","2012-08-22",35,"Safe"
"11136","QLD","2012-08-23",48,"Safe"
"11137","QLD","2012-08-24",41,"Safe"
"11138","QLD","2012-08-25",31,"Safe"
"11139","QLD","2012-08-26",31,"Safe"
"11140","QLD","2012-08-27",57,"Safe"
"11141","QLD","2012-08-28",43,"Safe"
"11142","QLD","2012-08-29",41,"Safe"
"11143","QLD","2012-08-30",43,"Safe"
"11144","QLD","2012-08-31",39,"Safe"
"11145","QLD","2012-09-01",48,"Safe"
"11146","QLD","2012-09-02",48,"Safe"
"11147","QLD","2012-09-03",41,"Safe"
"11148","QLD","2012-09-04",48,"Safe"
"11149","QLD","2012-09-05",46,"Safe"
"11150","QLD","2012-09-06",48,"Safe"
"11151","QLD","2012-09-07",41,"Safe"
"11152","QLD","2012-09-08",39,"Safe"
"11153","QLD","2012-09-09",44,"Safe"
"11154","QLD","2012-09-10",50,"Safe"
"11155","QLD","2012-09-11",50,"Safe"
"11156","QLD","2012-09-12",46,"Safe"
"11157","QLD","2012-09-13",57,"Safe"
"11158","QLD","2012-09-14",59,"Safe"
"11159","QLD","2012-09-15",43,"Safe"
"11160","QLD","2012-09-16",37,"Safe"
"11161","QLD","2012-09-17",54,"Safe"
"11162","QLD","2012-09-18",33,"Safe"
"11163","QLD","2012-09-19",43,"Safe"
"11164","QLD","2012-09-20",33,"Safe"
"11165","QLD","2012-09-21",37,"Safe"
"11166","QLD","2012-09-22",35,"Safe"
"11167","QLD","2012-09-23",31,"Safe"
"11168","QLD","2012-09-24",70,"MinorHazard"
"11169","QLD","2012-09-25",52,"Safe"
"11170","QLD","2012-09-26",44,"Safe"
"11171","QLD","2012-09-27",43,"Safe"
"11172","QLD","2012-09-28",50,"Safe"
"11173","QLD","2012-09-29",44,"Safe"
"11174","QLD","2012-09-30",37,"Safe"
"11175","QLD","2012-10-01",44,"Safe"
"11176","QLD","2012-10-02",61,"Safe"
"11177","QLD","2012-10-03",54,"Safe"
"11178","QLD","2012-10-04",56,"Safe"
"11179","QLD","2012-10-05",52,"Safe"
"11180","QLD","2012-10-06",46,"Safe"
"11181","QLD","2012-10-07",72,"MinorHazard"
"11182","QLD","2012-10-08",44,"Safe"
"11183","QLD","2012-10-09",39,"Safe"
"11184","QLD","2012-10-10",41,"Safe"
"11185","QLD","2012-10-11",57,"Safe"
"11186","QLD","2012-10-12",80,"MinorHazard"
"11187","QLD","2012-10-13",44,"Safe"
"11188","QLD","2012-10-14",67,"MinorHazard"
"11189","QLD","2012-10-15",61,"Safe"
"11190","QLD","2012-10-16",50,"Safe"
"11191","QLD","2012-10-17",44,"Safe"
"11192","QLD","2012-10-18",48,"Safe"
"11193","QLD","2012-10-19",50,"Safe"
"11194","QLD","2012-10-20",48,"Safe"
"11195","QLD","2012-10-21",46,"Safe"
"11196","QLD","2012-10-22",81,"MinorHazard"
"11197","QLD","2012-10-23",78,"MinorHazard"
"11198","QLD","2012-10-24",63,"MinorHazard"
"11199","QLD","2012-10-25",44,"Safe"
"11200","QLD","2012-10-26",41,"Safe"
"11201","QLD","2012-10-27",70,"MinorHazard"
"11202","QLD","2012-10-28",65,"MinorHazard"
"11203","QLD","2012-10-29",48,"Safe"
"11204","QLD","2012-10-30",39,"Safe"
"11205","QLD","2012-10-31",39,"Safe"
"11206","QLD","2012-11-01",54,"Safe"
"11207","QLD","2012-11-02",74,"MinorHazard"
"11208","QLD","2012-11-03",46,"Safe"
"11209","QLD","2012-11-04",39,"Safe"
"11210","QLD","2012-11-05",43,"Safe"
"11211","QLD","2012-11-06",41,"Safe"
"11212","QLD","2012-11-07",39,"Safe"
"11213","QLD","2012-11-08",44,"Safe"
"11214","QLD","2012-11-09",43,"Safe"
"11215","QLD","2012-11-10",52,"Safe"
"11216","QLD","2012-11-11",72,"MinorHazard"
"11217","QLD","2012-11-12",54,"Safe"
"11218","QLD","2012-11-13",57,"Safe"
"11219","QLD","2012-11-14",48,"Safe"
"11220","QLD","2012-11-15",43,"Safe"
"11221","QLD","2012-11-16",50,"Safe"
"11222","QLD","2012-11-17",70,"MinorHazard"
"11223","QLD","2012-11-18",35,"Safe"
"11224","QLD","2012-11-19",59,"Safe"
"11225","QLD","2012-11-20",65,"MinorHazard"
"11226","QLD","2012-11-21",52,"Safe"
"11227","QLD","2012-11-22",41,"Safe"
"11228","QLD","2012-11-23",33,"Safe"
"11229","QLD","2012-11-24",37,"Safe"
"11230","QLD","2012-11-25",39,"Safe"
"11231","QLD","2012-11-26",44,"Safe"
"11232","QLD","2012-11-27",44,"Safe"
"11233","QLD","2012-11-28",41,"Safe"
"11234","QLD","2012-11-29",41,"Safe"
"11235","QLD","2012-11-30",44,"Safe"
"11236","QLD","2013-01-01",48,"Safe"
"11237","QLD","2013-01-02",57,"Safe"
"11238","QLD","2013-01-03",61,"Safe"
"11239","QLD","2013-01-04",50,"Safe"
"11240","QLD","2013-01-05",48,"Safe"
"11241","QLD","2013-01-06",54,"Safe"
"11242","QLD","2013-01-07",50,"Safe"
"11243","QLD","2013-01-08",48,"Safe"
"11244","QLD","2013-01-09",59,"Safe"
"11245","QLD","2013-01-10",46,"Safe"
"11246","QLD","2013-01-11",41,"Safe"
"11247","QLD","2013-01-12",50,"Safe"
"11248","QLD","2013-01-13",44,"Safe"
"11249","QLD","2013-01-14",63,"MinorHazard"
"11250","QLD","2013-01-15",57,"Safe"
"11251","QLD","2013-01-16",46,"Safe"
"11252","QLD","2013-01-17",33,"Safe"
"11253","QLD","2013-01-18",52,"Safe"
"11254","QLD","2013-01-19",48,"Safe"
"11255","QLD","2013-01-20",54,"Safe"
"11256","QLD","2013-01-21",57,"Safe"
"11257","QLD","2013-01-22",63,"MinorHazard"
"11258","QLD","2013-01-23",69,"MinorHazard"
"11259","QLD","2013-01-24",59,"Safe"
"11260","QLD","2013-01-25",56,"Safe"
"11261","QLD","2013-01-26",57,"Safe"
"11262","QLD","2013-01-27",94,"Damaging"
"11263","QLD","2013-01-28",98,"Damaging"
"11264","QLD","2013-01-29",39,"Safe"
"11265","QLD","2013-01-31",31,"Safe"
"11266","QLD","2013-03-01",48,"Safe"
"11267","QLD","2013-03-02",50,"Safe"
"11268","QLD","2013-03-03",67,"MinorHazard"
"11269","QLD","2013-03-04",59,"Safe"
"11270","QLD","2013-03-05",63,"MinorHazard"
"11271","QLD","2013-03-06",63,"MinorHazard"
"11272","QLD","2013-03-08",57,"Safe"
"11273","QLD","2013-03-09",63,"MinorHazard"
"11274","QLD","2013-03-10",56,"Safe"
"11275","QLD","2013-03-11",54,"Safe"
"11276","QLD","2013-03-12",61,"Safe"
"11277","QLD","2013-03-13",63,"MinorHazard"
"11278","QLD","2013-03-14",54,"Safe"
"11279","QLD","2013-03-15",52,"Safe"
"11280","QLD","2013-03-16",35,"Safe"
"11281","QLD","2013-03-17",76,"MinorHazard"
"11282","QLD","2013-03-18",57,"Safe"
"11283","QLD","2013-03-19",56,"Safe"
"11284","QLD","2013-03-20",57,"Safe"
"11285","QLD","2013-03-21",41,"Safe"
"11286","QLD","2013-03-22",63,"MinorHazard"
"11287","QLD","2013-03-23",50,"Safe"
"11288","QLD","2013-03-24",52,"Safe"
"11289","QLD","2013-03-25",54,"Safe"
"11290","QLD","2013-03-26",52,"Safe"
"11291","QLD","2013-03-27",44,"Safe"
"11292","QLD","2013-03-28",43,"Safe"
"11293","QLD","2013-03-29",50,"Safe"
"11294","QLD","2013-03-30",48,"Safe"
"11295","QLD","2013-03-31",41,"Safe"
"11296","QLD","2013-04-01",39,"Safe"
"11297","QLD","2013-04-02",35,"Safe"
"11298","QLD","2013-04-03",74,"MinorHazard"
"11299","QLD","2013-04-04",74,"MinorHazard"
"11300","QLD","2013-04-05",67,"MinorHazard"
"11301","QLD","2013-04-06",54,"Safe"
"11302","QLD","2013-04-07",59,"Safe"
"11303","QLD","2013-04-08",54,"Safe"
"11304","QLD","2013-04-09",50,"Safe"
"11305","QLD","2013-04-10",61,"Safe"
"11306","QLD","2013-04-11",65,"MinorHazard"
"11307","QLD","2013-04-12",74,"MinorHazard"
"11308","QLD","2013-04-13",70,"MinorHazard"
"11309","QLD","2013-04-14",39,"Safe"
"11310","QLD","2013-04-15",33,"Safe"
"11311","QLD","2013-04-16",65,"MinorHazard"
"11312","QLD","2013-04-17",31,"Safe"
"11313","QLD","2013-04-18",35,"Safe"
"11314","QLD","2013-04-19",37,"Safe"
"11315","QLD","2013-04-20",31,"Safe"
"11316","QLD","2013-04-21",44,"Safe"
"11317","QLD","2013-04-22",35,"Safe"
"11318","QLD","2013-04-23",30,"Safe"
"11319","QLD","2013-04-24",33,"Safe"
"11320","QLD","2013-04-25",35,"Safe"
"11321","QLD","2013-04-26",54,"Safe"
"11322","QLD","2013-04-27",48,"Safe"
"11323","QLD","2013-04-28",43,"Safe"
"11324","QLD","2013-04-29",48,"Safe"
"11325","QLD","2013-04-30",52,"Safe"
"11326","QLD","2013-05-01",54,"Safe"
"11327","QLD","2013-05-02",69,"MinorHazard"
"11328","QLD","2013-05-03",48,"Safe"
"11329","QLD","2013-05-04",43,"Safe"
"11330","QLD","2013-05-05",41,"Safe"
"11331","QLD","2013-05-06",52,"Safe"
"11332","QLD","2013-05-07",54,"Safe"
"11333","QLD","2013-05-08",52,"Safe"
"11334","QLD","2013-05-09",54,"Safe"
"11335","QLD","2013-05-10",54,"Safe"
"11336","QLD","2013-05-11",65,"MinorHazard"
"11337","QLD","2013-05-12",54,"Safe"
"11338","QLD","2013-05-13",46,"Safe"
"11339","QLD","2013-05-14",30,"Safe"
"11340","QLD","2013-05-15",26,"Safe"
"11341","QLD","2013-05-16",44,"Safe"
"11342","QLD","2013-05-17",39,"Safe"
"11343","QLD","2013-05-18",39,"Safe"
"11344","QLD","2013-05-19",46,"Safe"
"11345","QLD","2013-05-20",37,"Safe"
"11346","QLD","2013-05-21",37,"Safe"
"11347","QLD","2013-05-22",35,"Safe"
"11348","QLD","2013-05-23",33,"Safe"
"11349","QLD","2013-05-24",67,"MinorHazard"
"11350","QLD","2013-05-25",63,"MinorHazard"
"11351","QLD","2013-05-26",44,"Safe"
"11352","QLD","2013-05-27",57,"Safe"
"11353","QLD","2013-05-28",59,"Safe"
"11354","QLD","2013-05-29",54,"Safe"
"11355","QLD","2013-05-30",54,"Safe"
"11356","QLD","2013-05-31",56,"Safe"
"11357","QLD","2013-06-01",46,"Safe"
"11358","QLD","2013-06-02",56,"Safe"
"11359","QLD","2013-06-03",52,"Safe"
"11360","QLD","2013-06-04",59,"Safe"
"11361","QLD","2013-06-05",50,"Safe"
"11362","QLD","2013-06-06",54,"Safe"
"11363","QLD","2013-06-07",56,"Safe"
"11364","QLD","2013-06-08",63,"MinorHazard"
"11365","QLD","2013-06-09",57,"Safe"
"11366","QLD","2013-06-10",48,"Safe"
"11367","QLD","2013-06-11",37,"Safe"
"11368","QLD","2013-06-12",41,"Safe"
"11369","QLD","2013-06-13",35,"Safe"
"11370","QLD","2013-06-14",35,"Safe"
"11371","QLD","2013-06-15",41,"Safe"
"11372","QLD","2013-06-16",35,"Safe"
"11373","QLD","2013-06-17",35,"Safe"
"11374","QLD","2013-06-18",30,"Safe"
"11375","QLD","2013-06-19",41,"Safe"
"11376","QLD","2013-06-20",43,"Safe"
"11377","QLD","2013-06-21",39,"Safe"
"11378","QLD","2013-06-22",46,"Safe"
"11379","QLD","2013-06-23",43,"Safe"
"11380","QLD","2013-06-24",41,"Safe"
"11381","QLD","2013-06-25",43,"Safe"
"11382","QLD","2013-06-26",35,"Safe"
"11383","QLD","2013-06-27",46,"Safe"
"11384","QLD","2013-06-28",52,"Safe"
"11385","QLD","2013-06-29",46,"Safe"
"11386","QLD","2013-06-30",43,"Safe"
"11387","QLD","2013-07-01",74,"MinorHazard"
"11388","QLD","2013-07-02",80,"MinorHazard"
"11389","QLD","2013-07-03",50,"Safe"
"11390","QLD","2013-07-04",33,"Safe"
"11391","QLD","2013-07-05",35,"Safe"
"11392","QLD","2013-07-06",37,"Safe"
"11393","QLD","2013-07-07",50,"Safe"
"11394","QLD","2013-07-08",63,"MinorHazard"
"11395","QLD","2013-07-09",63,"MinorHazard"
"11396","QLD","2013-07-10",61,"Safe"
"11397","QLD","2013-07-11",61,"Safe"
"11398","QLD","2013-07-12",56,"Safe"
"11399","QLD","2013-07-13",54,"Safe"
"11400","QLD","2013-07-14",54,"Safe"
"11401","QLD","2013-07-15",48,"Safe"
"11402","QLD","2013-07-16",43,"Safe"
"11403","QLD","2013-07-17",48,"Safe"
"11404","QLD","2013-07-18",50,"Safe"
"11405","QLD","2013-07-19",37,"Safe"
"11406","QLD","2013-07-20",50,"Safe"
"11407","QLD","2013-07-21",33,"Safe"
"11408","QLD","2013-07-22",37,"Safe"
"11409","QLD","2013-07-23",46,"Safe"
"11410","QLD","2013-07-24",56,"Safe"
"11411","QLD","2013-07-25",54,"Safe"
"11412","QLD","2013-07-26",54,"Safe"
"11413","QLD","2013-07-27",54,"Safe"
"11414","QLD","2013-07-28",52,"Safe"
"11415","QLD","2013-07-29",52,"Safe"
"11416","QLD","2013-07-30",46,"Safe"
"11417","QLD","2013-07-31",56,"Safe"
"11418","QLD","2013-08-01",44,"Safe"
"11419","QLD","2013-08-02",37,"Safe"
"11420","QLD","2013-08-03",46,"Safe"
"11421","QLD","2013-08-04",35,"Safe"
"11422","QLD","2013-08-05",39,"Safe"
"11423","QLD","2013-08-06",33,"Safe"
"11424","QLD","2013-08-07",35,"Safe"
"11425","QLD","2013-08-08",59,"Safe"
"11426","QLD","2013-08-09",48,"Safe"
"11427","QLD","2013-08-10",35,"Safe"
"11428","QLD","2013-08-11",31,"Safe"
"11429","QLD","2013-08-12",41,"Safe"
"11430","QLD","2013-08-13",41,"Safe"
"11431","QLD","2013-08-14",48,"Safe"
"11432","QLD","2013-08-15",67,"MinorHazard"
"11433","QLD","2013-08-16",33,"Safe"
"11434","QLD","2013-08-17",43,"Safe"
"11435","QLD","2013-08-18",33,"Safe"
"11436","QLD","2013-08-19",41,"Safe"
"11437","QLD","2013-08-20",39,"Safe"
"11438","QLD","2013-08-21",44,"Safe"
"11439","QLD","2013-08-22",43,"Safe"
"11440","QLD","2013-08-23",52,"Safe"
"11441","QLD","2013-08-24",52,"Safe"
"11442","QLD","2013-08-25",43,"Safe"
"11443","QLD","2013-08-26",48,"Safe"
"11444","QLD","2013-08-27",43,"Safe"
"11445","QLD","2013-08-28",44,"Safe"
"11446","QLD","2013-08-29",37,"Safe"
"11447","QLD","2013-08-30",52,"Safe"
"11448","QLD","2013-08-31",44,"Safe"
"11449","QLD","2013-09-01",61,"Safe"
"11450","QLD","2013-09-02",57,"Safe"
"11451","QLD","2013-09-03",65,"MinorHazard"
"11452","QLD","2013-09-04",70,"MinorHazard"
"11453","QLD","2013-09-05",72,"MinorHazard"
"11454","QLD","2013-09-06",59,"Safe"
"11455","QLD","2013-09-07",54,"Safe"
"11456","QLD","2013-09-08",48,"Safe"
"11457","QLD","2013-09-09",39,"Safe"
"11458","QLD","2013-09-10",35,"Safe"
"11459","QLD","2013-09-11",44,"Safe"
"11460","QLD","2013-09-12",30,"Safe"
"11461","QLD","2013-09-13",57,"Safe"
"11462","QLD","2013-09-14",48,"Safe"
"11463","QLD","2013-09-15",37,"Safe"
"11464","QLD","2013-09-16",81,"MinorHazard"
"11465","QLD","2013-09-17",50,"Safe"
"11466","QLD","2013-09-18",46,"Safe"
"11467","QLD","2013-09-19",35,"Safe"
"11468","QLD","2013-09-20",46,"Safe"
"11469","QLD","2013-09-21",35,"Safe"
"11470","QLD","2013-09-22",41,"Safe"
"11471","QLD","2013-09-23",39,"Safe"
"11472","QLD","2013-09-24",39,"Safe"
"11473","QLD","2013-09-25",35,"Safe"
"11474","QLD","2013-09-26",37,"Safe"
"11475","QLD","2013-09-27",57,"Safe"
"11476","QLD","2013-09-28",37,"Safe"
"11477","QLD","2013-09-29",43,"Safe"
"11478","QLD","2013-09-30",41,"Safe"
"11479","QLD","2013-10-01",50,"Safe"
"11480","QLD","2013-10-02",39,"Safe"
"11481","QLD","2013-10-03",63,"MinorHazard"
"11482","QLD","2013-10-04",57,"Safe"
"11483","QLD","2013-10-05",41,"Safe"
"11484","QLD","2013-10-06",39,"Safe"
"11485","QLD","2013-10-07",65,"MinorHazard"
"11486","QLD","2013-10-08",56,"Safe"
"11487","QLD","2013-10-09",52,"Safe"
"11488","QLD","2013-10-10",48,"Safe"
"11489","QLD","2013-10-11",44,"Safe"
"11490","QLD","2013-10-12",39,"Safe"
"11491","QLD","2013-10-13",50,"Safe"
"11492","QLD","2013-10-14",56,"Safe"
"11493","QLD","2013-10-15",39,"Safe"
"11494","QLD","2013-10-16",48,"Safe"
"11495","QLD","2013-10-17",52,"Safe"
"11496","QLD","2013-10-18",65,"MinorHazard"
"11497","QLD","2013-10-19",56,"Safe"
"11498","QLD","2013-10-20",56,"Safe"
"11499","QLD","2013-10-21",52,"Safe"
"11500","QLD","2013-10-22",44,"Safe"
"11501","QLD","2013-10-23",43,"Safe"
"11502","QLD","2013-10-24",35,"Safe"
"11503","QLD","2013-10-25",57,"Safe"
"11504","QLD","2013-10-26",41,"Safe"
"11505","QLD","2013-10-27",56,"Safe"
"11506","QLD","2013-10-28",50,"Safe"
"11507","QLD","2013-10-29",52,"Safe"
"11508","QLD","2013-10-30",61,"Safe"
"11509","QLD","2013-10-31",41,"Safe"
"11510","QLD","2013-11-01",48,"Safe"
"11511","QLD","2013-11-02",52,"Safe"
"11512","QLD","2013-11-03",48,"Safe"
"11513","QLD","2013-11-04",65,"MinorHazard"
"11514","QLD","2013-11-05",65,"MinorHazard"
"11515","QLD","2013-11-06",56,"Safe"
"11516","QLD","2013-11-07",44,"Safe"
"11517","QLD","2013-11-08",46,"Safe"
"11518","QLD","2013-11-09",56,"Safe"
"11519","QLD","2013-11-10",48,"Safe"
"11520","QLD","2013-11-11",43,"Safe"
"11521","QLD","2013-11-12",43,"Safe"
"11522","QLD","2013-11-13",39,"Safe"
"11523","QLD","2013-11-14",50,"Safe"
"11524","QLD","2013-11-15",41,"Safe"
"11525","QLD","2013-11-16",80,"MinorHazard"
"11526","QLD","2013-11-17",57,"Safe"
"11527","QLD","2013-11-18",39,"Safe"
"11528","QLD","2013-11-19",37,"Safe"
"11529","QLD","2013-11-20",43,"Safe"
"11530","QLD","2013-11-21",39,"Safe"
"11531","QLD","2013-11-22",37,"Safe"
"11532","QLD","2013-11-23",87,"MinorHazard"
"11533","QLD","2013-11-24",39,"Safe"
"11534","QLD","2013-11-25",48,"Safe"
"11535","QLD","2013-11-26",63,"MinorHazard"
"11536","QLD","2013-11-27",44,"Safe"
"11537","QLD","2013-11-28",46,"Safe"
"11538","QLD","2013-11-29",48,"Safe"
"11539","QLD","2013-11-30",69,"MinorHazard"
"11540","QLD","2013-12-01",57,"Safe"
"11541","QLD","2013-12-02",54,"Safe"
"11542","QLD","2013-12-03",48,"Safe"
"11543","QLD","2013-12-04",41,"Safe"
"11544","QLD","2013-12-05",54,"Safe"
"11545","QLD","2013-12-06",35,"Safe"
"11546","QLD","2013-12-07",48,"Safe"
"11547","QLD","2013-12-08",50,"Safe"
"11548","QLD","2013-12-09",48,"Safe"
"11549","QLD","2013-12-10",41,"Safe"
"11550","QLD","2013-12-11",61,"Safe"
"11551","QLD","2013-12-12",35,"Safe"
"11552","QLD","2013-12-13",39,"Safe"
"11553","QLD","2013-12-14",54,"Safe"
"11554","QLD","2013-12-15",44,"Safe"
"11555","QLD","2013-12-16",50,"Safe"
"11556","QLD","2013-12-17",63,"MinorHazard"
"11557","QLD","2013-12-18",56,"Safe"
"11558","QLD","2013-12-19",59,"Safe"
"11559","QLD","2013-12-20",54,"Safe"
"11560","QLD","2013-12-21",48,"Safe"
"11561","QLD","2013-12-22",44,"Safe"
"11562","QLD","2013-12-23",48,"Safe"
"11563","QLD","2013-12-24",41,"Safe"
"11564","QLD","2013-12-25",41,"Safe"
"11565","QLD","2013-12-26",41,"Safe"
"11566","QLD","2013-12-27",39,"Safe"
"11567","QLD","2013-12-28",31,"Safe"
"11568","QLD","2013-12-29",67,"MinorHazard"
"11569","QLD","2013-12-30",61,"Safe"
"11570","QLD","2013-12-31",39,"Safe"
"11571","QLD","2014-01-01",39,"Safe"
"11572","QLD","2014-01-02",37,"Safe"
"11573","QLD","2014-01-03",44,"Safe"
"11574","QLD","2014-01-04",65,"MinorHazard"
"11575","QLD","2014-01-05",39,"Safe"
"11576","QLD","2014-01-06",61,"Safe"
"11577","QLD","2014-01-08",52,"Safe"
"11578","QLD","2014-01-09",50,"Safe"
"11579","QLD","2014-01-10",46,"Safe"
"11580","QLD","2014-01-11",48,"Safe"
"11581","QLD","2014-01-12",50,"Safe"
"11582","QLD","2014-01-13",59,"Safe"
"11583","QLD","2014-01-14",57,"Safe"
"11584","QLD","2014-01-15",57,"Safe"
"11585","QLD","2014-01-17",43,"Safe"
"11586","QLD","2014-01-18",41,"Safe"
"11587","QLD","2014-01-19",35,"Safe"
"11588","QLD","2014-01-20",41,"Safe"
"11589","QLD","2014-01-21",50,"Safe"
"11590","QLD","2014-01-22",61,"Safe"
"11591","QLD","2014-01-23",54,"Safe"
"11592","QLD","2014-01-25",61,"Safe"
"11593","QLD","2014-01-26",70,"MinorHazard"
"11594","QLD","2014-01-27",61,"Safe"
"11595","QLD","2014-01-28",81,"MinorHazard"
"11596","QLD","2014-01-29",78,"MinorHazard"
"11597","QLD","2014-01-30",63,"MinorHazard"
"11598","QLD","2014-01-31",59,"Safe"
"11599","QLD","2014-02-01",41,"Safe"
"11600","QLD","2014-02-02",52,"Safe"
"11601","QLD","2014-02-03",54,"Safe"
"11602","QLD","2014-02-04",50,"Safe"
"11603","QLD","2014-02-05",76,"MinorHazard"
"11604","QLD","2014-02-06",59,"Safe"
"11605","QLD","2014-02-07",59,"Safe"
"11606","QLD","2014-02-08",46,"Safe"
"11607","QLD","2014-02-09",48,"Safe"
"11608","QLD","2014-02-10",44,"Safe"
"11609","QLD","2014-02-11",43,"Safe"
"11610","QLD","2014-02-12",41,"Safe"
"11611","QLD","2014-02-14",48,"Safe"
"11612","QLD","2014-02-15",50,"Safe"
"11613","QLD","2014-02-16",52,"Safe"
"11614","QLD","2014-02-17",54,"Safe"
"11615","QLD","2014-02-18",50,"Safe"
"11616","QLD","2014-02-19",54,"Safe"
"11617","QLD","2014-02-20",41,"Safe"
"11618","QLD","2014-02-21",50,"Safe"
"11619","QLD","2014-02-22",56,"Safe"
"11620","QLD","2014-02-23",61,"Safe"
"11621","QLD","2014-02-24",56,"Safe"
"11622","QLD","2014-02-25",43,"Safe"
"11623","QLD","2014-02-26",37,"Safe"
"11624","QLD","2014-02-27",39,"Safe"
"11625","QLD","2014-02-28",54,"Safe"
"11626","QLD","2014-03-01",54,"Safe"
"11627","QLD","2014-03-02",54,"Safe"
"11628","QLD","2014-03-03",61,"Safe"
"11629","QLD","2014-03-04",59,"Safe"
"11630","QLD","2014-03-05",50,"Safe"
"11631","QLD","2014-03-06",57,"Safe"
"11632","QLD","2014-03-07",56,"Safe"
"11633","QLD","2014-03-08",56,"Safe"
"11634","QLD","2014-03-09",57,"Safe"
"11635","QLD","2014-03-10",56,"Safe"
"11636","QLD","2014-03-11",52,"Safe"
"11637","QLD","2014-03-12",44,"Safe"
"11638","QLD","2014-03-13",41,"Safe"
"11639","QLD","2014-03-14",43,"Safe"
"11640","QLD","2014-03-15",35,"Safe"
"11641","QLD","2014-03-16",48,"Safe"
"11642","QLD","2014-03-17",43,"Safe"
"11643","QLD","2014-03-18",48,"Safe"
"11644","QLD","2014-03-19",50,"Safe"
"11645","QLD","2014-03-20",56,"Safe"
"11646","QLD","2014-03-21",43,"Safe"
"11647","QLD","2014-03-22",44,"Safe"
"11648","QLD","2014-03-23",37,"Safe"
"11649","QLD","2014-03-24",52,"Safe"
"11650","QLD","2014-03-25",46,"Safe"
"11651","QLD","2014-03-26",52,"Safe"
"11652","QLD","2014-03-27",54,"Safe"
"11653","QLD","2014-03-28",61,"Safe"
"11654","QLD","2014-03-29",33,"Safe"
"11655","QLD","2014-03-30",35,"Safe"
"11656","QLD","2014-03-31",46,"Safe"
"11657","QLD","2014-04-01",50,"Safe"
"11658","QLD","2014-04-02",50,"Safe"
"11659","QLD","2014-04-03",48,"Safe"
"11660","QLD","2014-04-04",50,"Safe"
"11661","QLD","2014-04-05",48,"Safe"
"11662","QLD","2014-04-06",52,"Safe"
"11663","QLD","2014-04-07",59,"Safe"
"11664","QLD","2014-04-08",56,"Safe"
"11665","QLD","2014-04-09",48,"Safe"
"11666","QLD","2014-04-10",52,"Safe"
"11667","QLD","2014-04-11",56,"Safe"
"11668","QLD","2014-04-12",63,"MinorHazard"
"11669","QLD","2014-04-13",93,"Damaging"
"11670","QLD","2014-04-14",65,"MinorHazard"
"11671","QLD","2014-04-15",54,"Safe"
"11672","QLD","2014-04-16",44,"Safe"
"11673","QLD","2014-04-17",41,"Safe"
"11674","QLD","2014-04-18",35,"Safe"
"11675","QLD","2014-04-19",35,"Safe"
"11676","QLD","2014-04-20",48,"Safe"
"11677","QLD","2014-04-21",46,"Safe"
"11678","QLD","2014-04-22",37,"Safe"
"11679","QLD","2014-04-23",43,"Safe"
"11680","QLD","2014-04-24",44,"Safe"
"11681","QLD","2014-04-25",39,"Safe"
"11682","QLD","2014-04-26",41,"Safe"
"11683","QLD","2014-04-27",52,"Safe"
"11684","QLD","2014-04-28",61,"Safe"
"11685","QLD","2014-04-29",39,"Safe"
"11686","QLD","2014-04-30",35,"Safe"
"11687","QLD","2014-05-01",41,"Safe"
"11688","QLD","2014-05-02",35,"Safe"
"11689","QLD","2014-05-03",52,"Safe"
"11690","QLD","2014-05-04",63,"MinorHazard"
"11691","QLD","2014-05-05",35,"Safe"
"11692","QLD","2014-05-06",37,"Safe"
"11693","QLD","2014-05-07",33,"Safe"
"11694","QLD","2014-05-08",39,"Safe"
"11695","QLD","2014-05-09",43,"Safe"
"11696","QLD","2014-05-10",44,"Safe"
"11697","QLD","2014-05-11",50,"Safe"
"11698","QLD","2014-05-12",50,"Safe"
"11699","QLD","2014-05-13",48,"Safe"
"11700","QLD","2014-05-14",52,"Safe"
"11701","QLD","2014-05-15",52,"Safe"
"11702","QLD","2014-05-16",52,"Safe"
"11703","QLD","2014-05-17",61,"Safe"
"11704","QLD","2014-05-18",50,"Safe"
"11705","QLD","2014-05-19",54,"Safe"
"11706","QLD","2014-05-20",56,"Safe"
"11707","QLD","2014-05-21",46,"Safe"
"11708","QLD","2014-05-22",43,"Safe"
"11709","QLD","2014-05-23",37,"Safe"
"11710","QLD","2014-05-24",30,"Safe"
"11711","QLD","2014-05-25",37,"Safe"
"11712","QLD","2014-05-26",46,"Safe"
"11713","QLD","2014-05-27",43,"Safe"
"11714","QLD","2014-05-28",41,"Safe"
"11715","QLD","2014-05-29",46,"Safe"
"11716","QLD","2014-05-30",43,"Safe"
"11717","QLD","2014-05-31",41,"Safe"
"11718","QLD","2014-06-01",43,"Safe"
"11719","QLD","2014-06-02",35,"Safe"
"11720","QLD","2014-06-03",39,"Safe"
"11721","QLD","2014-06-04",46,"Safe"
"11722","QLD","2014-06-05",52,"Safe"
"11723","QLD","2014-06-06",59,"Safe"
"11724","QLD","2014-06-07",54,"Safe"
"11725","QLD","2014-06-08",54,"Safe"
"11726","QLD","2014-06-09",56,"Safe"
"11727","QLD","2014-06-10",65,"MinorHazard"
"11728","QLD","2014-06-11",57,"Safe"
"11729","QLD","2014-06-12",50,"Safe"
"11730","QLD","2014-06-13",39,"Safe"
"11731","QLD","2014-06-14",50,"Safe"
"11732","QLD","2014-06-15",43,"Safe"
"11733","QLD","2014-06-16",48,"Safe"
"11734","QLD","2014-06-17",52,"Safe"
"11735","QLD","2014-06-18",52,"Safe"
"11736","QLD","2014-06-19",52,"Safe"
"11737","QLD","2014-06-20",33,"Safe"
"11738","QLD","2014-06-21",33,"Safe"
"11739","QLD","2014-06-22",52,"Safe"
"11740","QLD","2014-06-23",39,"Safe"
"11741","QLD","2014-06-24",43,"Safe"
"11742","QLD","2014-06-25",41,"Safe"
"11743","QLD","2014-06-26",48,"Safe"
"11744","QLD","2014-06-27",48,"Safe"
"11745","QLD","2014-06-28",52,"Safe"
"11746","QLD","2014-06-29",61,"Safe"
"11747","QLD","2014-06-30",48,"Safe"
"11748","QLD","2014-07-01",52,"Safe"
"11749","QLD","2014-07-02",50,"Safe"
"11750","QLD","2014-07-03",61,"Safe"
"11751","QLD","2014-07-04",43,"Safe"
"11752","QLD","2014-07-05",39,"Safe"
"11753","QLD","2014-07-06",39,"Safe"
"11754","QLD","2014-07-07",35,"Safe"
"11755","QLD","2014-07-08",30,"Safe"
"11756","QLD","2014-07-09",37,"Safe"
"11757","QLD","2014-07-10",54,"Safe"
"11758","QLD","2014-07-11",41,"Safe"
"11759","QLD","2014-07-12",37,"Safe"
"11760","QLD","2014-07-13",54,"Safe"
"11761","QLD","2014-07-14",56,"Safe"
"11762","QLD","2014-07-15",43,"Safe"
"11763","QLD","2014-07-16",35,"Safe"
"11764","QLD","2014-07-17",39,"Safe"
"11765","QLD","2014-07-18",61,"Safe"
"11766","QLD","2014-07-19",46,"Safe"
"11767","QLD","2014-07-20",37,"Safe"
"11768","QLD","2014-07-21",33,"Safe"
"11769","QLD","2014-07-22",39,"Safe"
"11770","QLD","2014-07-23",52,"Safe"
"11771","QLD","2014-07-24",35,"Safe"
"11772","QLD","2014-07-25",46,"Safe"
"11773","QLD","2014-07-26",43,"Safe"
"11774","QLD","2014-07-27",48,"Safe"
"11775","QLD","2014-07-28",37,"Safe"
"11776","QLD","2014-07-29",50,"Safe"
"11777","QLD","2014-07-30",35,"Safe"
"11778","QLD","2014-07-31",37,"Safe"
"11779","QLD","2014-08-01",39,"Safe"
"11780","QLD","2014-08-02",57,"Safe"
"11781","QLD","2014-08-03",50,"Safe"
"11782","QLD","2014-08-04",54,"Safe"
"11783","QLD","2014-08-05",52,"Safe"
"11784","QLD","2014-08-06",63,"MinorHazard"
"11785","QLD","2014-08-07",59,"Safe"
"11786","QLD","2014-08-08",54,"Safe"
"11787","QLD","2014-08-09",48,"Safe"
"11788","QLD","2014-08-10",57,"Safe"
"11789","QLD","2014-08-11",50,"Safe"
"11790","QLD","2014-08-12",54,"Safe"
"11791","QLD","2014-08-13",50,"Safe"
"11792","QLD","2014-08-14",59,"Safe"
"11793","QLD","2014-08-15",50,"Safe"
"11794","QLD","2014-08-16",54,"Safe"
"11795","QLD","2014-08-17",54,"Safe"
"11796","QLD","2014-08-18",67,"MinorHazard"
"11797","QLD","2014-08-19",41,"Safe"
"11798","QLD","2014-08-20",57,"Safe"
"11799","QLD","2014-08-21",69,"MinorHazard"
"11800","QLD","2014-08-22",56,"Safe"
"11801","QLD","2014-08-23",70,"MinorHazard"
"11802","QLD","2014-08-24",56,"Safe"
"11803","QLD","2014-08-25",56,"Safe"
"11804","QLD","2014-08-26",50,"Safe"
"11805","QLD","2014-08-27",48,"Safe"
"11806","QLD","2014-08-28",74,"MinorHazard"
"11807","QLD","2014-08-29",52,"Safe"
"11808","QLD","2014-08-30",46,"Safe"
"11809","QLD","2014-08-31",43,"Safe"
"11810","QLD","2014-09-01",43,"Safe"
"11811","QLD","2014-09-02",52,"Safe"
"11812","QLD","2014-09-03",54,"Safe"
"11813","QLD","2014-09-04",37,"Safe"
"11814","QLD","2014-09-05",54,"Safe"
"11815","QLD","2014-09-06",57,"Safe"
"11816","QLD","2014-09-07",56,"Safe"
"11817","QLD","2014-09-08",59,"Safe"
"11818","QLD","2014-09-09",33,"Safe"
"11819","QLD","2014-09-10",31,"Safe"
"11820","QLD","2014-09-11",33,"Safe"
"11821","QLD","2014-09-12",33,"Safe"
"11822","QLD","2014-09-13",41,"Safe"
"11823","QLD","2014-09-14",50,"Safe"
"11824","QLD","2014-09-15",43,"Safe"
"11825","QLD","2014-09-16",41,"Safe"
"11826","QLD","2014-09-17",44,"Safe"
"11827","QLD","2014-09-18",31,"Safe"
"11828","QLD","2014-09-19",35,"Safe"
"11829","QLD","2014-09-20",48,"Safe"
"11830","QLD","2014-09-21",59,"Safe"
"11831","QLD","2014-09-22",56,"Safe"
"11832","QLD","2014-09-23",48,"Safe"
"11833","QLD","2014-09-24",37,"Safe"
"11834","QLD","2014-09-25",41,"Safe"
"11835","QLD","2014-09-26",50,"Safe"
"11836","QLD","2014-09-27",70,"MinorHazard"
"11837","QLD","2014-09-28",37,"Safe"
"11838","QLD","2014-09-29",50,"Safe"
"11839","QLD","2014-09-30",46,"Safe"
"11840","QLD","2014-10-01",76,"MinorHazard"
"11841","QLD","2014-10-02",56,"Safe"
"11842","QLD","2014-10-03",41,"Safe"
"11843","QLD","2014-10-04",35,"Safe"
"11844","QLD","2014-10-05",41,"Safe"
"11845","QLD","2014-10-06",44,"Safe"
"11846","QLD","2014-10-07",44,"Safe"
"11847","QLD","2014-10-08",54,"Safe"
"11848","QLD","2014-10-09",50,"Safe"
"11849","QLD","2014-10-10",39,"Safe"
"11850","QLD","2014-10-11",33,"Safe"
"11851","QLD","2014-10-12",37,"Safe"
"11852","QLD","2014-10-13",54,"Safe"
"11853","QLD","2014-10-14",61,"Safe"
"11854","QLD","2014-10-15",41,"Safe"
"11855","QLD","2014-10-16",43,"Safe"
"11856","QLD","2014-10-17",57,"Safe"
"11857","QLD","2014-10-18",59,"Safe"
"11858","QLD","2014-10-19",56,"Safe"
"11859","QLD","2014-10-20",56,"Safe"
"11860","QLD","2014-10-21",61,"Safe"
"11861","QLD","2014-10-22",65,"MinorHazard"
"11862","QLD","2014-10-23",54,"Safe"
"11863","QLD","2014-10-24",50,"Safe"
"11864","QLD","2014-10-25",50,"Safe"
"11865","QLD","2014-10-26",50,"Safe"
"11866","QLD","2014-10-27",46,"Safe"
"11867","QLD","2014-10-28",37,"Safe"
"11868","QLD","2014-10-29",56,"Safe"
"11869","QLD","2014-10-30",43,"Safe"
"11870","QLD","2014-10-31",39,"Safe"
"11871","QLD","2014-11-01",37,"Safe"
"11872","QLD","2014-11-02",54,"Safe"
"11873","QLD","2014-11-03",39,"Safe"
"11874","QLD","2014-11-04",39,"Safe"
"11875","QLD","2014-11-05",41,"Safe"
"11876","QLD","2014-11-06",50,"Safe"
"11877","QLD","2014-11-07",46,"Safe"
"11878","QLD","2014-11-08",41,"Safe"
"11879","QLD","2014-11-09",44,"Safe"
"11880","QLD","2014-11-10",44,"Safe"
"11881","QLD","2014-11-11",41,"Safe"
"11882","QLD","2014-11-12",41,"Safe"
"11883","QLD","2014-11-13",41,"Safe"
"11884","QLD","2014-11-14",48,"Safe"
"11885","QLD","2014-11-15",39,"Safe"
"11886","QLD","2014-11-16",41,"Safe"
"11887","QLD","2014-11-17",31,"Safe"
"11888","QLD","2014-11-18",35,"Safe"
"11889","QLD","2014-11-19",41,"Safe"
"11890","QLD","2014-11-20",44,"Safe"
"11891","QLD","2014-11-21",46,"Safe"
"11892","QLD","2014-11-22",41,"Safe"
"11893","QLD","2014-11-23",41,"Safe"
"11894","QLD","2014-11-24",44,"Safe"
"11895","QLD","2014-11-25",44,"Safe"
"11896","QLD","2014-11-26",43,"Safe"
"11897","QLD","2014-11-27",83,"MinorHazard"
"11898","QLD","2014-11-28",46,"Safe"
"11899","QLD","2014-11-29",50,"Safe"
"11900","QLD","2014-11-30",43,"Safe"
"11901","QLD","2014-12-01",41,"Safe"
"11902","QLD","2014-12-02",39,"Safe"
"11903","QLD","2014-12-03",41,"Safe"
"11904","QLD","2014-12-04",41,"Safe"
"11905","QLD","2014-12-05",37,"Safe"
"11906","QLD","2014-12-06",56,"Safe"
"11907","QLD","2014-12-07",43,"Safe"
"11908","QLD","2014-12-08",54,"Safe"
"11909","QLD","2014-12-09",80,"MinorHazard"
"11910","QLD","2014-12-10",33,"Safe"
"11911","QLD","2014-12-11",48,"Safe"
"11912","QLD","2014-12-12",70,"MinorHazard"
"11913","QLD","2014-12-13",63,"MinorHazard"
"11914","QLD","2014-12-14",59,"Safe"
"11915","QLD","2014-12-15",43,"Safe"
"11916","QLD","2014-12-16",39,"Safe"
"11917","QLD","2014-12-17",44,"Safe"
"11918","QLD","2014-12-18",61,"Safe"
"11919","QLD","2014-12-19",48,"Safe"
"11920","QLD","2014-12-20",44,"Safe"
"11921","QLD","2014-12-21",46,"Safe"
"11922","QLD","2014-12-22",43,"Safe"
"11923","QLD","2014-12-23",39,"Safe"
"11924","QLD","2014-12-24",48,"Safe"
"11925","QLD","2014-12-25",39,"Safe"
"11926","QLD","2014-12-26",41,"Safe"
"11927","QLD","2014-12-27",46,"Safe"
"11928","QLD","2014-12-28",39,"Safe"
"11929","QLD","2014-12-29",35,"Safe"
"11930","QLD","2014-12-30",33,"Safe"
"11931","QLD","2014-12-31",39,"Safe"
"11932","QLD","2015-01-01",43,"Safe"
"11933","QLD","2015-01-02",43,"Safe"
"11934","QLD","2015-01-03",37,"Safe"
"11935","QLD","2015-01-04",41,"Safe"
"11936","QLD","2015-01-05",48,"Safe"
"11937","QLD","2015-01-06",54,"Safe"
"11938","QLD","2015-01-07",56,"Safe"
"11939","QLD","2015-01-08",57,"Safe"
"11940","QLD","2015-01-09",48,"Safe"
"11941","QLD","2015-01-10",41,"Safe"
"11942","QLD","2015-01-11",48,"Safe"
"11943","QLD","2015-01-12",41,"Safe"
"11944","QLD","2015-01-13",41,"Safe"
"11945","QLD","2015-01-15",48,"Safe"
"11946","QLD","2015-01-16",35,"Safe"
"11947","QLD","2015-01-17",37,"Safe"
"11948","QLD","2015-01-18",46,"Safe"
"11949","QLD","2015-01-19",78,"MinorHazard"
"11950","QLD","2015-01-20",65,"MinorHazard"
"11951","QLD","2015-01-21",59,"Safe"
"11952","QLD","2015-01-22",43,"Safe"
"11953","QLD","2015-01-23",65,"MinorHazard"
"11954","QLD","2015-01-24",48,"Safe"
"11955","QLD","2015-01-25",39,"Safe"
"11956","QLD","2015-01-26",46,"Safe"
"11957","QLD","2015-01-27",39,"Safe"
"11958","QLD","2015-01-28",61,"Safe"
"11959","QLD","2015-01-29",48,"Safe"
"11960","QLD","2015-01-30",57,"Safe"
"11961","QLD","2015-01-31",76,"MinorHazard"
"11962","QLD","2015-02-01",35,"Safe"
"11963","QLD","2015-02-02",57,"Safe"
"11964","QLD","2015-02-04",65,"MinorHazard"
"11965","QLD","2015-02-05",61,"Safe"
"11966","QLD","2015-02-06",65,"MinorHazard"
"11967","QLD","2015-02-07",54,"Safe"
"11968","QLD","2015-02-08",44,"Safe"
"11969","QLD","2015-02-09",54,"Safe"
"11970","QLD","2015-02-10",70,"MinorHazard"
"11971","QLD","2015-02-11",54,"Safe"
"11972","QLD","2015-02-12",52,"Safe"
"11973","QLD","2015-02-13",56,"Safe"
"11974","QLD","2015-02-14",59,"Safe"
"11975","QLD","2015-02-15",61,"Safe"
"11976","QLD","2015-02-16",57,"Safe"
"11977","QLD","2015-02-17",52,"Safe"
"11978","QLD","2015-02-18",41,"Safe"
"11979","QLD","2015-02-19",33,"Safe"
"11980","QLD","2015-02-20",31,"Safe"
"11981","QLD","2015-02-21",37,"Safe"
"11982","QLD","2015-02-22",37,"Safe"
"11983","QLD","2015-02-23",41,"Safe"
"11984","QLD","2015-02-24",33,"Safe"
"11985","QLD","2015-02-25",59,"Safe"
"11986","QLD","2015-02-26",35,"Safe"
"11987","QLD","2015-02-27",35,"Safe"
"11988","QLD","2015-02-28",44,"Safe"
"11989","QLD","2015-03-01",43,"Safe"
"11990","QLD","2015-03-02",33,"Safe"
"11991","QLD","2015-03-03",52,"Safe"
"11992","QLD","2015-03-04",44,"Safe"
"11993","QLD","2015-03-05",72,"MinorHazard"
"11994","QLD","2015-03-06",67,"MinorHazard"
"11995","QLD","2015-03-07",37,"Safe"
"11996","QLD","2015-03-08",39,"Safe"
"11997","QLD","2015-03-09",44,"Safe"
"11998","QLD","2015-03-10",54,"Safe"
"11999","QLD","2015-03-11",54,"Safe"
"12000","QLD","2015-03-12",54,"Safe"
"12001","QLD","2015-03-13",63,"MinorHazard"
"12002","QLD","2015-03-14",67,"MinorHazard"
"12003","QLD","2015-03-15",56,"Safe"
"12004","QLD","2015-03-16",48,"Safe"
"12005","QLD","2015-03-17",44,"Safe"
"12006","QLD","2015-03-18",46,"Safe"
"12007","QLD","2015-03-19",52,"Safe"
"12008","QLD","2015-03-20",33,"Safe"
"12009","QLD","2015-03-21",57,"Safe"
"12010","QLD","2015-03-22",37,"Safe"
"12011","QLD","2015-03-23",35,"Safe"
"12012","QLD","2015-03-24",33,"Safe"
"12013","QLD","2015-03-25",35,"Safe"
"12014","QLD","2015-03-26",37,"Safe"
"12015","QLD","2015-03-27",39,"Safe"
"12016","QLD","2015-03-28",43,"Safe"
"12017","QLD","2015-03-29",50,"Safe"
"12018","QLD","2015-03-30",50,"Safe"
"12019","QLD","2015-03-31",48,"Safe"
"12020","QLD","2015-04-01",56,"Safe"
"12021","QLD","2015-04-02",52,"Safe"
"12022","QLD","2015-04-03",43,"Safe"
"12023","QLD","2015-04-04",35,"Safe"
"12024","QLD","2015-04-05",37,"Safe"
"12025","QLD","2015-04-06",33,"Safe"
"12026","QLD","2015-04-07",44,"Safe"
"12027","QLD","2015-04-08",37,"Safe"
"12028","QLD","2015-04-09",52,"Safe"
"12029","QLD","2015-04-10",48,"Safe"
"12030","QLD","2015-04-11",44,"Safe"
"12031","QLD","2015-04-12",39,"Safe"
"12032","QLD","2015-04-13",56,"Safe"
"12033","QLD","2015-04-14",54,"Safe"
"12034","QLD","2015-04-15",52,"Safe"
"12035","QLD","2015-04-16",61,"Safe"
"12036","QLD","2015-04-17",48,"Safe"
"12037","QLD","2015-04-18",48,"Safe"
"12038","QLD","2015-04-19",48,"Safe"
"12039","QLD","2015-04-20",46,"Safe"
"12040","QLD","2015-04-21",48,"Safe"
"12041","QLD","2015-04-22",41,"Safe"
"12042","QLD","2015-04-23",31,"Safe"
"12043","QLD","2015-04-24",30,"Safe"
"12044","QLD","2015-04-25",30,"Safe"
"12045","QLD","2015-04-26",56,"Safe"
"12046","QLD","2015-04-27",41,"Safe"
"12047","QLD","2015-04-29",50,"Safe"
"12048","QLD","2015-04-30",31,"Safe"
"12049","QLD","2015-05-01",33,"Safe"
"12050","QLD","2015-05-02",50,"Safe"
"12051","QLD","2015-05-03",31,"Safe"
"12052","QLD","2015-05-04",30,"Safe"
"12053","QLD","2015-05-06",39,"Safe"
"12054","QLD","2015-05-08",41,"Safe"
"12055","QLD","2015-05-09",37,"Safe"
"12056","QLD","2015-05-10",37,"Safe"
"12057","QLD","2015-05-11",39,"Safe"
"12058","QLD","2015-05-12",35,"Safe"
"12059","QLD","2015-05-13",48,"Safe"
"12060","QLD","2015-05-14",56,"Safe"
"12061","QLD","2015-05-15",59,"Safe"
"12062","QLD","2015-05-16",61,"Safe"
"12063","QLD","2015-05-17",52,"Safe"
"12064","QLD","2015-05-18",54,"Safe"
"12065","QLD","2015-05-19",35,"Safe"
"12066","QLD","2015-05-20",35,"Safe"
"12067","QLD","2015-05-21",30,"Safe"
"12068","QLD","2015-05-22",50,"Safe"
"12069","QLD","2015-05-23",63,"MinorHazard"
"12070","QLD","2015-05-24",52,"Safe"
"12071","QLD","2015-05-25",54,"Safe"
"12072","QLD","2015-05-27",43,"Safe"
"12073","QLD","2015-05-28",46,"Safe"
"12074","QLD","2015-05-29",46,"Safe"
"12075","QLD","2015-05-30",43,"Safe"
"12076","QLD","2015-05-31",44,"Safe"
"12077","QLD","2015-06-01",37,"Safe"
"12078","QLD","2015-06-02",43,"Safe"
"12079","QLD","2015-06-03",33,"Safe"
"12080","QLD","2015-06-04",33,"Safe"
"12081","QLD","2015-06-05",41,"Safe"
"12082","QLD","2015-06-06",56,"Safe"
"12083","QLD","2015-06-07",48,"Safe"
"12084","QLD","2015-06-08",52,"Safe"
"12085","QLD","2015-06-09",48,"Safe"
"12086","QLD","2015-06-10",56,"Safe"
"12087","QLD","2015-06-11",70,"MinorHazard"
"12088","QLD","2015-06-12",70,"MinorHazard"
"12089","QLD","2015-06-13",56,"Safe"
"12090","QLD","2015-06-14",46,"Safe"
"12091","QLD","2015-06-15",56,"Safe"
"12092","QLD","2015-06-16",39,"Safe"
"12093","QLD","2015-06-17",39,"Safe"
"12094","QLD","2015-06-18",31,"Safe"
"12095","QLD","2015-06-19",35,"Safe"
"12096","QLD","2015-06-20",48,"Safe"
"12097","QLD","2015-06-21",48,"Safe"
"12098","QLD","2015-06-22",52,"Safe"
"12099","QLD","2015-06-23",50,"Safe"
"12100","QLD","2015-06-24",39,"Safe"
"12101","QLD","2015-06-25",37,"Safe"
"12102","QLD","2015-06-26",57,"Safe"
"12103","QLD","2015-06-27",48,"Safe"
"12104","QLD","2015-06-28",48,"Safe"
"12105","QLD","2015-06-29",57,"Safe"
"12106","QLD","2015-06-30",46,"Safe"
"12107","QLD","2015-07-01",46,"Safe"
"12108","QLD","2015-07-02",39,"Safe"
"12109","QLD","2015-07-03",46,"Safe"
"12110","QLD","2015-07-04",41,"Safe"
"12111","QLD","2015-07-05",37,"Safe"
"12112","QLD","2015-07-06",37,"Safe"
"12113","QLD","2015-07-07",48,"Safe"
"12114","QLD","2015-07-08",50,"Safe"
"12115","QLD","2015-07-09",41,"Safe"
"12116","QLD","2015-07-10",39,"Safe"
"12117","QLD","2015-07-11",31,"Safe"
"12118","QLD","2015-07-12",65,"MinorHazard"
"12119","QLD","2015-07-13",63,"MinorHazard"
"12120","QLD","2015-07-14",44,"Safe"
"12121","QLD","2015-07-15",33,"Safe"
"12122","QLD","2015-07-16",39,"Safe"
"12123","QLD","2015-07-17",69,"MinorHazard"
"12124","QLD","2015-07-18",50,"Safe"
"12125","QLD","2015-07-19",50,"Safe"
"12126","QLD","2015-07-20",54,"Safe"
"12127","QLD","2015-07-21",54,"Safe"
"12128","QLD","2015-07-22",50,"Safe"
"12129","QLD","2015-07-23",41,"Safe"
"12130","QLD","2015-07-24",31,"Safe"
"12131","QLD","2015-07-25",31,"Safe"
"12132","QLD","2015-07-26",43,"Safe"
"12133","QLD","2015-07-27",41,"Safe"
"12134","QLD","2015-07-28",54,"Safe"
"12135","QLD","2015-07-29",57,"Safe"
"12136","QLD","2015-07-30",54,"Safe"
"12137","QLD","2015-07-31",52,"Safe"
"12138","QLD","2015-08-01",50,"Safe"
"12139","QLD","2015-08-02",39,"Safe"
"12140","QLD","2015-08-03",35,"Safe"
"12141","QLD","2015-08-04",48,"Safe"
"12142","QLD","2015-08-05",46,"Safe"
"12143","QLD","2015-08-06",41,"Safe"
"12144","QLD","2015-08-07",41,"Safe"
"12145","QLD","2015-08-08",33,"Safe"
"12146","QLD","2015-08-09",31,"Safe"
"12147","QLD","2015-08-10",35,"Safe"
"12148","QLD","2015-08-11",33,"Safe"
"12149","QLD","2015-08-12",54,"Safe"
"12150","QLD","2015-08-13",61,"Safe"
"12151","QLD","2015-08-14",43,"Safe"
"12152","QLD","2015-08-15",44,"Safe"
"12153","QLD","2015-08-16",52,"Safe"
"12154","QLD","2015-08-17",39,"Safe"
"12155","QLD","2015-08-18",33,"Safe"
"12156","QLD","2015-08-19",41,"Safe"
"12157","QLD","2015-08-20",44,"Safe"
"12158","QLD","2015-08-21",41,"Safe"
"12159","QLD","2015-08-22",35,"Safe"
"12160","QLD","2015-08-23",37,"Safe"
"12161","QLD","2015-08-24",39,"Safe"
"12162","QLD","2015-08-25",48,"Safe"
"12163","QLD","2015-08-26",37,"Safe"
"12164","QLD","2015-08-27",39,"Safe"
"12165","QLD","2015-08-28",39,"Safe"
"12166","QLD","2015-08-29",33,"Safe"
"12167","QLD","2015-08-30",39,"Safe"
"12168","QLD","2015-08-31",35,"Safe"
"12169","QLD","2015-09-03",72,"MinorHazard"
"12170","QLD","2015-09-04",52,"Safe"
"12171","QLD","2015-09-05",41,"Safe"
"12172","QLD","2015-09-06",43,"Safe"
"12173","QLD","2015-09-07",41,"Safe"
"12174","QLD","2015-09-08",41,"Safe"
"12175","QLD","2015-09-09",41,"Safe"
"12176","QLD","2015-09-10",59,"Safe"
"12177","QLD","2015-09-11",57,"Safe"
"12178","QLD","2015-09-12",56,"Safe"
"12179","QLD","2015-09-13",52,"Safe"
"12180","QLD","2015-09-14",50,"Safe"
"12181","QLD","2015-09-15",44,"Safe"
"12182","QLD","2015-09-16",41,"Safe"
"12183","QLD","2015-09-17",48,"Safe"
"12184","QLD","2015-09-18",72,"MinorHazard"
"12185","QLD","2015-09-19",50,"Safe"
"12186","QLD","2015-09-20",56,"Safe"
"12187","QLD","2015-09-21",39,"Safe"
"12188","QLD","2015-09-22",52,"Safe"
"12189","QLD","2015-09-23",67,"MinorHazard"
"12190","QLD","2015-09-24",59,"Safe"
"12191","QLD","2015-09-25",57,"Safe"
"12192","QLD","2015-09-26",54,"Safe"
"12193","QLD","2015-09-27",43,"Safe"
"12194","QLD","2015-09-28",37,"Safe"
"12195","QLD","2015-09-29",56,"Safe"
"12196","QLD","2015-09-30",37,"Safe"
"12197","QLD","2015-10-01",44,"Safe"
"12198","QLD","2015-10-02",59,"Safe"
"12199","QLD","2015-10-03",74,"MinorHazard"
"12200","QLD","2015-10-04",59,"Safe"
"12201","QLD","2015-10-05",57,"Safe"
"12202","QLD","2015-10-06",52,"Safe"
"12203","QLD","2015-10-07",69,"MinorHazard"
"12204","QLD","2015-10-08",61,"Safe"
"12205","QLD","2015-10-09",57,"Safe"
"12206","QLD","2015-10-10",54,"Safe"
"12207","QLD","2015-10-11",54,"Safe"
"12208","QLD","2015-10-12",46,"Safe"
"12209","QLD","2015-10-13",44,"Safe"
"12210","QLD","2015-10-14",41,"Safe"
"12211","QLD","2015-10-15",50,"Safe"
"12212","QLD","2015-10-16",52,"Safe"
"12213","QLD","2015-10-17",54,"Safe"
"12214","QLD","2015-10-18",59,"Safe"
"12215","QLD","2015-10-19",50,"Safe"
"12216","QLD","2015-10-20",50,"Safe"
"12217","QLD","2015-10-21",46,"Safe"
"12218","QLD","2015-10-22",65,"MinorHazard"
"12219","QLD","2015-10-23",67,"MinorHazard"
"12220","QLD","2015-10-24",46,"Safe"
"12221","QLD","2015-10-25",43,"Safe"
"12222","QLD","2015-10-26",44,"Safe"
"12223","QLD","2015-10-27",56,"Safe"
"12224","QLD","2015-10-28",46,"Safe"
"12225","QLD","2015-10-29",37,"Safe"
"12226","QLD","2015-10-30",37,"Safe"
"12227","QLD","2015-10-31",41,"Safe"
"12228","QLD","2015-11-01",43,"Safe"
"12229","QLD","2015-11-02",48,"Safe"
"12230","QLD","2015-11-03",43,"Safe"
"12231","QLD","2015-11-04",37,"Safe"
"12232","QLD","2015-11-05",44,"Safe"
"12233","QLD","2015-11-06",57,"Safe"
"12234","QLD","2015-11-07",37,"Safe"
"12235","QLD","2015-11-08",54,"Safe"
"12236","QLD","2015-11-09",56,"Safe"
"12237","QLD","2015-11-10",41,"Safe"
"12238","QLD","2015-11-11",39,"Safe"
"12239","QLD","2015-11-12",39,"Safe"
"12240","QLD","2015-11-13",39,"Safe"
"12241","QLD","2015-11-14",39,"Safe"
"12242","QLD","2015-11-15",61,"Safe"
"12243","QLD","2015-11-16",61,"Safe"
"12244","QLD","2015-11-17",43,"Safe"
"12245","QLD","2015-11-18",54,"Safe"
"12246","QLD","2015-11-19",65,"MinorHazard"
"12247","QLD","2015-11-20",50,"Safe"
"12248","QLD","2015-11-21",56,"Safe"
"12249","QLD","2015-11-22",46,"Safe"
"12250","QLD","2015-11-23",85,"MinorHazard"
"12251","QLD","2015-11-24",39,"Safe"
"12252","QLD","2015-11-25",39,"Safe"
"12253","QLD","2015-11-26",43,"Safe"
"12254","QLD","2015-11-27",48,"Safe"
"12255","QLD","2015-11-28",35,"Safe"
"12256","QLD","2015-11-29",57,"Safe"
"12257","QLD","2015-11-30",43,"Safe"
"12258","QLD","2015-12-01",39,"Safe"
"12259","QLD","2015-12-02",41,"Safe"
"12260","QLD","2015-12-03",72,"MinorHazard"
"12261","QLD","2015-12-04",59,"Safe"
"12262","QLD","2015-12-05",54,"Safe"
"12263","QLD","2015-12-06",46,"Safe"
"12264","QLD","2015-12-07",43,"Safe"
"12265","QLD","2015-12-08",44,"Safe"
"12266","QLD","2015-12-09",44,"Safe"
"12267","QLD","2015-12-10",41,"Safe"
"12268","QLD","2015-12-11",59,"Safe"
"12269","QLD","2015-12-12",39,"Safe"
"12270","QLD","2015-12-13",54,"Safe"
"12271","QLD","2015-12-14",39,"Safe"
"12272","QLD","2015-12-15",39,"Safe"
"12273","QLD","2015-12-16",39,"Safe"
"12274","QLD","2015-12-17",59,"Safe"
"12275","QLD","2015-12-18",46,"Safe"
"12276","QLD","2015-12-19",54,"Safe"
"12277","QLD","2015-12-20",50,"Safe"
"12278","QLD","2015-12-21",50,"Safe"
"12279","QLD","2015-12-22",44,"Safe"
"12280","QLD","2015-12-23",44,"Safe"
"12281","QLD","2015-12-24",56,"Safe"
"12282","QLD","2015-12-25",56,"Safe"
"12283","QLD","2015-12-26",39,"Safe"
"12284","QLD","2015-12-27",67,"MinorHazard"
"12285","QLD","2015-12-28",67,"MinorHazard"
"12286","QLD","2015-12-29",78,"MinorHazard"
"12287","QLD","2015-12-30",63,"MinorHazard"
"12288","QLD","2015-12-31",59,"Safe"
"12289","QLD","2016-01-01",35,"Safe"
"12290","QLD","2016-01-02",39,"Safe"
"12291","QLD","2016-01-03",41,"Safe"
"12292","QLD","2016-01-04",37,"Safe"
"12293","QLD","2016-01-07",35,"Safe"
"12294","QLD","2016-01-09",41,"Safe"
"12295","QLD","2016-01-10",48,"Safe"
"12296","QLD","2016-01-12",39,"Safe"
"12297","QLD","2016-01-13",37,"Safe"
"12298","QLD","2016-01-14",37,"Safe"
"12299","QLD","2016-01-15",78,"MinorHazard"
"12300","QLD","2016-01-16",65,"MinorHazard"
"12301","QLD","2016-01-17",56,"Safe"
"12302","QLD","2016-01-18",41,"Safe"
"12303","QLD","2016-01-19",46,"Safe"
"12304","QLD","2016-01-20",41,"Safe"
"12305","QLD","2016-01-21",44,"Safe"
"12306","QLD","2016-01-22",44,"Safe"
"12307","QLD","2016-01-23",33,"Safe"
"12308","QLD","2016-01-24",41,"Safe"
"12309","QLD","2016-01-25",35,"Safe"
"12310","QLD","2016-01-26",48,"Safe"
"12311","QLD","2016-01-27",39,"Safe"
"12312","QLD","2016-01-28",31,"Safe"
"12313","QLD","2016-01-29",72,"MinorHazard"
"12314","QLD","2016-01-30",44,"Safe"
"12315","QLD","2016-01-31",50,"Safe"
"12316","QLD","2016-02-01",41,"Safe"
"12317","QLD","2016-02-02",41,"Safe"
"12318","QLD","2016-02-03",46,"Safe"
"12319","QLD","2016-02-05",67,"MinorHazard"
"12320","QLD","2016-02-06",63,"MinorHazard"
"12321","QLD","2016-02-07",52,"Safe"
"12322","QLD","2016-02-08",61,"Safe"
"12323","QLD","2016-02-09",65,"MinorHazard"
"12324","QLD","2016-02-10",59,"Safe"
"12325","QLD","2016-02-11",50,"Safe"
"12326","QLD","2016-02-12",56,"Safe"
"12327","QLD","2016-02-13",57,"Safe"
"12328","QLD","2016-02-14",50,"Safe"
"12329","QLD","2016-02-15",28,"Safe"
"12330","QLD","2016-02-16",33,"Safe"
"12331","QLD","2016-02-17",37,"Safe"
"12332","QLD","2016-02-18",46,"Safe"
"12333","QLD","2016-02-19",35,"Safe"
"12334","QLD","2016-02-20",35,"Safe"
"12335","QLD","2016-02-21",44,"Safe"
"12336","QLD","2016-02-22",54,"Safe"
"12337","QLD","2016-02-23",54,"Safe"
"12338","QLD","2016-02-24",39,"Safe"
"12339","QLD","2016-02-25",37,"Safe"
"12340","QLD","2016-02-26",54,"Safe"
"12341","QLD","2016-02-27",67,"MinorHazard"
"12342","QLD","2016-02-28",54,"Safe"
"12343","QLD","2016-02-29",57,"Safe"
"12344","QLD","2016-03-01",54,"Safe"
"12345","QLD","2016-03-02",46,"Safe"
"12346","QLD","2016-03-03",52,"Safe"
"12347","QLD","2016-03-04",41,"Safe"
"12348","QLD","2016-03-05",48,"Safe"
"12349","QLD","2016-03-06",41,"Safe"
"12350","QLD","2016-03-07",41,"Safe"
"12351","QLD","2016-03-08",41,"Safe"
"12352","QLD","2016-03-09",46,"Safe"
"12353","QLD","2016-03-10",37,"Safe"
"12354","QLD","2016-03-11",39,"Safe"
"12355","QLD","2016-03-12",59,"Safe"
"12356","QLD","2016-03-13",48,"Safe"
"12357","QLD","2016-03-14",37,"Safe"
"12358","QLD","2016-03-15",44,"Safe"
"12359","QLD","2016-03-16",48,"Safe"
"12360","QLD","2016-03-17",48,"Safe"
"12361","QLD","2016-03-18",48,"Safe"
"12362","QLD","2016-03-19",57,"Safe"
"12363","QLD","2016-03-20",57,"Safe"
"12364","QLD","2016-03-21",54,"Safe"
"12365","QLD","2016-03-22",54,"Safe"
"12366","QLD","2016-03-23",37,"Safe"
"12367","QLD","2016-03-24",48,"Safe"
"12368","QLD","2016-03-25",41,"Safe"
"12369","QLD","2016-03-26",43,"Safe"
"12370","QLD","2016-03-27",31,"Safe"
"12371","QLD","2016-03-28",31,"Safe"
"12372","QLD","2016-03-29",37,"Safe"
"12373","QLD","2016-03-30",35,"Safe"
"12374","QLD","2016-03-31",37,"Safe"
"12375","QLD","2016-04-01",43,"Safe"
"12376","QLD","2016-04-02",52,"Safe"
"12377","QLD","2016-04-03",57,"Safe"
"12378","QLD","2016-04-04",52,"Safe"
"12379","QLD","2016-04-05",48,"Safe"
"12380","QLD","2016-04-06",41,"Safe"
"12381","QLD","2016-04-07",50,"Safe"
"12382","QLD","2016-04-08",41,"Safe"
"12383","QLD","2016-04-09",48,"Safe"
"12384","QLD","2016-04-10",41,"Safe"
"12385","QLD","2016-04-11",35,"Safe"
"12386","QLD","2016-04-12",59,"Safe"
"12387","QLD","2016-04-13",54,"Safe"
"12388","QLD","2016-04-14",76,"MinorHazard"
"12389","QLD","2016-04-15",59,"Safe"
"12390","QLD","2016-04-16",44,"Safe"
"12391","QLD","2016-04-17",41,"Safe"
"12392","QLD","2016-04-18",39,"Safe"
"12393","QLD","2016-04-19",41,"Safe"
"12394","QLD","2016-04-20",43,"Safe"
"12395","QLD","2016-04-21",41,"Safe"
"12396","QLD","2016-04-22",48,"Safe"
"12397","QLD","2016-04-23",59,"Safe"
"12398","QLD","2016-04-24",74,"MinorHazard"
"12399","QLD","2016-04-25",76,"MinorHazard"
"12400","QLD","2016-04-26",61,"Safe"
"12401","QLD","2016-04-27",54,"Safe"
"12402","QLD","2016-04-28",46,"Safe"
"12403","QLD","2016-04-29",41,"Safe"
"12404","QLD","2016-04-30",43,"Safe"
"12405","QLD","2016-05-01",37,"Safe"
"12406","QLD","2016-05-02",30,"Safe"
"12407","QLD","2016-05-03",31,"Safe"
"12408","QLD","2016-05-04",37,"Safe"
"12409","QLD","2016-05-05",35,"Safe"
"12410","QLD","2016-05-06",33,"Safe"
"12411","QLD","2016-05-07",37,"Safe"
"12412","QLD","2016-05-08",39,"Safe"
"12413","QLD","2016-05-09",37,"Safe"
"12414","QLD","2016-05-10",37,"Safe"
"12415","QLD","2016-05-11",50,"Safe"
"12416","QLD","2016-05-12",57,"Safe"
"12417","QLD","2016-05-13",50,"Safe"
"12418","QLD","2016-05-14",48,"Safe"
"12419","QLD","2016-05-15",50,"Safe"
"12420","QLD","2016-05-16",48,"Safe"
"12421","QLD","2016-05-17",43,"Safe"
"12422","QLD","2016-05-18",35,"Safe"
"12423","QLD","2016-05-19",37,"Safe"
"12424","QLD","2016-05-20",44,"Safe"
"12425","QLD","2016-05-21",52,"Safe"
"12426","QLD","2016-05-22",54,"Safe"
"12427","QLD","2016-05-23",35,"Safe"
"12428","QLD","2016-05-24",43,"Safe"
"12429","QLD","2016-05-25",33,"Safe"
"12430","QLD","2016-05-26",52,"Safe"
"12431","QLD","2016-05-27",61,"Safe"
"12432","QLD","2016-05-28",52,"Safe"
"12433","QLD","2016-05-29",33,"Safe"
"12434","QLD","2016-05-30",37,"Safe"
"12435","QLD","2016-05-31",48,"Safe"
"12436","QLD","2016-06-01",41,"Safe"
"12437","QLD","2016-06-02",46,"Safe"
"12438","QLD","2016-06-03",63,"MinorHazard"
"12439","QLD","2016-06-04",78,"MinorHazard"
"12440","QLD","2016-06-05",63,"MinorHazard"
"12441","QLD","2016-06-06",48,"Safe"
"12442","QLD","2016-06-07",48,"Safe"
"12443","QLD","2016-06-08",33,"Safe"
"12444","QLD","2016-06-09",31,"Safe"
"12445","QLD","2016-06-10",31,"Safe"
"12446","QLD","2016-06-11",41,"Safe"
"12447","QLD","2016-06-12",57,"Safe"
"12448","QLD","2016-06-13",70,"MinorHazard"
"12449","QLD","2016-06-14",52,"Safe"
"12450","QLD","2016-06-15",52,"Safe"
"12451","QLD","2016-06-16",44,"Safe"
"12452","QLD","2016-06-17",37,"Safe"
"12453","QLD","2016-06-18",31,"Safe"
"12454","QLD","2016-06-19",59,"Safe"
"12455","QLD","2016-06-20",74,"MinorHazard"
"12456","QLD","2016-06-21",44,"Safe"
"12457","QLD","2016-06-22",39,"Safe"
"12458","QLD","2016-06-23",31,"Safe"
"12459","QLD","2016-06-24",72,"MinorHazard"
"12460","QLD","2016-06-25",46,"Safe"
"12461","QLD","2016-06-26",35,"Safe"
"12462","QLD","2016-06-27",48,"Safe"
"12463","QLD","2016-06-28",48,"Safe"
"12464","QLD","2016-06-29",56,"Safe"
"12465","QLD","2016-06-30",37,"Safe"
"12466","QLD","2016-07-01",39,"Safe"
"12467","QLD","2016-07-02",43,"Safe"
"12468","QLD","2016-07-03",46,"Safe"
"12469","QLD","2016-07-04",31,"Safe"
"12470","QLD","2016-07-05",35,"Safe"
"12471","QLD","2016-07-06",52,"Safe"
"12472","QLD","2016-07-07",48,"Safe"
"12473","QLD","2016-07-08",31,"Safe"
"12474","QLD","2016-07-09",43,"Safe"
"12475","QLD","2016-07-10",35,"Safe"
"12476","QLD","2016-07-11",35,"Safe"
"12477","QLD","2016-07-12",33,"Safe"
"12478","QLD","2016-07-13",54,"Safe"
"12479","QLD","2016-07-14",54,"Safe"
"12480","QLD","2016-07-15",48,"Safe"
"12481","QLD","2016-07-16",52,"Safe"
"12482","QLD","2016-07-17",41,"Safe"
"12483","QLD","2016-07-18",44,"Safe"
"12484","QLD","2016-07-19",43,"Safe"
"12485","QLD","2016-07-20",43,"Safe"
"12486","QLD","2016-07-21",33,"Safe"
"12487","QLD","2016-07-22",31,"Safe"
"12488","QLD","2016-07-23",56,"Safe"
"12489","QLD","2016-07-24",33,"Safe"
"12490","QLD","2016-07-25",41,"Safe"
"12491","QLD","2016-07-26",37,"Safe"
"12492","QLD","2016-07-27",48,"Safe"
"12493","QLD","2016-07-28",52,"Safe"
"12494","QLD","2016-07-29",50,"Safe"
"12495","QLD","2016-07-30",44,"Safe"
"12496","QLD","2016-07-31",41,"Safe"
"12497","QLD","2016-08-01",33,"Safe"
"12498","QLD","2016-08-02",39,"Safe"
"12499","QLD","2016-08-04",69,"MinorHazard"
"12500","QLD","2016-08-05",56,"Safe"
"12501","QLD","2016-08-06",54,"Safe"
"12502","QLD","2016-08-07",46,"Safe"
"12503","QLD","2016-08-08",48,"Safe"
"12504","QLD","2016-08-09",48,"Safe"
"12505","QLD","2016-08-10",39,"Safe"
"12506","QLD","2016-08-11",37,"Safe"
"12507","QLD","2016-08-12",41,"Safe"
"12508","QLD","2016-08-13",41,"Safe"
"12509","QLD","2016-08-14",52,"Safe"
"12510","QLD","2016-08-15",54,"Safe"
"12511","QLD","2016-08-16",46,"Safe"
"12512","QLD","2016-08-17",50,"Safe"
"12513","QLD","2016-08-18",50,"Safe"
"12514","QLD","2016-08-19",41,"Safe"
"12515","QLD","2016-08-20",46,"Safe"
"12516","QLD","2016-08-21",35,"Safe"
"12517","QLD","2016-08-22",37,"Safe"
"12518","QLD","2016-08-23",35,"Safe"
"12519","QLD","2016-08-24",54,"Safe"
"12520","QLD","2016-08-25",50,"Safe"
"12521","QLD","2016-08-26",44,"Safe"
"12522","QLD","2016-08-27",50,"Safe"
"12523","QLD","2016-08-28",44,"Safe"
"12524","QLD","2016-08-29",48,"Safe"
"12525","QLD","2016-08-30",50,"Safe"
"12526","QLD","2016-08-31",39,"Safe"
"12527","QLD","2016-09-01",39,"Safe"
"12528","QLD","2016-09-02",63,"MinorHazard"
"12529","QLD","2016-09-03",65,"MinorHazard"
"12530","QLD","2016-09-04",48,"Safe"
"12531","QLD","2016-09-05",48,"Safe"
"12532","QLD","2016-09-06",50,"Safe"
"12533","QLD","2016-09-07",50,"Safe"
"12534","QLD","2016-09-08",48,"Safe"
"12535","QLD","2016-09-09",43,"Safe"
"12536","QLD","2016-09-10",50,"Safe"
"12537","QLD","2016-09-11",41,"Safe"
"12538","QLD","2016-09-12",41,"Safe"
"12539","QLD","2016-09-13",37,"Safe"
"12540","QLD","2016-09-14",46,"Safe"
"12541","QLD","2016-09-15",35,"Safe"
"12542","QLD","2016-09-16",52,"Safe"
"12543","QLD","2016-09-17",35,"Safe"
"12544","QLD","2016-09-18",56,"Safe"
"12545","QLD","2016-09-19",37,"Safe"
"12546","QLD","2016-09-20",37,"Safe"
"12547","QLD","2016-09-21",30,"Safe"
"12548","QLD","2016-09-22",46,"Safe"
"12549","QLD","2016-09-23",31,"Safe"
"12550","QLD","2016-09-24",43,"Safe"
"12551","QLD","2016-09-25",56,"Safe"
"12552","QLD","2016-09-26",30,"Safe"
"12553","QLD","2016-09-27",33,"Safe"
"12554","QLD","2016-09-28",37,"Safe"
"12555","QLD","2016-09-29",46,"Safe"
"12556","QLD","2016-09-30",69,"MinorHazard"
"12557","QLD","2016-10-01",37,"Safe"
"12558","QLD","2016-10-02",37,"Safe"
"12559","QLD","2016-10-03",76,"MinorHazard"
"12560","QLD","2016-10-04",44,"Safe"
"12561","QLD","2016-10-05",46,"Safe"
"12562","QLD","2016-10-06",69,"MinorHazard"
"12563","QLD","2016-10-07",54,"Safe"
"12564","QLD","2016-10-08",56,"Safe"
"12565","QLD","2016-10-09",61,"Safe"
"12566","QLD","2016-10-10",43,"Safe"
"12567","QLD","2016-10-11",33,"Safe"
"12568","QLD","2016-10-12",37,"Safe"
"12569","QLD","2016-10-13",67,"MinorHazard"
"12570","QLD","2016-10-14",52,"Safe"
"12571","QLD","2016-10-15",50,"Safe"
"12572","QLD","2016-10-16",44,"Safe"
"12573","QLD","2016-10-17",59,"Safe"
"12574","QLD","2016-10-18",35,"Safe"
"12575","QLD","2016-10-19",33,"Safe"
"12576","QLD","2016-10-20",39,"Safe"
"12577","QLD","2016-10-21",43,"Safe"
"12578","QLD","2016-10-22",46,"Safe"
"12579","QLD","2016-10-23",54,"Safe"
"12580","QLD","2016-10-24",44,"Safe"
"12581","QLD","2016-10-25",41,"Safe"
"12582","QLD","2016-10-26",48,"Safe"
"12583","QLD","2016-10-27",43,"Safe"
"12584","QLD","2016-10-28",46,"Safe"
"12585","QLD","2016-10-29",50,"Safe"
"12586","QLD","2016-10-30",39,"Safe"
"12587","QLD","2016-10-31",37,"Safe"
"12588","QLD","2016-11-01",33,"Safe"
"12589","QLD","2016-11-04",46,"Safe"
"12590","QLD","2016-11-05",37,"Safe"
"12591","QLD","2016-11-06",35,"Safe"
"12592","QLD","2016-11-07",33,"Safe"
"12593","QLD","2016-11-08",50,"Safe"
"12594","QLD","2016-11-09",52,"Safe"
"12595","QLD","2016-11-10",35,"Safe"
"12596","QLD","2016-11-11",33,"Safe"
"12597","QLD","2016-11-12",46,"Safe"
"12598","QLD","2016-11-13",57,"Safe"
"12599","QLD","2016-11-14",43,"Safe"
"12600","QLD","2016-11-15",52,"Safe"
"12601","QLD","2016-11-16",52,"Safe"
"12602","QLD","2016-11-17",59,"Safe"
"12603","QLD","2016-11-18",52,"Safe"
"12604","QLD","2016-11-20",48,"Safe"
"12605","QLD","2016-11-21",48,"Safe"
"12606","QLD","2016-11-22",44,"Safe"
"12607","QLD","2016-11-23",39,"Safe"
"12608","QLD","2016-11-24",59,"Safe"
"12609","QLD","2016-11-25",37,"Safe"
"12610","QLD","2016-11-26",41,"Safe"
"12611","QLD","2016-11-27",44,"Safe"
"12612","QLD","2016-11-28",39,"Safe"
"12613","QLD","2016-11-29",43,"Safe"
"12614","QLD","2016-11-30",52,"Safe"
"12615","QLD","2016-12-01",43,"Safe"
"12616","QLD","2016-12-02",41,"Safe"
"12617","QLD","2016-12-03",56,"Safe"
"12618","QLD","2016-12-04",44,"Safe"
"12619","QLD","2016-12-05",46,"Safe"
"12620","QLD","2016-12-06",48,"Safe"
"12621","QLD","2016-12-07",39,"Safe"
"12622","QLD","2016-12-08",39,"Safe"
"12623","QLD","2016-12-09",39,"Safe"
"12624","QLD","2016-12-10",48,"Safe"
"12625","QLD","2016-12-11",48,"Safe"
"12626","QLD","2016-12-12",57,"Safe"
"12627","QLD","2016-12-13",39,"Safe"
"12628","QLD","2016-12-14",41,"Safe"
"12629","QLD","2016-12-15",41,"Safe"
"12630","QLD","2016-12-16",37,"Safe"
"12631","QLD","2016-12-17",41,"Safe"
"12632","QLD","2016-12-18",63,"MinorHazard"
"12633","QLD","2016-12-19",54,"Safe"
"12634","QLD","2016-12-20",48,"Safe"
"12635","QLD","2016-12-21",41,"Safe"
"12636","QLD","2016-12-22",57,"Safe"
"12637","QLD","2016-12-23",43,"Safe"
"12638","QLD","2016-12-24",43,"Safe"
"12639","QLD","2016-12-25",33,"Safe"
"12640","QLD","2016-12-26",41,"Safe"
"12641","QLD","2016-12-27",41,"Safe"
"12642","QLD","2016-12-28",48,"Safe"
"12643","QLD","2016-12-29",41,"Safe"
"12644","QLD","2016-12-30",41,"Safe"
"12645","QLD","2016-12-31",41,"Safe"
"12646","QLD","2017-01-01",41,"Safe"
"12647","QLD","2017-01-02",59,"Safe"
"12648","QLD","2017-01-03",57,"Safe"
"12649","QLD","2017-01-04",54,"Safe"
"12650","QLD","2017-01-05",43,"Safe"
"12651","QLD","2017-01-06",56,"Safe"
"12652","QLD","2017-01-07",61,"Safe"
"12653","QLD","2017-01-08",56,"Safe"
"12654","QLD","2017-01-09",52,"Safe"
"12655","QLD","2017-01-10",50,"Safe"
"12656","QLD","2017-01-11",50,"Safe"
"12657","QLD","2017-01-12",37,"Safe"
"12658","QLD","2017-01-13",33,"Safe"
"12659","QLD","2017-01-14",39,"Safe"
"12660","QLD","2017-01-15",48,"Safe"
"12661","QLD","2017-01-16",39,"Safe"
"12662","QLD","2017-01-17",37,"Safe"
"12663","QLD","2017-01-18",41,"Safe"
"12664","QLD","2017-01-19",54,"Safe"
"12665","QLD","2017-01-20",46,"Safe"
"12666","QLD","2017-01-21",54,"Safe"
"12667","QLD","2017-01-22",39,"Safe"
"12668","QLD","2017-01-23",39,"Safe"
"12669","QLD","2017-01-24",37,"Safe"
"12670","QLD","2017-01-25",41,"Safe"
"12671","QLD","2017-01-26",41,"Safe"
"12672","QLD","2017-01-27",37,"Safe"
"12673","QLD","2017-01-28",37,"Safe"
"12674","QLD","2017-01-29",50,"Safe"
"12675","QLD","2017-01-31",46,"Safe"
"12676","QLD","2017-02-01",50,"Safe"
"12677","QLD","2017-02-02",30,"Safe"
"12678","QLD","2017-02-03",50,"Safe"
"12679","QLD","2017-02-04",48,"Safe"
"12680","QLD","2017-02-05",50,"Safe"
"12681","QLD","2017-02-08",52,"Safe"
"12682","QLD","2017-02-09",50,"Safe"
"12683","QLD","2017-02-10",43,"Safe"
"12684","QLD","2017-02-11",44,"Safe"
"12685","QLD","2017-02-12",31,"Safe"
"12686","QLD","2017-02-13",63,"MinorHazard"
"12687","QLD","2017-02-14",52,"Safe"
"12688","QLD","2017-02-15",41,"Safe"
"12689","QLD","2017-02-16",61,"Safe"
"12690","QLD","2017-02-17",37,"Safe"
"12691","QLD","2017-02-18",48,"Safe"
"12692","QLD","2017-02-19",35,"Safe"
"12693","QLD","2017-02-20",39,"Safe"
"12694","QLD","2017-02-21",46,"Safe"
"12695","QLD","2017-02-22",50,"Safe"
"12696","QLD","2017-02-23",50,"Safe"
"12697","QLD","2017-02-24",41,"Safe"
"12698","QLD","2017-02-25",39,"Safe"
"12699","QLD","2017-02-26",74,"MinorHazard"
"12700","QLD","2017-02-27",57,"Safe"
"12701","QLD","2017-02-28",59,"Safe"
"12702","QLD","2017-03-01",54,"Safe"
"12703","QLD","2017-03-02",48,"Safe"
"12704","QLD","2017-03-03",61,"Safe"
"12705","QLD","2017-03-04",41,"Safe"
"12706","QLD","2017-03-05",41,"Safe"
"12707","QLD","2017-03-06",48,"Safe"
"12708","QLD","2017-03-07",72,"MinorHazard"
"12709","QLD","2017-03-08",59,"Safe"
"12710","QLD","2017-03-09",56,"Safe"
"12711","QLD","2017-03-10",59,"Safe"
"12712","QLD","2017-03-11",39,"Safe"
"12713","QLD","2017-03-12",33,"Safe"
"12714","QLD","2017-03-13",52,"Safe"
"12715","QLD","2017-03-14",57,"Safe"
"12716","QLD","2017-03-15",46,"Safe"
"12717","QLD","2017-03-16",31,"Safe"
"12718","QLD","2017-03-17",61,"Safe"
"12719","QLD","2017-03-18",44,"Safe"
"12720","QLD","2017-03-19",50,"Safe"
"12721","QLD","2017-03-20",48,"Safe"
"12722","QLD","2017-03-21",37,"Safe"
"12723","QLD","2017-03-22",41,"Safe"
"12724","QLD","2017-03-23",54,"Safe"
"12725","QLD","2017-03-24",59,"Safe"
"12726","QLD","2017-03-25",43,"Safe"
"12727","QLD","2017-03-26",41,"Safe"
"12728","QLD","2017-03-27",56,"Safe"
"12729","QLD","2017-03-28",70,"MinorHazard"
"12730","QLD","2017-03-29",59,"Safe"
"12731","QLD","2017-03-30",76,"MinorHazard"
"12732","QLD","2017-03-31",81,"MinorHazard"
"12733","QLD","2017-04-01",56,"Safe"
"12734","QLD","2017-04-02",59,"Safe"
"12735","QLD","2017-04-03",67,"MinorHazard"
"12736","QLD","2017-04-04",76,"MinorHazard"
"12737","QLD","2017-04-05",65,"MinorHazard"
"12738","QLD","2017-04-06",54,"Safe"
"12739","QLD","2017-04-07",52,"Safe"
"12740","QLD","2017-04-08",54,"Safe"
"12741","QLD","2017-04-09",35,"Safe"
"12742","QLD","2017-04-10",46,"Safe"
"12743","QLD","2017-04-11",50,"Safe"
"12744","QLD","2017-04-12",56,"Safe"
"12745","QLD","2017-04-13",46,"Safe"
"12746","QLD","2017-04-14",44,"Safe"
"12747","QLD","2017-04-15",52,"Safe"
"12748","QLD","2017-04-16",48,"Safe"
"12749","QLD","2017-04-17",50,"Safe"
"12750","QLD","2017-04-18",54,"Safe"
"12751","QLD","2017-04-19",59,"Safe"
"12752","QLD","2017-04-20",65,"MinorHazard"
"12753","QLD","2017-04-22",52,"Safe"
"12754","QLD","2017-04-23",39,"Safe"
"12755","QLD","2017-04-24",43,"Safe"
"12756","QLD","2017-04-25",33,"Safe"
"12757","QLD","2017-04-26",35,"Safe"
"12758","QLD","2017-04-27",39,"Safe"
"12759","QLD","2017-04-28",56,"Safe"
"12760","QLD","2017-04-29",43,"Safe"
"12761","QLD","2017-04-30",48,"Safe"
"12762","QLD","2017-05-01",37,"Safe"
"12763","QLD","2017-05-02",35,"Safe"
"12764","QLD","2017-05-03",61,"Safe"
"12765","QLD","2017-05-04",54,"Safe"
"12766","QLD","2017-05-05",56,"Safe"
"12767","QLD","2017-05-06",48,"Safe"
"12768","QLD","2017-05-07",48,"Safe"
"12769","QLD","2017-05-08",61,"Safe"
"12770","QLD","2017-05-09",56,"Safe"
"12771","QLD","2017-05-10",54,"Safe"
"12772","QLD","2017-05-11",44,"Safe"
"12773","QLD","2017-05-12",50,"Safe"
"12774","QLD","2017-05-13",44,"Safe"
"12775","QLD","2017-05-14",39,"Safe"
"12776","QLD","2017-05-15",39,"Safe"
"12777","QLD","2017-05-16",41,"Safe"
"12778","QLD","2017-05-17",41,"Safe"
"12779","QLD","2017-05-18",52,"Safe"
"12780","QLD","2017-05-19",59,"Safe"
"12781","QLD","2017-05-20",41,"Safe"
"12782","QLD","2017-05-21",41,"Safe"
"12783","QLD","2017-05-22",37,"Safe"
"12784","QLD","2017-05-23",48,"Safe"
"12785","QLD","2017-05-24",43,"Safe"
"12786","QLD","2017-05-25",52,"Safe"
"12787","QLD","2017-05-26",50,"Safe"
"12788","QLD","2017-05-27",37,"Safe"
"12789","QLD","2017-05-28",39,"Safe"
"12790","QLD","2017-05-29",48,"Safe"
"12791","QLD","2017-05-30",50,"Safe"
"12792","QLD","2017-05-31",48,"Safe"
"12793","QLD","2017-06-01",57,"Safe"
"12794","QLD","2017-06-02",59,"Safe"
"12795","QLD","2017-06-03",50,"Safe"
"12796","QLD","2017-06-04",57,"Safe"
"12797","QLD","2017-06-05",39,"Safe"
"12798","QLD","2017-06-06",46,"Safe"
"12799","QLD","2017-06-07",48,"Safe"
"12800","QLD","2017-06-08",44,"Safe"
"12801","QLD","2017-06-09",54,"Safe"
"12802","QLD","2017-06-10",65,"MinorHazard"
"12803","QLD","2017-06-11",50,"Safe"
"12804","QLD","2017-06-12",67,"MinorHazard"
"12805","QLD","2017-06-13",87,"MinorHazard"
"12806","QLD","2017-06-14",72,"MinorHazard"
"12807","QLD","2017-06-15",50,"Safe"
"12808","QLD","2017-06-16",46,"Safe"
"12809","QLD","2017-06-17",35,"Safe"
"12810","QLD","2017-06-18",39,"Safe"
"12811","QLD","2017-06-19",61,"Safe"
"12812","QLD","2017-06-20",52,"Safe"
"12813","QLD","2017-06-21",48,"Safe"
"12814","QLD","2017-06-22",46,"Safe"
"12815","QLD","2017-06-23",39,"Safe"
"12816","QLD","2017-06-24",41,"Safe"
"12817","QLD","2017-06-25",41,"Safe"
"12818","QLD","2009-01-30",57,"Safe"
"12819","QLD","2009-06-30",33,"Safe"
"12820","QLD","2009-11-19",35,"Safe"
"12821","QLD","2010-03-17",59,"Safe"
"12822","QLD","2010-05-05",37,"Safe"
"12823","QLD","2010-05-06",48,"Safe"
"12824","QLD","2011-03-14",35,"Safe"
"12825","QLD","2011-06-07",31,"Safe"
"12826","QLD","2011-07-14",57,"Safe"
"12827","QLD","2011-11-28",52,"Safe"
"12828","QLD","2012-01-31",44,"Safe"
"12829","QLD","2012-08-07",48,"Safe"
"12830","QLD","2012-08-16",39,"Safe"
"12831","QLD","2013-01-30",61,"Safe"
"12832","QLD","2013-03-07",54,"Safe"
"12833","QLD","2014-01-07",65,"MinorHazard"
"12834","QLD","2014-01-16",54,"Safe"
"12835","QLD","2014-01-24",41,"Safe"
"12836","QLD","2014-02-13",37,"Safe"
"12837","QLD","2015-01-14",39,"Safe"
"12838","QLD","2015-02-03",70,"MinorHazard"
"12839","QLD","2015-04-28",48,"Safe"
"12840","QLD","2015-05-05",33,"Safe"
"12841","QLD","2015-05-07",46,"Safe"
"12842","QLD","2015-05-26",48,"Safe"
"12843","QLD","2015-09-01",41,"Safe"
"12844","QLD","2015-09-02",41,"Safe"
"12845","QLD","2016-01-05",43,"Safe"
"12846","QLD","2016-01-06",31,"Safe"
"12847","QLD","2016-01-08",41,"Safe"
"12848","QLD","2016-01-11",39,"Safe"
"12849","QLD","2016-02-04",54,"Safe"
"12850","QLD","2016-08-03",52,"Safe"
"12851","QLD","2016-11-02",50,"Safe"
"12852","QLD","2016-11-03",37,"Safe"
"12853","QLD","2016-11-19",54,"Safe"
"12854","QLD","2017-01-30",44,"Safe"
"12855","QLD","2017-02-06",48,"Safe"
"12856","QLD","2017-02-07",50,"Safe"
"12857","QLD","2017-04-21",54,"Safe"
"12858","WA","2009-01-01",56,"Safe"
"12859","WA","2009-01-02",59,"Safe"
"12860","WA","2009-01-03",54,"Safe"
"12861","WA","2009-01-04",50,"Safe"
"12862","WA","2009-01-05",59,"Safe"
"12863","WA","2009-01-06",54,"Safe"
"12864","WA","2009-01-07",69,"MinorHazard"
"12865","WA","2009-01-08",48,"Safe"
"12866","WA","2009-01-09",46,"Safe"
"12867","WA","2009-01-10",50,"Safe"
"12868","WA","2009-01-11",61,"Safe"
"12869","WA","2009-01-12",76,"MinorHazard"
"12870","WA","2009-01-13",48,"Safe"
"12871","WA","2009-01-14",43,"Safe"
"12872","WA","2009-01-16",50,"Safe"
"12873","WA","2009-01-17",54,"Safe"
"12874","WA","2009-01-18",59,"Safe"
"12875","WA","2009-01-19",72,"MinorHazard"
"12876","WA","2009-01-20",48,"Safe"
"12877","WA","2009-01-21",57,"Safe"
"12878","WA","2009-01-22",46,"Safe"
"12879","WA","2009-01-23",44,"Safe"
"12880","WA","2009-01-24",44,"Safe"
"12881","WA","2009-01-25",50,"Safe"
"12882","WA","2009-01-26",57,"Safe"
"12883","WA","2009-01-27",50,"Safe"
"12884","WA","2009-01-28",46,"Safe"
"12885","WA","2009-01-29",43,"Safe"
"12886","WA","2009-01-30",50,"Safe"
"12887","WA","2009-01-31",63,"MinorHazard"
"12888","WA","2009-02-01",44,"Safe"
"12889","WA","2009-02-02",41,"Safe"
"12890","WA","2009-02-03",44,"Safe"
"12891","WA","2009-02-06",56,"Safe"
"12892","WA","2009-02-07",48,"Safe"
"12893","WA","2009-02-08",67,"MinorHazard"
"12894","WA","2009-02-09",69,"MinorHazard"
"12895","WA","2009-02-10",65,"MinorHazard"
"12896","WA","2009-02-11",46,"Safe"
"12897","WA","2009-02-12",54,"Safe"
"12898","WA","2009-02-13",67,"MinorHazard"
"12899","WA","2009-02-14",65,"MinorHazard"
"12900","WA","2009-02-15",54,"Safe"
"12901","WA","2009-02-16",48,"Safe"
"12902","WA","2009-02-17",56,"Safe"
"12903","WA","2009-02-18",67,"MinorHazard"
"12904","WA","2009-02-19",61,"Safe"
"12905","WA","2009-02-20",61,"Safe"
"12906","WA","2009-02-21",54,"Safe"
"12907","WA","2009-02-22",48,"Safe"
"12908","WA","2009-02-23",70,"MinorHazard"
"12909","WA","2009-02-24",50,"Safe"
"12910","WA","2009-02-25",54,"Safe"
"12911","WA","2009-02-26",48,"Safe"
"12912","WA","2009-02-27",46,"Safe"
"12913","WA","2009-02-28",54,"Safe"
"12914","WA","2009-03-01",56,"Safe"
"12915","WA","2009-03-02",63,"MinorHazard"
"12916","WA","2009-03-03",44,"Safe"
"12917","WA","2009-03-04",52,"Safe"
"12918","WA","2009-03-05",39,"Safe"
"12919","WA","2009-03-06",72,"MinorHazard"
"12920","WA","2009-03-07",78,"MinorHazard"
"12921","WA","2009-03-08",48,"Safe"
"12922","WA","2009-03-09",39,"Safe"
"12923","WA","2009-03-10",39,"Safe"
"12924","WA","2009-03-11",52,"Safe"
"12925","WA","2009-03-12",37,"Safe"
"12926","WA","2009-03-13",54,"Safe"
"12927","WA","2009-03-14",57,"Safe"
"12928","WA","2009-03-15",61,"Safe"
"12929","WA","2009-03-16",50,"Safe"
"12930","WA","2009-03-18",48,"Safe"
"12931","WA","2009-03-19",46,"Safe"
"12932","WA","2009-03-20",52,"Safe"
"12933","WA","2009-03-21",37,"Safe"
"12934","WA","2009-03-22",39,"Safe"
"12935","WA","2009-03-23",50,"Safe"
"12936","WA","2009-03-24",43,"Safe"
"12937","WA","2009-03-25",44,"Safe"
"12938","WA","2009-03-26",57,"Safe"
"12939","WA","2009-03-27",43,"Safe"
"12940","WA","2009-03-28",50,"Safe"
"12941","WA","2009-03-29",54,"Safe"
"12942","WA","2009-03-30",50,"Safe"
"12943","WA","2009-03-31",50,"Safe"
"12944","WA","2009-04-01",43,"Safe"
"12945","WA","2009-04-02",41,"Safe"
"12946","WA","2009-04-03",57,"Safe"
"12947","WA","2009-04-04",52,"Safe"
"12948","WA","2009-04-05",52,"Safe"
"12949","WA","2009-04-06",48,"Safe"
"12950","WA","2009-04-07",59,"Safe"
"12951","WA","2009-04-08",37,"Safe"
"12952","WA","2009-04-09",54,"Safe"
"12953","WA","2009-04-10",57,"Safe"
"12954","WA","2009-04-11",52,"Safe"
"12955","WA","2009-04-12",67,"MinorHazard"
"12956","WA","2009-04-13",70,"MinorHazard"
"12957","WA","2009-04-14",50,"Safe"
"12958","WA","2009-04-15",46,"Safe"
"12959","WA","2009-04-16",35,"Safe"
"12960","WA","2009-04-17",48,"Safe"
"12961","WA","2009-04-18",52,"Safe"
"12962","WA","2009-04-19",33,"Safe"
"12963","WA","2009-04-20",31,"Safe"
"12964","WA","2009-04-21",33,"Safe"
"12965","WA","2009-04-22",56,"Safe"
"12966","WA","2009-04-23",44,"Safe"
"12967","WA","2009-04-24",48,"Safe"
"12968","WA","2009-04-25",43,"Safe"
"12969","WA","2009-04-26",33,"Safe"
"12970","WA","2009-04-27",37,"Safe"
"12971","WA","2009-04-28",39,"Safe"
"12972","WA","2009-04-29",44,"Safe"
"12973","WA","2009-04-30",39,"Safe"
"12974","WA","2009-05-01",54,"Safe"
"12975","WA","2009-05-02",43,"Safe"
"12976","WA","2009-05-03",33,"Safe"
"12977","WA","2009-05-04",52,"Safe"
"12978","WA","2009-05-05",50,"Safe"
"12979","WA","2009-05-06",43,"Safe"
"12980","WA","2009-05-07",41,"Safe"
"12981","WA","2009-05-08",37,"Safe"
"12982","WA","2009-05-09",37,"Safe"
"12983","WA","2009-05-10",35,"Safe"
"12984","WA","2009-05-11",57,"Safe"
"12985","WA","2009-05-12",67,"MinorHazard"
"12986","WA","2009-05-13",54,"Safe"
"12987","WA","2009-05-14",33,"Safe"
"12988","WA","2009-05-15",30,"Safe"
"12989","WA","2009-05-16",31,"Safe"
"12990","WA","2009-05-17",35,"Safe"
"12991","WA","2009-05-18",35,"Safe"
"12992","WA","2009-05-19",37,"Safe"
"12993","WA","2009-05-20",65,"MinorHazard"
"12994","WA","2009-05-21",107,"Damaging"
"12995","WA","2009-05-22",91,"Damaging"
"12996","WA","2009-05-23",63,"MinorHazard"
"12997","WA","2009-05-24",48,"Safe"
"12998","WA","2009-05-25",39,"Safe"
"12999","WA","2009-05-26",54,"Safe"
"13000","WA","2009-05-27",50,"Safe"
"13001","WA","2009-05-28",46,"Safe"
"13002","WA","2009-05-29",50,"Safe"
"13003","WA","2009-05-30",48,"Safe"
"13004","WA","2009-05-31",37,"Safe"
"13005","WA","2009-06-01",37,"Safe"
"13006","WA","2009-06-02",37,"Safe"
"13007","WA","2009-06-03",59,"Safe"
"13008","WA","2009-06-04",67,"MinorHazard"
"13009","WA","2009-06-05",52,"Safe"
"13010","WA","2009-06-06",43,"Safe"
"13011","WA","2009-06-07",30,"Safe"
"13012","WA","2009-06-08",28,"Safe"
"13013","WA","2009-06-09",43,"Safe"
"13014","WA","2009-06-10",61,"Safe"
"13015","WA","2009-06-11",52,"Safe"
"13016","WA","2009-06-12",46,"Safe"
"13017","WA","2009-06-13",41,"Safe"
"13018","WA","2009-06-14",37,"Safe"
"13019","WA","2009-06-15",44,"Safe"
"13020","WA","2009-06-16",43,"Safe"
"13021","WA","2009-06-17",63,"MinorHazard"
"13022","WA","2009-06-18",61,"Safe"
"13023","WA","2009-06-19",81,"MinorHazard"
"13024","WA","2009-06-20",81,"MinorHazard"
"13025","WA","2009-06-21",69,"MinorHazard"
"13026","WA","2009-06-22",41,"Safe"
"13027","WA","2009-06-23",52,"Safe"
"13028","WA","2009-06-24",52,"Safe"
"13029","WA","2009-06-25",48,"Safe"
"13030","WA","2009-06-26",70,"MinorHazard"
"13031","WA","2009-06-27",81,"MinorHazard"
"13032","WA","2009-06-28",69,"MinorHazard"
"13033","WA","2009-06-29",83,"MinorHazard"
"13034","WA","2009-06-30",69,"MinorHazard"
"13035","WA","2009-07-01",43,"Safe"
"13036","WA","2009-07-02",30,"Safe"
"13037","WA","2009-07-03",41,"Safe"
"13038","WA","2009-07-04",31,"Safe"
"13039","WA","2009-07-05",30,"Safe"
"13040","WA","2009-07-06",74,"MinorHazard"
"13041","WA","2009-07-07",41,"Safe"
"13042","WA","2009-07-08",72,"MinorHazard"
"13043","WA","2009-07-09",70,"MinorHazard"
"13044","WA","2009-07-10",57,"Safe"
"13045","WA","2009-07-11",39,"Safe"
"13046","WA","2009-07-12",50,"Safe"
"13047","WA","2009-07-13",44,"Safe"
"13048","WA","2009-07-14",39,"Safe"
"13049","WA","2009-07-15",67,"MinorHazard"
"13050","WA","2009-07-16",76,"MinorHazard"
"13051","WA","2009-07-17",59,"Safe"
"13052","WA","2009-07-18",61,"Safe"
"13053","WA","2009-07-19",65,"MinorHazard"
"13054","WA","2009-07-20",76,"MinorHazard"
"13055","WA","2009-07-21",76,"MinorHazard"
"13056","WA","2009-07-22",54,"Safe"
"13057","WA","2009-07-23",41,"Safe"
"13058","WA","2009-07-24",61,"Safe"
"13059","WA","2009-07-25",59,"Safe"
"13060","WA","2009-07-26",48,"Safe"
"13061","WA","2009-07-27",33,"Safe"
"13062","WA","2009-07-28",52,"Safe"
"13063","WA","2009-07-29",31,"Safe"
"13064","WA","2009-07-30",35,"Safe"
"13065","WA","2009-07-31",33,"Safe"
"13066","WA","2009-08-01",37,"Safe"
"13067","WA","2009-08-02",33,"Safe"
"13068","WA","2009-08-03",35,"Safe"
"13069","WA","2009-08-04",30,"Safe"
"13070","WA","2009-08-05",61,"Safe"
"13071","WA","2009-08-07",39,"Safe"
"13072","WA","2009-08-08",43,"Safe"
"13073","WA","2009-08-09",46,"Safe"
"13074","WA","2009-08-10",67,"MinorHazard"
"13075","WA","2009-08-11",69,"MinorHazard"
"13076","WA","2009-08-12",57,"Safe"
"13077","WA","2009-08-13",70,"MinorHazard"
"13078","WA","2009-08-14",91,"Damaging"
"13079","WA","2009-08-15",74,"MinorHazard"
"13080","WA","2009-08-16",52,"Safe"
"13081","WA","2009-08-17",59,"Safe"
"13082","WA","2009-08-18",63,"MinorHazard"
"13083","WA","2009-08-19",87,"MinorHazard"
"13084","WA","2009-08-20",61,"Safe"
"13085","WA","2009-08-21",63,"MinorHazard"
"13086","WA","2009-08-22",69,"MinorHazard"
"13087","WA","2009-08-23",67,"MinorHazard"
"13088","WA","2009-08-24",52,"Safe"
"13089","WA","2009-08-25",30,"Safe"
"13090","WA","2009-08-26",33,"Safe"
"13091","WA","2009-08-27",37,"Safe"
"13092","WA","2009-08-28",61,"Safe"
"13093","WA","2009-08-29",43,"Safe"
"13094","WA","2009-08-30",43,"Safe"
"13095","WA","2009-08-31",37,"Safe"
"13096","WA","2009-09-01",72,"MinorHazard"
"13097","WA","2009-09-02",69,"MinorHazard"
"13098","WA","2009-09-03",39,"Safe"
"13099","WA","2009-09-04",52,"Safe"
"13100","WA","2009-09-05",81,"MinorHazard"
"13101","WA","2009-09-06",56,"Safe"
"13102","WA","2009-09-07",70,"MinorHazard"
"13103","WA","2009-09-08",44,"Safe"
"13104","WA","2009-09-09",56,"Safe"
"13105","WA","2009-09-10",87,"MinorHazard"
"13106","WA","2009-09-11",81,"MinorHazard"
"13107","WA","2009-09-12",59,"Safe"
"13108","WA","2009-09-13",43,"Safe"
"13109","WA","2009-09-14",50,"Safe"
"13110","WA","2009-09-15",46,"Safe"
"13111","WA","2009-09-16",48,"Safe"
"13112","WA","2009-09-17",69,"MinorHazard"
"13113","WA","2009-09-18",63,"MinorHazard"
"13114","WA","2009-09-19",39,"Safe"
"13115","WA","2009-09-20",65,"MinorHazard"
"13116","WA","2009-09-21",80,"MinorHazard"
"13117","WA","2009-09-23",44,"Safe"
"13118","WA","2009-09-24",67,"MinorHazard"
"13119","WA","2009-09-25",48,"Safe"
"13120","WA","2009-09-26",50,"Safe"
"13121","WA","2009-09-27",43,"Safe"
"13122","WA","2009-09-28",48,"Safe"
"13123","WA","2009-09-29",48,"Safe"
"13124","WA","2009-09-30",43,"Safe"
"13125","WA","2009-10-01",31,"Safe"
"13126","WA","2009-10-02",54,"Safe"
"13127","WA","2009-10-03",41,"Safe"
"13128","WA","2009-10-04",41,"Safe"
"13129","WA","2009-10-05",54,"Safe"
"13130","WA","2009-10-06",43,"Safe"
"13131","WA","2009-10-07",43,"Safe"
"13132","WA","2009-10-08",44,"Safe"
"13133","WA","2009-10-09",37,"Safe"
"13134","WA","2009-10-10",56,"Safe"
"13135","WA","2009-10-11",59,"Safe"
"13136","WA","2009-10-12",48,"Safe"
"13137","WA","2009-10-13",41,"Safe"
"13138","WA","2009-10-14",37,"Safe"
"13139","WA","2009-10-15",56,"Safe"
"13140","WA","2009-10-16",61,"Safe"
"13141","WA","2009-10-17",63,"MinorHazard"
"13142","WA","2009-10-18",48,"Safe"
"13143","WA","2009-10-19",46,"Safe"
"13144","WA","2009-10-20",46,"Safe"
"13145","WA","2009-10-21",56,"Safe"
"13146","WA","2009-10-22",46,"Safe"
"13147","WA","2009-10-23",52,"Safe"
"13148","WA","2009-10-24",69,"MinorHazard"
"13149","WA","2009-10-25",78,"MinorHazard"
"13150","WA","2009-10-26",52,"Safe"
"13151","WA","2009-10-27",46,"Safe"
"13152","WA","2009-10-28",70,"MinorHazard"
"13153","WA","2009-10-29",44,"Safe"
"13154","WA","2009-10-30",48,"Safe"
"13155","WA","2009-10-31",50,"Safe"
"13156","WA","2009-11-01",63,"MinorHazard"
"13157","WA","2009-11-02",67,"MinorHazard"
"13158","WA","2009-11-03",65,"MinorHazard"
"13159","WA","2009-11-04",65,"MinorHazard"
"13160","WA","2009-11-05",54,"Safe"
"13161","WA","2009-11-06",69,"MinorHazard"
"13162","WA","2009-11-07",50,"Safe"
"13163","WA","2009-11-08",46,"Safe"
"13164","WA","2009-11-09",56,"Safe"
"13165","WA","2009-11-10",59,"Safe"
"13166","WA","2009-11-11",50,"Safe"
"13167","WA","2009-11-12",59,"Safe"
"13168","WA","2009-11-13",57,"Safe"
"13169","WA","2009-11-14",56,"Safe"
"13170","WA","2009-11-15",41,"Safe"
"13171","WA","2009-11-16",57,"Safe"
"13172","WA","2009-11-17",50,"Safe"
"13173","WA","2009-11-18",78,"MinorHazard"
"13174","WA","2009-11-19",72,"MinorHazard"
"13175","WA","2009-11-20",57,"Safe"
"13176","WA","2009-11-21",50,"Safe"
"13177","WA","2009-11-22",44,"Safe"
"13178","WA","2009-11-23",39,"Safe"
"13179","WA","2009-11-24",59,"Safe"
"13180","WA","2009-11-25",56,"Safe"
"13181","WA","2009-11-26",67,"MinorHazard"
"13182","WA","2009-11-27",44,"Safe"
"13183","WA","2009-11-28",65,"MinorHazard"
"13184","WA","2009-11-29",41,"Safe"
"13185","WA","2009-11-30",46,"Safe"
"13186","WA","2009-12-01",52,"Safe"
"13187","WA","2009-12-02",46,"Safe"
"13188","WA","2009-12-03",52,"Safe"
"13189","WA","2009-12-04",50,"Safe"
"13190","WA","2009-12-05",52,"Safe"
"13191","WA","2009-12-06",50,"Safe"
"13192","WA","2009-12-07",63,"MinorHazard"
"13193","WA","2009-12-08",52,"Safe"
"13194","WA","2009-12-09",50,"Safe"
"13195","WA","2009-12-10",46,"Safe"
"13196","WA","2009-12-11",52,"Safe"
"13197","WA","2009-12-12",44,"Safe"
"13198","WA","2009-12-13",50,"Safe"
"13199","WA","2009-12-14",59,"Safe"
"13200","WA","2009-12-15",48,"Safe"
"13201","WA","2009-12-16",56,"Safe"
"13202","WA","2009-12-17",57,"Safe"
"13203","WA","2009-12-18",63,"MinorHazard"
"13204","WA","2009-12-19",63,"MinorHazard"
"13205","WA","2009-12-20",52,"Safe"
"13206","WA","2009-12-21",50,"Safe"
"13207","WA","2009-12-22",44,"Safe"
"13208","WA","2009-12-23",59,"Safe"
"13209","WA","2009-12-24",48,"Safe"
"13210","WA","2009-12-25",37,"Safe"
"13211","WA","2009-12-26",59,"Safe"
"13212","WA","2009-12-27",43,"Safe"
"13213","WA","2009-12-28",67,"MinorHazard"
"13214","WA","2009-12-29",59,"Safe"
"13215","WA","2009-12-30",67,"MinorHazard"
"13216","WA","2009-12-31",48,"Safe"
"13217","WA","2010-01-01",44,"Safe"
"13218","WA","2010-01-02",61,"Safe"
"13219","WA","2010-01-03",67,"MinorHazard"
"13220","WA","2010-01-04",61,"Safe"
"13221","WA","2010-01-05",54,"Safe"
"13222","WA","2010-01-06",72,"MinorHazard"
"13223","WA","2010-01-07",48,"Safe"
"13224","WA","2010-01-08",46,"Safe"
"13225","WA","2010-01-09",56,"Safe"
"13226","WA","2010-01-10",50,"Safe"
"13227","WA","2010-01-11",52,"Safe"
"13228","WA","2010-01-12",46,"Safe"
"13229","WA","2010-01-13",50,"Safe"
"13230","WA","2010-01-14",44,"Safe"
"13231","WA","2010-01-15",56,"Safe"
"13232","WA","2010-01-16",61,"Safe"
"13233","WA","2010-01-17",65,"MinorHazard"
"13234","WA","2010-01-18",46,"Safe"
"13235","WA","2010-01-19",52,"Safe"
"13236","WA","2010-01-20",61,"Safe"
"13237","WA","2010-01-21",56,"Safe"
"13238","WA","2010-01-22",44,"Safe"
"13239","WA","2010-01-23",54,"Safe"
"13240","WA","2010-01-24",57,"Safe"
"13241","WA","2010-01-25",54,"Safe"
"13242","WA","2010-01-26",67,"MinorHazard"
"13243","WA","2010-01-27",67,"MinorHazard"
"13244","WA","2010-01-28",67,"MinorHazard"
"13245","WA","2010-01-29",67,"MinorHazard"
"13246","WA","2010-01-30",63,"MinorHazard"
"13247","WA","2010-01-31",50,"Safe"
"13248","WA","2010-02-01",48,"Safe"
"13249","WA","2010-02-02",57,"Safe"
"13250","WA","2010-02-04",61,"Safe"
"13251","WA","2010-02-05",43,"Safe"
"13252","WA","2010-02-06",48,"Safe"
"13253","WA","2010-02-07",44,"Safe"
"13254","WA","2010-02-08",52,"Safe"
"13255","WA","2010-02-09",48,"Safe"
"13256","WA","2010-02-10",65,"MinorHazard"
"13257","WA","2010-02-11",41,"Safe"
"13258","WA","2010-02-12",46,"Safe"
"13259","WA","2010-02-13",52,"Safe"
"13260","WA","2010-02-14",52,"Safe"
"13261","WA","2010-02-15",81,"MinorHazard"
"13262","WA","2010-02-16",52,"Safe"
"13263","WA","2010-02-17",52,"Safe"
"13264","WA","2010-02-18",41,"Safe"
"13265","WA","2010-02-19",48,"Safe"
"13266","WA","2010-02-20",46,"Safe"
"13267","WA","2010-02-21",48,"Safe"
"13268","WA","2010-02-22",54,"Safe"
"13269","WA","2010-02-23",61,"Safe"
"13270","WA","2010-02-24",69,"MinorHazard"
"13271","WA","2010-02-25",54,"Safe"
"13272","WA","2010-02-26",78,"MinorHazard"
"13273","WA","2010-02-27",80,"MinorHazard"
"13274","WA","2010-02-28",70,"MinorHazard"
"13275","WA","2010-03-01",54,"Safe"
"13276","WA","2010-03-02",41,"Safe"
"13277","WA","2010-03-03",52,"Safe"
"13278","WA","2010-03-04",59,"Safe"
"13279","WA","2010-03-05",48,"Safe"
"13280","WA","2010-03-06",44,"Safe"
"13281","WA","2010-03-07",50,"Safe"
"13282","WA","2010-03-08",54,"Safe"
"13283","WA","2010-03-09",69,"MinorHazard"
"13284","WA","2010-03-10",56,"Safe"
"13285","WA","2010-03-11",52,"Safe"
"13286","WA","2010-03-12",52,"Safe"
"13287","WA","2010-03-13",46,"Safe"
"13288","WA","2010-03-14",37,"Safe"
"13289","WA","2010-03-15",57,"Safe"
"13290","WA","2010-03-16",52,"Safe"
"13291","WA","2010-03-17",48,"Safe"
"13292","WA","2010-03-18",43,"Safe"
"13293","WA","2010-03-19",52,"Safe"
"13294","WA","2010-03-20",44,"Safe"
"13295","WA","2010-03-21",56,"Safe"
"13296","WA","2010-03-22",70,"MinorHazard"
"13297","WA","2010-03-23",63,"MinorHazard"
"13298","WA","2010-03-24",50,"Safe"
"13299","WA","2010-03-25",43,"Safe"
"13300","WA","2010-03-26",56,"Safe"
"13301","WA","2010-03-27",48,"Safe"
"13302","WA","2010-03-28",52,"Safe"
"13303","WA","2010-03-29",54,"Safe"
"13304","WA","2010-03-30",46,"Safe"
"13305","WA","2010-03-31",54,"Safe"
"13306","WA","2010-04-01",52,"Safe"
"13307","WA","2010-04-02",46,"Safe"
"13308","WA","2010-04-03",48,"Safe"
"13309","WA","2010-04-04",61,"Safe"
"13310","WA","2010-04-05",33,"Safe"
"13311","WA","2010-04-06",35,"Safe"
"13312","WA","2010-04-07",37,"Safe"
"13313","WA","2010-04-08",37,"Safe"
"13314","WA","2010-04-09",43,"Safe"
"13315","WA","2010-04-10",37,"Safe"
"13316","WA","2010-04-11",46,"Safe"
"13317","WA","2010-04-12",50,"Safe"
"13318","WA","2010-04-13",61,"Safe"
"13319","WA","2010-04-14",59,"Safe"
"13320","WA","2010-04-15",50,"Safe"
"13321","WA","2010-04-16",35,"Safe"
"13322","WA","2010-04-17",57,"Safe"
"13323","WA","2010-04-18",50,"Safe"
"13324","WA","2010-04-19",35,"Safe"
"13325","WA","2010-04-20",33,"Safe"
"13326","WA","2010-04-21",37,"Safe"
"13327","WA","2010-04-22",35,"Safe"
"13328","WA","2010-04-23",43,"Safe"
"13329","WA","2010-04-24",39,"Safe"
"13330","WA","2010-04-25",43,"Safe"
"13331","WA","2010-04-26",43,"Safe"
"13332","WA","2010-04-27",35,"Safe"
"13333","WA","2010-04-28",31,"Safe"
"13334","WA","2010-04-29",35,"Safe"
"13335","WA","2010-04-30",57,"Safe"
"13336","WA","2010-05-01",39,"Safe"
"13337","WA","2010-05-02",37,"Safe"
"13338","WA","2010-05-03",48,"Safe"
"13339","WA","2010-05-04",46,"Safe"
"13340","WA","2010-05-05",35,"Safe"
"13341","WA","2010-05-06",33,"Safe"
"13342","WA","2010-05-07",33,"Safe"
"13343","WA","2010-05-08",35,"Safe"
"13344","WA","2010-05-09",44,"Safe"
"13345","WA","2010-05-10",46,"Safe"
"13346","WA","2010-05-11",54,"Safe"
"13347","WA","2010-05-12",43,"Safe"
"13348","WA","2010-05-13",56,"Safe"
"13349","WA","2010-05-14",56,"Safe"
"13350","WA","2010-05-15",50,"Safe"
"13351","WA","2010-05-16",37,"Safe"
"13352","WA","2010-05-17",39,"Safe"
"13353","WA","2010-05-18",50,"Safe"
"13354","WA","2010-05-19",28,"Safe"
"13355","WA","2010-05-20",37,"Safe"
"13356","WA","2010-05-21",48,"Safe"
"13357","WA","2010-05-22",63,"MinorHazard"
"13358","WA","2010-05-23",76,"MinorHazard"
"13359","WA","2010-05-24",48,"Safe"
"13360","WA","2010-05-25",35,"Safe"
"13361","WA","2010-05-26",43,"Safe"
"13362","WA","2010-05-27",56,"Safe"
"13363","WA","2010-05-28",30,"Safe"
"13364","WA","2010-05-29",46,"Safe"
"13365","WA","2010-05-30",33,"Safe"
"13366","WA","2010-05-31",33,"Safe"
"13367","WA","2010-06-01",30,"Safe"
"13368","WA","2010-06-02",33,"Safe"
"13369","WA","2010-06-03",33,"Safe"
"13370","WA","2010-06-04",50,"Safe"
"13371","WA","2010-06-05",43,"Safe"
"13372","WA","2010-06-06",39,"Safe"
"13373","WA","2010-06-07",46,"Safe"
"13374","WA","2010-06-08",48,"Safe"
"13375","WA","2010-06-09",52,"Safe"
"13376","WA","2010-06-10",41,"Safe"
"13377","WA","2010-06-11",35,"Safe"
"13378","WA","2010-06-12",33,"Safe"
"13379","WA","2010-06-13",57,"Safe"
"13380","WA","2010-06-14",83,"MinorHazard"
"13381","WA","2010-06-15",72,"MinorHazard"
"13382","WA","2010-06-16",56,"Safe"
"13383","WA","2010-06-17",41,"Safe"
"13384","WA","2010-06-18",39,"Safe"
"13385","WA","2010-06-19",31,"Safe"
"13386","WA","2010-06-20",26,"Safe"
"13387","WA","2010-06-21",30,"Safe"
"13388","WA","2010-06-22",50,"Safe"
"13389","WA","2010-06-23",61,"Safe"
"13390","WA","2010-06-24",37,"Safe"
"13391","WA","2010-06-25",37,"Safe"
"13392","WA","2010-06-26",41,"Safe"
"13393","WA","2010-06-27",35,"Safe"
"13394","WA","2010-06-28",31,"Safe"
"13395","WA","2010-06-29",43,"Safe"
"13396","WA","2010-06-30",31,"Safe"
"13397","WA","2010-07-01",44,"Safe"
"13398","WA","2010-07-02",46,"Safe"
"13399","WA","2010-07-03",39,"Safe"
"13400","WA","2010-07-04",26,"Safe"
"13401","WA","2010-07-05",31,"Safe"
"13402","WA","2010-07-06",30,"Safe"
"13403","WA","2010-07-07",48,"Safe"
"13404","WA","2010-07-08",57,"Safe"
"13405","WA","2010-07-09",70,"MinorHazard"
"13406","WA","2010-07-10",54,"Safe"
"13407","WA","2010-07-11",76,"MinorHazard"
"13408","WA","2010-07-12",87,"MinorHazard"
"13409","WA","2010-07-13",39,"Safe"
"13410","WA","2010-07-14",35,"Safe"
"13411","WA","2010-07-15",48,"Safe"
"13412","WA","2010-07-16",44,"Safe"
"13413","WA","2010-07-17",48,"Safe"
"13414","WA","2010-07-18",48,"Safe"
"13415","WA","2010-07-19",31,"Safe"
"13416","WA","2010-07-20",33,"Safe"
"13417","WA","2010-07-21",35,"Safe"
"13418","WA","2010-07-22",31,"Safe"
"13419","WA","2010-07-23",35,"Safe"
"13420","WA","2010-07-24",35,"Safe"
"13421","WA","2010-07-25",56,"Safe"
"13422","WA","2010-07-26",43,"Safe"
"13423","WA","2010-07-27",48,"Safe"
"13424","WA","2010-07-28",54,"Safe"
"13425","WA","2010-07-29",54,"Safe"
"13426","WA","2010-07-30",43,"Safe"
"13427","WA","2010-07-31",35,"Safe"
"13428","WA","2010-08-01",35,"Safe"
"13429","WA","2010-08-02",46,"Safe"
"13430","WA","2010-08-03",30,"Safe"
"13431","WA","2010-08-04",37,"Safe"
"13432","WA","2010-08-05",41,"Safe"
"13433","WA","2010-08-06",35,"Safe"
"13434","WA","2010-08-07",44,"Safe"
"13435","WA","2010-08-08",54,"Safe"
"13436","WA","2010-08-09",41,"Safe"
"13437","WA","2010-08-10",56,"Safe"
"13438","WA","2010-08-11",78,"MinorHazard"
"13439","WA","2010-08-12",56,"Safe"
"13440","WA","2010-08-13",65,"MinorHazard"
"13441","WA","2010-08-14",44,"Safe"
"13442","WA","2010-08-15",31,"Safe"
"13443","WA","2010-08-16",44,"Safe"
"13444","WA","2010-08-17",44,"Safe"
"13445","WA","2010-08-18",56,"Safe"
"13446","WA","2010-08-19",28,"Safe"
"13447","WA","2010-08-20",43,"Safe"
"13448","WA","2010-08-21",50,"Safe"
"13449","WA","2010-08-22",46,"Safe"
"13450","WA","2010-08-23",44,"Safe"
"13451","WA","2010-08-24",39,"Safe"
"13452","WA","2010-08-25",43,"Safe"
"13453","WA","2010-08-26",35,"Safe"
"13454","WA","2010-08-27",41,"Safe"
"13455","WA","2010-08-28",39,"Safe"
"13456","WA","2010-08-29",39,"Safe"
"13457","WA","2010-08-30",37,"Safe"
"13458","WA","2010-08-31",50,"Safe"
"13459","WA","2010-09-01",50,"Safe"
"13460","WA","2010-09-02",46,"Safe"
"13461","WA","2010-09-03",33,"Safe"
"13462","WA","2010-09-04",35,"Safe"
"13463","WA","2010-09-05",28,"Safe"
"13464","WA","2010-09-06",46,"Safe"
"13465","WA","2010-09-07",65,"MinorHazard"
"13466","WA","2010-09-08",80,"MinorHazard"
"13467","WA","2010-09-09",46,"Safe"
"13468","WA","2010-09-10",35,"Safe"
"13469","WA","2010-09-11",54,"Safe"
"13470","WA","2010-09-12",54,"Safe"
"13471","WA","2010-09-13",33,"Safe"
"13472","WA","2010-09-14",39,"Safe"
"13473","WA","2010-09-17",63,"MinorHazard"
"13474","WA","2010-09-18",48,"Safe"
"13475","WA","2010-09-19",44,"Safe"
"13476","WA","2010-09-20",48,"Safe"
"13477","WA","2010-09-21",41,"Safe"
"13478","WA","2010-09-22",33,"Safe"
"13479","WA","2010-09-23",41,"Safe"
"13480","WA","2010-09-24",52,"Safe"
"13481","WA","2010-09-25",37,"Safe"
"13482","WA","2010-09-26",43,"Safe"
"13483","WA","2010-09-27",54,"Safe"
"13484","WA","2010-09-28",56,"Safe"
"13485","WA","2010-09-29",57,"Safe"
"13486","WA","2010-09-30",57,"Safe"
"13487","WA","2010-10-01",48,"Safe"
"13488","WA","2010-10-02",50,"Safe"
"13489","WA","2010-10-03",43,"Safe"
"13490","WA","2010-10-04",43,"Safe"
"13491","WA","2010-10-05",65,"MinorHazard"
"13492","WA","2010-10-06",54,"Safe"
"13493","WA","2010-10-08",50,"Safe"
"13494","WA","2010-10-09",54,"Safe"
"13495","WA","2010-10-10",67,"MinorHazard"
"13496","WA","2010-10-11",41,"Safe"
"13497","WA","2010-10-12",41,"Safe"
"13498","WA","2010-10-13",50,"Safe"
"13499","WA","2010-10-14",61,"Safe"
"13500","WA","2010-10-15",50,"Safe"
"13501","WA","2010-10-16",57,"Safe"
"13502","WA","2010-10-17",39,"Safe"
"13503","WA","2010-10-18",44,"Safe"
"13504","WA","2010-10-19",48,"Safe"
"13505","WA","2010-10-20",70,"MinorHazard"
"13506","WA","2010-10-21",44,"Safe"
"13507","WA","2010-10-22",41,"Safe"
"13508","WA","2010-10-23",50,"Safe"
"13509","WA","2010-10-24",50,"Safe"
"13510","WA","2010-10-25",46,"Safe"
"13511","WA","2010-10-26",41,"Safe"
"13512","WA","2010-10-27",61,"Safe"
"13513","WA","2010-10-28",65,"MinorHazard"
"13514","WA","2010-10-29",56,"Safe"
"13515","WA","2010-10-30",56,"Safe"
"13516","WA","2010-10-31",52,"Safe"
"13517","WA","2010-11-01",50,"Safe"
"13518","WA","2010-11-02",59,"Safe"
"13519","WA","2010-11-03",50,"Safe"
"13520","WA","2010-11-04",56,"Safe"
"13521","WA","2010-11-05",48,"Safe"
"13522","WA","2010-11-06",46,"Safe"
"13523","WA","2010-11-07",44,"Safe"
"13524","WA","2010-11-08",41,"Safe"
"13525","WA","2010-11-09",50,"Safe"
"13526","WA","2010-11-10",54,"Safe"
"13527","WA","2010-11-11",57,"Safe"
"13528","WA","2010-11-12",48,"Safe"
"13529","WA","2010-11-13",59,"Safe"
"13530","WA","2010-11-14",72,"MinorHazard"
"13531","WA","2010-11-15",72,"MinorHazard"
"13532","WA","2010-11-16",56,"Safe"
"13533","WA","2010-11-17",46,"Safe"
"13534","WA","2010-11-18",74,"MinorHazard"
"13535","WA","2010-11-19",65,"MinorHazard"
"13536","WA","2010-11-20",44,"Safe"
"13537","WA","2010-11-21",56,"Safe"
"13538","WA","2010-11-22",61,"Safe"
"13539","WA","2010-11-23",43,"Safe"
"13540","WA","2010-11-24",54,"Safe"
"13541","WA","2010-11-25",50,"Safe"
"13542","WA","2010-11-26",59,"Safe"
"13543","WA","2010-11-27",70,"MinorHazard"
"13544","WA","2010-11-28",72,"MinorHazard"
"13545","WA","2010-11-29",54,"Safe"
"13546","WA","2010-11-30",50,"Safe"
"13547","WA","2010-12-01",52,"Safe"
"13548","WA","2010-12-02",54,"Safe"
"13549","WA","2010-12-03",57,"Safe"
"13550","WA","2010-12-04",52,"Safe"
"13551","WA","2010-12-05",39,"Safe"
"13552","WA","2010-12-06",35,"Safe"
"13553","WA","2010-12-07",50,"Safe"
"13554","WA","2010-12-08",54,"Safe"
"13555","WA","2010-12-09",54,"Safe"
"13556","WA","2010-12-10",56,"Safe"
"13557","WA","2010-12-11",50,"Safe"
"13558","WA","2010-12-12",52,"Safe"
"13559","WA","2010-12-13",63,"MinorHazard"
"13560","WA","2010-12-14",57,"Safe"
"13561","WA","2010-12-15",48,"Safe"
"13562","WA","2010-12-16",63,"MinorHazard"
"13563","WA","2010-12-17",65,"MinorHazard"
"13564","WA","2010-12-18",72,"MinorHazard"
"13565","WA","2010-12-19",61,"Safe"
"13566","WA","2010-12-20",76,"MinorHazard"
"13567","WA","2010-12-21",72,"MinorHazard"
"13568","WA","2010-12-22",52,"Safe"
"13569","WA","2010-12-23",48,"Safe"
"13570","WA","2010-12-24",48,"Safe"
"13571","WA","2010-12-25",81,"MinorHazard"
"13572","WA","2010-12-26",98,"Damaging"
"13573","WA","2010-12-27",70,"MinorHazard"
"13574","WA","2010-12-28",59,"Safe"
"13575","WA","2010-12-29",56,"Safe"
"13576","WA","2010-12-30",46,"Safe"
"13577","WA","2010-12-31",59,"Safe"
"13578","WA","2011-01-01",63,"MinorHazard"
"13579","WA","2011-01-02",50,"Safe"
"13580","WA","2011-01-03",44,"Safe"
"13581","WA","2011-01-04",44,"Safe"
"13582","WA","2011-01-05",85,"MinorHazard"
"13583","WA","2011-01-06",50,"Safe"
"13584","WA","2011-01-07",78,"MinorHazard"
"13585","WA","2011-01-08",56,"Safe"
"13586","WA","2011-01-09",54,"Safe"
"13587","WA","2011-01-10",63,"MinorHazard"
"13588","WA","2011-01-11",65,"MinorHazard"
"13589","WA","2011-01-12",54,"Safe"
"13590","WA","2011-01-13",54,"Safe"
"13591","WA","2011-01-14",48,"Safe"
"13592","WA","2011-01-15",46,"Safe"
"13593","WA","2011-01-16",57,"Safe"
"13594","WA","2011-01-17",52,"Safe"
"13595","WA","2011-01-18",46,"Safe"
"13596","WA","2011-01-19",56,"Safe"
"13597","WA","2011-01-20",44,"Safe"
"13598","WA","2011-01-21",50,"Safe"
"13599","WA","2011-01-22",46,"Safe"
"13600","WA","2011-01-23",48,"Safe"
"13601","WA","2011-01-24",52,"Safe"
"13602","WA","2011-01-25",46,"Safe"
"13603","WA","2011-01-26",46,"Safe"
"13604","WA","2011-01-27",63,"MinorHazard"
"13605","WA","2011-01-28",57,"Safe"
"13606","WA","2011-01-29",74,"MinorHazard"
"13607","WA","2011-01-30",57,"Safe"
"13608","WA","2011-01-31",52,"Safe"
"13609","WA","2011-02-01",43,"Safe"
"13610","WA","2011-02-02",59,"Safe"
"13611","WA","2011-02-03",70,"MinorHazard"
"13612","WA","2011-02-04",69,"MinorHazard"
"13613","WA","2011-02-05",65,"MinorHazard"
"13614","WA","2011-02-06",72,"MinorHazard"
"13615","WA","2011-02-07",56,"Safe"
"13616","WA","2011-02-08",46,"Safe"
"13617","WA","2011-02-09",43,"Safe"
"13618","WA","2011-02-10",65,"MinorHazard"
"13619","WA","2011-02-11",65,"MinorHazard"
"13620","WA","2011-02-12",78,"MinorHazard"
"13621","WA","2011-02-13",52,"Safe"
"13622","WA","2011-02-14",50,"Safe"
"13623","WA","2011-02-15",48,"Safe"
"13624","WA","2011-02-16",63,"MinorHazard"
"13625","WA","2011-02-17",54,"Safe"
"13626","WA","2011-02-18",41,"Safe"
"13627","WA","2011-02-19",70,"MinorHazard"
"13628","WA","2011-02-20",65,"MinorHazard"
"13629","WA","2011-02-21",56,"Safe"
"13630","WA","2011-02-22",59,"Safe"
"13631","WA","2011-02-23",50,"Safe"
"13632","WA","2011-02-24",46,"Safe"
"13633","WA","2011-02-25",43,"Safe"
"13634","WA","2011-02-26",44,"Safe"
"13635","WA","2011-02-27",44,"Safe"
"13636","WA","2011-02-28",65,"MinorHazard"
"13637","WA","2011-03-01",63,"MinorHazard"
"13638","WA","2011-03-02",54,"Safe"
"13639","WA","2011-03-03",50,"Safe"
"13640","WA","2011-03-04",46,"Safe"
"13641","WA","2011-03-05",50,"Safe"
"13642","WA","2011-03-06",50,"Safe"
"13643","WA","2011-03-07",46,"Safe"
"13644","WA","2011-03-08",50,"Safe"
"13645","WA","2011-03-09",54,"Safe"
"13646","WA","2011-03-10",44,"Safe"
"13647","WA","2011-03-11",48,"Safe"
"13648","WA","2011-03-12",54,"Safe"
"13649","WA","2011-03-13",63,"MinorHazard"
"13650","WA","2011-03-14",67,"MinorHazard"
"13651","WA","2011-03-15",76,"MinorHazard"
"13652","WA","2011-03-16",70,"MinorHazard"
"13653","WA","2011-03-17",54,"Safe"
"13654","WA","2011-03-18",39,"Safe"
"13655","WA","2011-03-19",43,"Safe"
"13656","WA","2011-03-20",69,"MinorHazard"
"13657","WA","2011-03-21",74,"MinorHazard"
"13658","WA","2011-03-22",44,"Safe"
"13659","WA","2011-03-23",43,"Safe"
"13660","WA","2011-03-24",61,"Safe"
"13661","WA","2011-03-25",46,"Safe"
"13662","WA","2011-03-26",48,"Safe"
"13663","WA","2011-03-27",39,"Safe"
"13664","WA","2011-03-28",50,"Safe"
"13665","WA","2011-03-29",72,"MinorHazard"
"13666","WA","2011-03-30",80,"MinorHazard"
"13667","WA","2011-03-31",50,"Safe"
"13668","WA","2011-05-01",39,"Safe"
"13669","WA","2011-05-02",35,"Safe"
"13670","WA","2011-05-03",31,"Safe"
"13671","WA","2011-05-04",35,"Safe"
"13672","WA","2011-05-05",41,"Safe"
"13673","WA","2011-05-06",44,"Safe"
"13674","WA","2011-05-07",35,"Safe"
"13675","WA","2011-05-08",46,"Safe"
"13676","WA","2011-05-09",43,"Safe"
"13677","WA","2011-05-10",59,"Safe"
"13678","WA","2011-05-11",46,"Safe"
"13679","WA","2011-05-12",39,"Safe"
"13680","WA","2011-05-13",50,"Safe"
"13681","WA","2011-05-14",46,"Safe"
"13682","WA","2011-05-15",44,"Safe"
"13683","WA","2011-05-16",41,"Safe"
"13684","WA","2011-05-17",41,"Safe"
"13685","WA","2011-05-18",43,"Safe"
"13686","WA","2011-05-19",48,"Safe"
"13687","WA","2011-05-20",91,"Damaging"
"13688","WA","2011-05-21",57,"Safe"
"13689","WA","2011-05-22",39,"Safe"
"13690","WA","2011-05-23",33,"Safe"
"13691","WA","2011-05-24",37,"Safe"
"13692","WA","2011-05-25",37,"Safe"
"13693","WA","2011-05-26",41,"Safe"
"13694","WA","2011-05-27",44,"Safe"
"13695","WA","2011-05-28",33,"Safe"
"13696","WA","2011-05-29",61,"Safe"
"13697","WA","2011-05-30",63,"MinorHazard"
"13698","WA","2011-05-31",50,"Safe"
"13699","WA","2011-06-01",56,"Safe"
"13700","WA","2011-06-02",39,"Safe"
"13701","WA","2011-06-03",33,"Safe"
"13702","WA","2011-06-04",31,"Safe"
"13703","WA","2011-06-05",39,"Safe"
"13704","WA","2011-06-06",43,"Safe"
"13705","WA","2011-06-07",44,"Safe"
"13706","WA","2011-06-08",50,"Safe"
"13707","WA","2011-06-09",61,"Safe"
"13708","WA","2011-06-10",54,"Safe"
"13709","WA","2011-06-11",50,"Safe"
"13710","WA","2011-06-12",57,"Safe"
"13711","WA","2011-06-13",67,"MinorHazard"
"13712","WA","2011-06-14",70,"MinorHazard"
"13713","WA","2011-06-15",54,"Safe"
"13714","WA","2011-06-16",57,"Safe"
"13715","WA","2011-06-17",41,"Safe"
"13716","WA","2011-06-18",65,"MinorHazard"
"13717","WA","2011-06-19",70,"MinorHazard"
"13718","WA","2011-06-20",57,"Safe"
"13719","WA","2011-06-21",35,"Safe"
"13720","WA","2011-06-22",41,"Safe"
"13721","WA","2011-06-23",48,"Safe"
"13722","WA","2011-06-24",87,"MinorHazard"
"13723","WA","2011-06-25",50,"Safe"
"13724","WA","2011-06-26",44,"Safe"
"13725","WA","2011-06-27",69,"MinorHazard"
"13726","WA","2011-06-28",85,"MinorHazard"
"13727","WA","2011-06-29",35,"Safe"
"13728","WA","2011-06-30",69,"MinorHazard"
"13729","WA","2011-07-01",70,"MinorHazard"
"13730","WA","2011-07-02",63,"MinorHazard"
"13731","WA","2011-07-03",50,"Safe"
"13732","WA","2011-07-04",43,"Safe"
"13733","WA","2011-07-05",35,"Safe"
"13734","WA","2011-07-06",52,"Safe"
"13735","WA","2011-07-07",35,"Safe"
"13736","WA","2011-07-08",39,"Safe"
"13737","WA","2011-07-09",50,"Safe"
"13738","WA","2011-07-10",52,"Safe"
"13739","WA","2011-07-11",48,"Safe"
"13740","WA","2011-07-12",41,"Safe"
"13741","WA","2011-07-13",35,"Safe"
"13742","WA","2011-07-15",59,"Safe"
"13743","WA","2011-07-16",37,"Safe"
"13744","WA","2011-07-17",37,"Safe"
"13745","WA","2011-07-18",39,"Safe"
"13746","WA","2011-07-19",35,"Safe"
"13747","WA","2011-07-20",33,"Safe"
"13748","WA","2011-07-21",41,"Safe"
"13749","WA","2011-07-22",43,"Safe"
"13750","WA","2011-07-23",30,"Safe"
"13751","WA","2011-07-24",39,"Safe"
"13752","WA","2011-07-25",61,"Safe"
"13753","WA","2011-07-26",48,"Safe"
"13754","WA","2011-07-27",65,"MinorHazard"
"13755","WA","2011-07-28",83,"MinorHazard"
"13756","WA","2011-07-29",72,"MinorHazard"
"13757","WA","2011-07-30",63,"MinorHazard"
"13758","WA","2011-07-31",83,"MinorHazard"
"13759","WA","2011-08-01",67,"MinorHazard"
"13760","WA","2011-08-02",72,"MinorHazard"
"13761","WA","2011-08-03",61,"Safe"
"13762","WA","2011-08-04",56,"Safe"
"13763","WA","2011-08-05",41,"Safe"
"13764","WA","2011-08-06",54,"Safe"
"13765","WA","2011-08-07",35,"Safe"
"13766","WA","2011-08-08",57,"Safe"
"13767","WA","2011-08-09",56,"Safe"
"13768","WA","2011-08-10",35,"Safe"
"13769","WA","2011-08-11",39,"Safe"
"13770","WA","2011-08-12",41,"Safe"
"13771","WA","2011-08-13",65,"MinorHazard"
"13772","WA","2011-08-14",80,"MinorHazard"
"13773","WA","2011-08-15",76,"MinorHazard"
"13774","WA","2011-08-16",65,"MinorHazard"
"13775","WA","2011-08-17",39,"Safe"
"13776","WA","2011-08-18",39,"Safe"
"13777","WA","2011-08-19",41,"Safe"
"13778","WA","2011-08-20",56,"Safe"
"13779","WA","2011-08-21",83,"MinorHazard"
"13780","WA","2011-08-22",63,"MinorHazard"
"13781","WA","2011-08-23",72,"MinorHazard"
"13782","WA","2011-08-24",52,"Safe"
"13783","WA","2011-08-25",33,"Safe"
"13784","WA","2011-08-26",41,"Safe"
"13785","WA","2011-08-27",43,"Safe"
"13786","WA","2011-08-28",31,"Safe"
"13787","WA","2011-08-29",50,"Safe"
"13788","WA","2011-08-30",39,"Safe"
"13789","WA","2011-08-31",31,"Safe"
"13790","WA","2011-09-01",67,"MinorHazard"
"13791","WA","2011-09-02",57,"Safe"
"13792","WA","2011-09-03",57,"Safe"
"13793","WA","2011-09-04",56,"Safe"
"13794","WA","2011-09-05",57,"Safe"
"13795","WA","2011-09-06",44,"Safe"
"13796","WA","2011-09-07",54,"Safe"
"13797","WA","2011-09-08",50,"Safe"
"13798","WA","2011-09-09",41,"Safe"
"13799","WA","2011-09-10",43,"Safe"
"13800","WA","2011-09-11",35,"Safe"
"13801","WA","2011-09-12",65,"MinorHazard"
"13802","WA","2011-09-13",39,"Safe"
"13803","WA","2011-09-14",43,"Safe"
"13804","WA","2011-09-15",48,"Safe"
"13805","WA","2011-09-16",91,"Damaging"
"13806","WA","2011-09-17",57,"Safe"
"13807","WA","2011-09-18",87,"MinorHazard"
"13808","WA","2011-09-19",70,"MinorHazard"
"13809","WA","2011-09-20",61,"Safe"
"13810","WA","2011-09-21",63,"MinorHazard"
"13811","WA","2011-09-22",37,"Safe"
"13812","WA","2011-09-23",35,"Safe"
"13813","WA","2011-09-24",39,"Safe"
"13814","WA","2011-09-25",54,"Safe"
"13815","WA","2011-09-26",52,"Safe"
"13816","WA","2011-09-27",67,"MinorHazard"
"13817","WA","2011-09-28",48,"Safe"
"13818","WA","2011-09-29",46,"Safe"
"13819","WA","2011-09-30",61,"Safe"
"13820","WA","2011-10-01",59,"Safe"
"13821","WA","2011-10-02",46,"Safe"
"13822","WA","2011-10-03",43,"Safe"
"13823","WA","2011-10-04",37,"Safe"
"13824","WA","2011-10-05",33,"Safe"
"13825","WA","2011-10-06",44,"Safe"
"13826","WA","2011-10-07",39,"Safe"
"13827","WA","2011-10-08",57,"Safe"
"13828","WA","2011-10-09",67,"MinorHazard"
"13829","WA","2011-10-10",70,"MinorHazard"
"13830","WA","2011-10-11",46,"Safe"
"13831","WA","2011-10-12",78,"MinorHazard"
"13832","WA","2011-10-13",65,"MinorHazard"
"13833","WA","2011-10-14",57,"Safe"
"13834","WA","2011-10-15",41,"Safe"
"13835","WA","2011-10-16",63,"MinorHazard"
"13836","WA","2011-10-17",63,"MinorHazard"
"13837","WA","2011-10-18",54,"Safe"
"13838","WA","2011-10-19",44,"Safe"
"13839","WA","2011-10-20",43,"Safe"
"13840","WA","2011-10-21",52,"Safe"
"13841","WA","2011-10-22",44,"Safe"
"13842","WA","2011-10-23",61,"Safe"
"13843","WA","2011-10-24",54,"Safe"
"13844","WA","2011-10-25",48,"Safe"
"13845","WA","2011-10-26",39,"Safe"
"13846","WA","2011-10-27",59,"Safe"
"13847","WA","2011-10-28",57,"Safe"
"13848","WA","2011-10-29",74,"MinorHazard"
"13849","WA","2011-10-30",50,"Safe"
"13850","WA","2011-10-31",50,"Safe"
"13851","WA","2011-11-01",56,"Safe"
"13852","WA","2011-11-02",57,"Safe"
"13853","WA","2011-11-03",65,"MinorHazard"
"13854","WA","2011-11-04",70,"MinorHazard"
"13855","WA","2011-11-05",50,"Safe"
"13856","WA","2011-11-06",57,"Safe"
"13857","WA","2011-11-07",76,"MinorHazard"
"13858","WA","2011-11-08",74,"MinorHazard"
"13859","WA","2011-11-10",43,"Safe"
"13860","WA","2011-11-11",48,"Safe"
"13861","WA","2011-11-12",54,"Safe"
"13862","WA","2011-11-13",54,"Safe"
"13863","WA","2011-11-14",54,"Safe"
"13864","WA","2011-11-15",46,"Safe"
"13865","WA","2011-11-16",57,"Safe"
"13866","WA","2011-11-17",57,"Safe"
"13867","WA","2011-11-18",44,"Safe"
"13868","WA","2011-11-19",41,"Safe"
"13869","WA","2011-11-20",52,"Safe"
"13870","WA","2011-11-21",54,"Safe"
"13871","WA","2011-11-22",63,"MinorHazard"
"13872","WA","2011-11-23",61,"Safe"
"13873","WA","2011-11-24",72,"MinorHazard"
"13874","WA","2011-11-25",46,"Safe"
"13875","WA","2011-11-26",54,"Safe"
"13876","WA","2011-11-27",43,"Safe"
"13877","WA","2011-11-28",57,"Safe"
"13878","WA","2011-11-29",50,"Safe"
"13879","WA","2011-11-30",67,"MinorHazard"
"13880","WA","2011-12-01",69,"MinorHazard"
"13881","WA","2011-12-02",69,"MinorHazard"
"13882","WA","2011-12-03",70,"MinorHazard"
"13883","WA","2011-12-04",65,"MinorHazard"
"13884","WA","2011-12-05",69,"MinorHazard"
"13885","WA","2011-12-06",72,"MinorHazard"
"13886","WA","2011-12-07",57,"Safe"
"13887","WA","2011-12-08",50,"Safe"
"13888","WA","2011-12-09",43,"Safe"
"13889","WA","2011-12-10",57,"Safe"
"13890","WA","2011-12-11",56,"Safe"
"13891","WA","2011-12-12",69,"MinorHazard"
"13892","WA","2011-12-13",59,"Safe"
"13893","WA","2011-12-14",52,"Safe"
"13894","WA","2011-12-15",48,"Safe"
"13895","WA","2011-12-16",44,"Safe"
"13896","WA","2011-12-17",35,"Safe"
"13897","WA","2011-12-18",56,"Safe"
"13898","WA","2011-12-19",46,"Safe"
"13899","WA","2011-12-20",50,"Safe"
"13900","WA","2011-12-21",44,"Safe"
"13901","WA","2011-12-22",46,"Safe"
"13902","WA","2011-12-23",46,"Safe"
"13903","WA","2011-12-24",50,"Safe"
"13904","WA","2011-12-25",61,"Safe"
"13905","WA","2011-12-26",65,"MinorHazard"
"13906","WA","2011-12-27",61,"Safe"
"13907","WA","2011-12-28",56,"Safe"
"13908","WA","2011-12-29",46,"Safe"
"13909","WA","2011-12-30",52,"Safe"
"13910","WA","2011-12-31",65,"MinorHazard"
"13911","WA","2012-01-01",41,"Safe"
"13912","WA","2012-01-02",48,"Safe"
"13913","WA","2012-01-03",83,"MinorHazard"
"13914","WA","2012-01-04",81,"MinorHazard"
"13915","WA","2012-01-05",54,"Safe"
"13916","WA","2012-01-06",69,"MinorHazard"
"13917","WA","2012-01-07",52,"Safe"
"13918","WA","2012-01-08",48,"Safe"
"13919","WA","2012-01-09",54,"Safe"
"13920","WA","2012-01-10",59,"Safe"
"13921","WA","2012-01-11",63,"MinorHazard"
"13922","WA","2012-01-12",56,"Safe"
"13923","WA","2012-01-13",50,"Safe"
"13924","WA","2012-01-14",52,"Safe"
"13925","WA","2012-01-15",46,"Safe"
"13926","WA","2012-01-16",52,"Safe"
"13927","WA","2012-01-17",43,"Safe"
"13928","WA","2012-01-18",63,"MinorHazard"
"13929","WA","2012-01-19",37,"Safe"
"13930","WA","2012-01-20",63,"MinorHazard"
"13931","WA","2012-01-21",48,"Safe"
"13932","WA","2012-01-22",46,"Safe"
"13933","WA","2012-01-23",61,"Safe"
"13934","WA","2012-01-24",70,"MinorHazard"
"13935","WA","2012-01-25",57,"Safe"
"13936","WA","2012-01-26",59,"Safe"
"13937","WA","2012-01-27",46,"Safe"
"13938","WA","2012-01-28",54,"Safe"
"13939","WA","2012-01-29",80,"MinorHazard"
"13940","WA","2012-01-30",74,"MinorHazard"
"13941","WA","2012-01-31",67,"MinorHazard"
"13942","WA","2012-02-01",59,"Safe"
"13943","WA","2012-02-02",67,"MinorHazard"
"13944","WA","2012-02-03",63,"MinorHazard"
"13945","WA","2012-02-04",69,"MinorHazard"
"13946","WA","2012-02-05",50,"Safe"
"13947","WA","2012-02-06",63,"MinorHazard"
"13948","WA","2012-02-07",63,"MinorHazard"
"13949","WA","2012-02-08",74,"MinorHazard"
"13950","WA","2012-02-09",65,"MinorHazard"
"13951","WA","2012-02-10",54,"Safe"
"13952","WA","2012-02-11",56,"Safe"
"13953","WA","2012-02-12",48,"Safe"
"13954","WA","2012-02-13",46,"Safe"
"13955","WA","2012-02-14",41,"Safe"
"13956","WA","2012-02-15",41,"Safe"
"13957","WA","2012-02-16",54,"Safe"
"13958","WA","2012-02-17",48,"Safe"
"13959","WA","2012-02-18",52,"Safe"
"13960","WA","2012-02-19",57,"Safe"
"13961","WA","2012-02-20",59,"Safe"
"13962","WA","2012-02-21",41,"Safe"
"13963","WA","2012-02-22",50,"Safe"
"13964","WA","2012-02-23",50,"Safe"
"13965","WA","2012-02-24",54,"Safe"
"13966","WA","2012-02-25",54,"Safe"
"13967","WA","2012-02-26",50,"Safe"
"13968","WA","2012-02-27",56,"Safe"
"13969","WA","2012-02-28",65,"MinorHazard"
"13970","WA","2012-02-29",76,"MinorHazard"
"13971","WA","2012-03-01",61,"Safe"
"13972","WA","2012-03-02",54,"Safe"
"13973","WA","2012-03-03",50,"Safe"
"13974","WA","2012-03-04",41,"Safe"
"13975","WA","2012-03-05",44,"Safe"
"13976","WA","2012-03-06",69,"MinorHazard"
"13977","WA","2012-03-07",50,"Safe"
"13978","WA","2012-03-08",50,"Safe"
"13979","WA","2012-03-09",56,"Safe"
"13980","WA","2012-03-10",48,"Safe"
"13981","WA","2012-03-11",52,"Safe"
"13982","WA","2012-03-13",57,"Safe"
"13983","WA","2012-03-14",57,"Safe"
"13984","WA","2012-03-15",56,"Safe"
"13985","WA","2012-03-16",52,"Safe"
"13986","WA","2012-03-17",48,"Safe"
"13987","WA","2012-03-18",56,"Safe"
"13988","WA","2012-03-19",54,"Safe"
"13989","WA","2012-03-20",46,"Safe"
"13990","WA","2012-03-21",52,"Safe"
"13991","WA","2012-03-22",61,"Safe"
"13992","WA","2012-03-23",56,"Safe"
"13993","WA","2012-03-24",41,"Safe"
"13994","WA","2012-03-25",46,"Safe"
"13995","WA","2012-03-26",41,"Safe"
"13996","WA","2012-03-27",41,"Safe"
"13997","WA","2012-03-28",48,"Safe"
"13998","WA","2012-03-29",67,"MinorHazard"
"13999","WA","2012-03-30",85,"MinorHazard"
"14000","WA","2012-03-31",41,"Safe"
"14001","WA","2012-04-01",81,"MinorHazard"
"14002","WA","2012-04-02",57,"Safe"
"14003","WA","2012-04-03",85,"MinorHazard"
"14004","WA","2012-04-04",57,"Safe"
"14005","WA","2012-04-05",54,"Safe"
"14006","WA","2012-04-06",52,"Safe"
"14007","WA","2012-04-07",44,"Safe"
"14008","WA","2012-04-08",61,"Safe"
"14009","WA","2012-04-09",43,"Safe"
"14010","WA","2012-04-10",41,"Safe"
"14011","WA","2012-04-11",54,"Safe"
"14012","WA","2012-04-12",35,"Safe"
"14013","WA","2012-04-13",52,"Safe"
"14014","WA","2012-04-14",39,"Safe"
"14015","WA","2012-04-15",31,"Safe"
"14016","WA","2012-04-16",39,"Safe"
"14017","WA","2012-04-17",44,"Safe"
"14018","WA","2012-04-18",54,"Safe"
"14019","WA","2012-04-19",26,"Safe"
"14020","WA","2012-04-20",44,"Safe"
"14021","WA","2012-04-21",46,"Safe"
"14022","WA","2012-04-22",37,"Safe"
"14023","WA","2012-04-23",52,"Safe"
"14024","WA","2012-04-24",54,"Safe"
"14025","WA","2012-04-25",43,"Safe"
"14026","WA","2012-04-26",33,"Safe"
"14027","WA","2012-04-27",35,"Safe"
"14028","WA","2012-04-28",43,"Safe"
"14029","WA","2012-04-29",48,"Safe"
"14030","WA","2012-04-30",56,"Safe"
"14031","WA","2012-05-01",56,"Safe"
"14032","WA","2012-05-02",50,"Safe"
"14033","WA","2012-05-03",50,"Safe"
"14034","WA","2012-05-04",35,"Safe"
"14035","WA","2012-05-05",50,"Safe"
"14036","WA","2012-05-06",48,"Safe"
"14037","WA","2012-05-07",81,"MinorHazard"
"14038","WA","2012-05-08",65,"MinorHazard"
"14039","WA","2012-05-09",52,"Safe"
"14040","WA","2012-05-10",37,"Safe"
"14041","WA","2012-05-11",31,"Safe"
"14042","WA","2012-05-12",54,"Safe"
"14043","WA","2012-05-13",50,"Safe"
"14044","WA","2012-05-14",43,"Safe"
"14045","WA","2012-05-15",35,"Safe"
"14046","WA","2012-05-16",26,"Safe"
"14047","WA","2012-05-17",30,"Safe"
"14048","WA","2012-05-18",35,"Safe"
"14049","WA","2012-05-19",41,"Safe"
"14050","WA","2012-05-20",33,"Safe"
"14051","WA","2012-05-21",37,"Safe"
"14052","WA","2012-05-22",41,"Safe"
"14053","WA","2012-05-23",43,"Safe"
"14054","WA","2012-05-24",37,"Safe"
"14055","WA","2012-05-25",28,"Safe"
"14056","WA","2012-05-26",31,"Safe"
"14057","WA","2012-05-27",39,"Safe"
"14058","WA","2012-05-28",37,"Safe"
"14059","WA","2012-05-29",39,"Safe"
"14060","WA","2012-05-30",59,"Safe"
"14061","WA","2012-05-31",59,"Safe"
"14062","WA","2012-06-01",59,"Safe"
"14063","WA","2012-06-02",39,"Safe"
"14064","WA","2012-06-03",50,"Safe"
"14065","WA","2012-06-04",46,"Safe"
"14066","WA","2012-06-05",46,"Safe"
"14067","WA","2012-06-06",59,"Safe"
"14068","WA","2012-06-07",52,"Safe"
"14069","WA","2012-06-08",31,"Safe"
"14070","WA","2012-06-09",44,"Safe"
"14071","WA","2012-06-10",94,"Damaging"
"14072","WA","2012-06-11",81,"MinorHazard"
"14073","WA","2012-06-12",87,"MinorHazard"
"14074","WA","2012-06-13",93,"Damaging"
"14075","WA","2012-06-14",54,"Safe"
"14076","WA","2012-06-15",41,"Safe"
"14077","WA","2012-06-16",35,"Safe"
"14078","WA","2012-06-17",46,"Safe"
"14079","WA","2012-06-18",46,"Safe"
"14080","WA","2012-06-19",61,"Safe"
"14081","WA","2012-06-20",57,"Safe"
"14082","WA","2012-06-21",33,"Safe"
"14083","WA","2012-06-22",30,"Safe"
"14084","WA","2012-06-23",30,"Safe"
"14085","WA","2012-06-24",43,"Safe"
"14086","WA","2012-06-25",46,"Safe"
"14087","WA","2012-06-26",67,"MinorHazard"
"14088","WA","2012-06-27",63,"MinorHazard"
"14089","WA","2012-06-28",57,"Safe"
"14090","WA","2012-06-29",28,"Safe"
"14091","WA","2012-06-30",28,"Safe"
"14092","WA","2012-07-01",26,"Safe"
"14093","WA","2012-07-02",33,"Safe"
"14094","WA","2012-07-03",35,"Safe"
"14095","WA","2012-07-04",31,"Safe"
"14096","WA","2012-07-05",52,"Safe"
"14097","WA","2012-07-06",39,"Safe"
"14098","WA","2012-07-07",31,"Safe"
"14099","WA","2012-07-08",46,"Safe"
"14100","WA","2012-07-09",54,"Safe"
"14101","WA","2012-07-10",54,"Safe"
"14102","WA","2012-07-11",57,"Safe"
"14103","WA","2012-07-12",46,"Safe"
"14104","WA","2012-07-13",56,"Safe"
"14105","WA","2012-07-14",43,"Safe"
"14106","WA","2012-07-15",50,"Safe"
"14107","WA","2012-07-16",56,"Safe"
"14108","WA","2012-07-17",43,"Safe"
"14109","WA","2012-07-18",35,"Safe"
"14110","WA","2012-07-19",31,"Safe"
"14111","WA","2012-07-20",41,"Safe"
"14112","WA","2012-07-21",30,"Safe"
"14113","WA","2012-07-22",35,"Safe"
"14114","WA","2012-07-23",48,"Safe"
"14115","WA","2012-07-24",54,"Safe"
"14116","WA","2012-07-25",37,"Safe"
"14117","WA","2012-07-26",46,"Safe"
"14118","WA","2012-07-27",31,"Safe"
"14119","WA","2012-07-28",35,"Safe"
"14120","WA","2012-07-29",44,"Safe"
"14121","WA","2012-07-30",67,"MinorHazard"
"14122","WA","2012-07-31",65,"MinorHazard"
"14123","WA","2012-08-01",59,"Safe"
"14124","WA","2012-08-02",56,"Safe"
"14125","WA","2012-08-03",52,"Safe"
"14126","WA","2012-08-04",46,"Safe"
"14127","WA","2012-08-05",44,"Safe"
"14128","WA","2012-08-06",67,"MinorHazard"
"14129","WA","2012-08-07",61,"Safe"
"14130","WA","2012-08-08",37,"Safe"
"14131","WA","2012-08-09",35,"Safe"
"14132","WA","2012-08-10",35,"Safe"
"14133","WA","2012-08-11",46,"Safe"
"14134","WA","2012-08-12",69,"MinorHazard"
"14135","WA","2012-08-13",54,"Safe"
"14136","WA","2012-08-14",44,"Safe"
"14137","WA","2012-08-15",31,"Safe"
"14138","WA","2012-08-16",41,"Safe"
"14139","WA","2012-08-17",50,"Safe"
"14140","WA","2012-08-18",39,"Safe"
"14141","WA","2012-08-19",37,"Safe"
"14142","WA","2012-08-20",31,"Safe"
"14143","WA","2012-08-21",67,"MinorHazard"
"14144","WA","2012-08-22",67,"MinorHazard"
"14145","WA","2012-08-23",39,"Safe"
"14146","WA","2012-08-24",30,"Safe"
"14147","WA","2012-08-25",31,"Safe"
"14148","WA","2012-08-26",57,"Safe"
"14149","WA","2012-08-27",37,"Safe"
"14150","WA","2012-08-28",69,"MinorHazard"
"14151","WA","2012-08-29",37,"Safe"
"14152","WA","2012-08-30",41,"Safe"
"14153","WA","2012-08-31",52,"Safe"
"14154","WA","2012-09-01",54,"Safe"
"14155","WA","2012-09-02",50,"Safe"
"14156","WA","2012-09-03",80,"MinorHazard"
"14157","WA","2012-09-04",93,"Damaging"
"14158","WA","2012-09-05",57,"Safe"
"14159","WA","2012-09-06",54,"Safe"
"14160","WA","2012-09-07",54,"Safe"
"14161","WA","2012-09-08",50,"Safe"
"14162","WA","2012-09-09",46,"Safe"
"14163","WA","2012-09-10",56,"Safe"
"14164","WA","2012-09-11",50,"Safe"
"14165","WA","2012-09-12",41,"Safe"
"14166","WA","2012-09-13",54,"Safe"
"14167","WA","2012-09-14",31,"Safe"
"14168","WA","2012-09-15",43,"Safe"
"14169","WA","2012-09-16",65,"MinorHazard"
"14170","WA","2012-09-17",69,"MinorHazard"
"14171","WA","2012-09-18",50,"Safe"
"14172","WA","2012-09-19",43,"Safe"
"14173","WA","2012-09-20",59,"Safe"
"14174","WA","2012-09-21",94,"Damaging"
"14175","WA","2012-09-22",69,"MinorHazard"
"14176","WA","2012-09-23",39,"Safe"
"14177","WA","2012-09-24",48,"Safe"
"14178","WA","2012-09-25",70,"MinorHazard"
"14179","WA","2012-09-26",72,"MinorHazard"
"14180","WA","2012-09-27",78,"MinorHazard"
"14181","WA","2012-09-28",37,"Safe"
"14182","WA","2012-09-29",35,"Safe"
"14183","WA","2012-09-30",39,"Safe"
"14184","WA","2012-10-01",54,"Safe"
"14185","WA","2012-10-02",65,"MinorHazard"
"14186","WA","2012-10-03",65,"MinorHazard"
"14187","WA","2012-10-04",39,"Safe"
"14188","WA","2012-10-05",39,"Safe"
"14189","WA","2012-10-06",67,"MinorHazard"
"14190","WA","2012-10-07",46,"Safe"
"14191","WA","2012-10-08",44,"Safe"
"14192","WA","2012-10-09",63,"MinorHazard"
"14193","WA","2012-10-10",57,"Safe"
"14194","WA","2012-10-11",61,"Safe"
"14195","WA","2012-10-12",57,"Safe"
"14196","WA","2012-10-13",83,"MinorHazard"
"14197","WA","2012-10-14",67,"MinorHazard"
"14198","WA","2012-10-15",44,"Safe"
"14199","WA","2012-10-16",39,"Safe"
"14200","WA","2012-10-18",46,"Safe"
"14201","WA","2012-10-19",46,"Safe"
"14202","WA","2012-10-20",41,"Safe"
"14203","WA","2012-10-21",56,"Safe"
"14204","WA","2012-10-22",50,"Safe"
"14205","WA","2012-10-23",52,"Safe"
"14206","WA","2012-10-24",52,"Safe"
"14207","WA","2012-10-25",59,"Safe"
"14208","WA","2012-10-26",61,"Safe"
"14209","WA","2012-10-27",46,"Safe"
"14210","WA","2012-10-28",52,"Safe"
"14211","WA","2012-10-29",52,"Safe"
"14212","WA","2012-10-30",46,"Safe"
"14213","WA","2012-10-31",67,"MinorHazard"
"14214","WA","2012-11-01",63,"MinorHazard"
"14215","WA","2012-11-02",50,"Safe"
"14216","WA","2012-11-03",56,"Safe"
"14217","WA","2012-11-04",67,"MinorHazard"
"14218","WA","2012-11-05",56,"Safe"
"14219","WA","2012-11-06",52,"Safe"
"14220","WA","2012-11-07",43,"Safe"
"14221","WA","2012-11-08",46,"Safe"
"14222","WA","2012-11-09",44,"Safe"
"14223","WA","2012-11-10",54,"Safe"
"14224","WA","2012-11-11",46,"Safe"
"14225","WA","2012-11-12",50,"Safe"
"14226","WA","2012-11-13",37,"Safe"
"14227","WA","2012-11-14",48,"Safe"
"14228","WA","2012-11-15",46,"Safe"
"14229","WA","2012-11-16",41,"Safe"
"14230","WA","2012-11-17",52,"Safe"
"14231","WA","2012-11-18",54,"Safe"
"14232","WA","2012-11-19",52,"Safe"
"14233","WA","2012-11-20",46,"Safe"
"14234","WA","2012-11-21",54,"Safe"
"14235","WA","2012-11-22",83,"MinorHazard"
"14236","WA","2012-11-23",50,"Safe"
"14237","WA","2012-11-24",63,"MinorHazard"
"14238","WA","2012-11-25",44,"Safe"
"14239","WA","2012-11-26",37,"Safe"
"14240","WA","2012-11-27",81,"MinorHazard"
"14241","WA","2012-11-28",98,"Damaging"
"14242","WA","2012-11-29",80,"MinorHazard"
"14243","WA","2012-11-30",59,"Safe"
"14244","WA","2013-01-01",63,"MinorHazard"
"14245","WA","2013-01-02",54,"Safe"
"14246","WA","2013-01-03",65,"MinorHazard"
"14247","WA","2013-01-04",54,"Safe"
"14248","WA","2013-01-05",43,"Safe"
"14249","WA","2013-01-06",65,"MinorHazard"
"14250","WA","2013-01-07",54,"Safe"
"14251","WA","2013-01-08",50,"Safe"
"14252","WA","2013-01-09",54,"Safe"
"14253","WA","2013-01-10",52,"Safe"
"14254","WA","2013-01-11",52,"Safe"
"14255","WA","2013-01-12",59,"Safe"
"14256","WA","2013-01-13",52,"Safe"
"14257","WA","2013-01-14",41,"Safe"
"14258","WA","2013-01-15",48,"Safe"
"14259","WA","2013-01-16",61,"Safe"
"14260","WA","2013-01-17",59,"Safe"
"14261","WA","2013-01-18",54,"Safe"
"14262","WA","2013-01-19",59,"Safe"
"14263","WA","2013-01-20",50,"Safe"
"14264","WA","2013-01-21",52,"Safe"
"14265","WA","2013-01-22",65,"MinorHazard"
"14266","WA","2013-01-23",54,"Safe"
"14267","WA","2013-01-24",50,"Safe"
"14268","WA","2013-01-25",56,"Safe"
"14269","WA","2013-01-26",46,"Safe"
"14270","WA","2013-01-27",61,"Safe"
"14271","WA","2013-01-28",59,"Safe"
"14272","WA","2013-01-29",46,"Safe"
"14273","WA","2013-01-30",48,"Safe"
"14274","WA","2013-01-31",72,"MinorHazard"
"14275","WA","2013-03-01",50,"Safe"
"14276","WA","2013-03-02",39,"Safe"
"14277","WA","2013-03-03",39,"Safe"
"14278","WA","2013-03-04",44,"Safe"
"14279","WA","2013-03-05",41,"Safe"
"14280","WA","2013-03-06",59,"Safe"
"14281","WA","2013-03-07",54,"Safe"
"14282","WA","2013-03-08",52,"Safe"
"14283","WA","2013-03-09",59,"Safe"
"14284","WA","2013-03-10",44,"Safe"
"14285","WA","2013-03-11",56,"Safe"
"14286","WA","2013-03-12",57,"Safe"
"14287","WA","2013-03-13",59,"Safe"
"14288","WA","2013-03-14",31,"Safe"
"14289","WA","2013-03-15",56,"Safe"
"14290","WA","2013-03-16",63,"MinorHazard"
"14291","WA","2013-03-17",52,"Safe"
"14292","WA","2013-03-18",35,"Safe"
"14293","WA","2013-03-19",39,"Safe"
"14294","WA","2013-03-20",54,"Safe"
"14295","WA","2013-03-21",39,"Safe"
"14296","WA","2013-03-22",41,"Safe"
"14297","WA","2013-03-23",48,"Safe"
"14298","WA","2013-03-24",37,"Safe"
"14299","WA","2013-03-25",61,"Safe"
"14300","WA","2013-03-26",65,"MinorHazard"
"14301","WA","2013-03-27",41,"Safe"
"14302","WA","2013-03-28",43,"Safe"
"14303","WA","2013-03-29",43,"Safe"
"14304","WA","2013-03-30",35,"Safe"
"14305","WA","2013-03-31",39,"Safe"
"14306","WA","2013-04-01",35,"Safe"
"14307","WA","2013-04-02",43,"Safe"
"14308","WA","2013-04-03",50,"Safe"
"14309","WA","2013-04-04",39,"Safe"
"14310","WA","2013-04-05",39,"Safe"
"14311","WA","2013-04-06",50,"Safe"
"14312","WA","2013-04-07",46,"Safe"
"14313","WA","2013-04-08",43,"Safe"
"14314","WA","2013-04-09",43,"Safe"
"14315","WA","2013-04-10",43,"Safe"
"14316","WA","2013-04-11",50,"Safe"
"14317","WA","2013-04-12",35,"Safe"
"14318","WA","2013-04-13",31,"Safe"
"14319","WA","2013-04-14",37,"Safe"
"14320","WA","2013-04-15",28,"Safe"
"14321","WA","2013-04-16",31,"Safe"
"14322","WA","2013-04-17",30,"Safe"
"14323","WA","2013-04-18",30,"Safe"
"14324","WA","2013-04-19",33,"Safe"
"14325","WA","2013-04-20",44,"Safe"
"14326","WA","2013-04-21",59,"Safe"
"14327","WA","2013-04-22",31,"Safe"
"14328","WA","2013-04-23",41,"Safe"
"14329","WA","2013-04-24",31,"Safe"
"14330","WA","2013-04-25",41,"Safe"
"14331","WA","2013-04-26",44,"Safe"
"14332","WA","2013-04-27",35,"Safe"
"14333","WA","2013-04-28",37,"Safe"
"14334","WA","2013-04-29",39,"Safe"
"14335","WA","2013-04-30",46,"Safe"
"14336","WA","2013-05-01",46,"Safe"
"14337","WA","2013-05-02",63,"MinorHazard"
"14338","WA","2013-05-03",39,"Safe"
"14339","WA","2013-05-04",37,"Safe"
"14340","WA","2013-05-05",37,"Safe"
"14341","WA","2013-05-06",39,"Safe"
"14342","WA","2013-05-07",48,"Safe"
"14343","WA","2013-05-08",87,"MinorHazard"
"14344","WA","2013-05-09",74,"MinorHazard"
"14345","WA","2013-05-10",70,"MinorHazard"
"14346","WA","2013-05-11",56,"Safe"
"14347","WA","2013-05-12",35,"Safe"
"14348","WA","2013-05-13",37,"Safe"
"14349","WA","2013-05-14",39,"Safe"
"14350","WA","2013-05-15",31,"Safe"
"14351","WA","2013-05-16",50,"Safe"
"14352","WA","2013-05-17",50,"Safe"
"14353","WA","2013-05-18",31,"Safe"
"14354","WA","2013-05-19",37,"Safe"
"14355","WA","2013-05-20",41,"Safe"
"14356","WA","2013-05-21",48,"Safe"
"14357","WA","2013-05-22",30,"Safe"
"14358","WA","2013-05-23",31,"Safe"
"14359","WA","2013-05-24",39,"Safe"
"14360","WA","2013-05-25",37,"Safe"
"14361","WA","2013-05-26",31,"Safe"
"14362","WA","2013-05-27",50,"Safe"
"14363","WA","2013-05-28",46,"Safe"
"14364","WA","2013-05-29",54,"Safe"
"14365","WA","2013-05-30",59,"Safe"
"14366","WA","2013-05-31",52,"Safe"
"14367","WA","2013-06-01",39,"Safe"
"14368","WA","2013-06-02",43,"Safe"
"14369","WA","2013-06-03",48,"Safe"
"14370","WA","2013-06-04",43,"Safe"
"14371","WA","2013-06-05",50,"Safe"
"14372","WA","2013-06-06",44,"Safe"
"14373","WA","2013-06-07",37,"Safe"
"14374","WA","2013-06-08",54,"Safe"
"14375","WA","2013-06-09",41,"Safe"
"14376","WA","2013-06-10",39,"Safe"
"14377","WA","2013-06-11",50,"Safe"
"14378","WA","2013-06-12",50,"Safe"
"14379","WA","2013-06-13",43,"Safe"
"14380","WA","2013-06-14",41,"Safe"
"14381","WA","2013-06-15",37,"Safe"
"14382","WA","2013-06-16",31,"Safe"
"14383","WA","2013-06-17",50,"Safe"
"14384","WA","2013-06-18",46,"Safe"
"14385","WA","2013-06-19",35,"Safe"
"14386","WA","2013-06-20",30,"Safe"
"14387","WA","2013-06-21",44,"Safe"
"14388","WA","2013-06-22",41,"Safe"
"14389","WA","2013-06-23",56,"Safe"
"14390","WA","2013-06-24",72,"MinorHazard"
"14391","WA","2013-06-25",59,"Safe"
"14392","WA","2013-06-26",26,"Safe"
"14393","WA","2013-06-27",37,"Safe"
"14394","WA","2013-06-28",39,"Safe"
"14395","WA","2013-06-29",46,"Safe"
"14396","WA","2013-06-30",41,"Safe"
"14397","WA","2013-07-01",43,"Safe"
"14398","WA","2013-07-02",54,"Safe"
"14399","WA","2013-07-03",59,"Safe"
"14400","WA","2013-07-04",43,"Safe"
"14401","WA","2013-07-05",28,"Safe"
"14402","WA","2013-07-06",41,"Safe"
"14403","WA","2013-07-07",33,"Safe"
"14404","WA","2013-07-08",41,"Safe"
"14405","WA","2013-07-09",56,"Safe"
"14406","WA","2013-07-10",28,"Safe"
"14407","WA","2013-07-11",28,"Safe"
"14408","WA","2013-07-12",39,"Safe"
"14409","WA","2013-07-13",39,"Safe"
"14410","WA","2013-07-14",48,"Safe"
"14411","WA","2013-07-15",57,"Safe"
"14412","WA","2013-07-16",93,"Damaging"
"14413","WA","2013-07-17",76,"MinorHazard"
"14414","WA","2013-07-18",48,"Safe"
"14415","WA","2013-07-19",41,"Safe"
"14416","WA","2013-07-20",41,"Safe"
"14417","WA","2013-07-21",35,"Safe"
"14418","WA","2013-07-22",56,"Safe"
"14419","WA","2013-07-23",67,"MinorHazard"
"14420","WA","2013-07-24",57,"Safe"
"14421","WA","2013-07-25",46,"Safe"
"14422","WA","2013-07-26",72,"MinorHazard"
"14423","WA","2013-07-27",70,"MinorHazard"
"14424","WA","2013-07-28",56,"Safe"
"14425","WA","2013-07-29",33,"Safe"
"14426","WA","2013-07-30",52,"Safe"
"14427","WA","2013-07-31",48,"Safe"
"14428","WA","2013-08-01",39,"Safe"
"14429","WA","2013-08-02",43,"Safe"
"14430","WA","2013-08-03",33,"Safe"
"14431","WA","2013-08-04",57,"Safe"
"14432","WA","2013-08-05",54,"Safe"
"14433","WA","2013-08-06",46,"Safe"
"14434","WA","2013-08-07",67,"MinorHazard"
"14435","WA","2013-08-08",56,"Safe"
"14436","WA","2013-08-09",46,"Safe"
"14437","WA","2013-08-10",63,"MinorHazard"
"14438","WA","2013-08-11",56,"Safe"
"14439","WA","2013-08-12",56,"Safe"
"14440","WA","2013-08-13",65,"MinorHazard"
"14441","WA","2013-08-14",54,"Safe"
"14442","WA","2013-08-15",81,"MinorHazard"
"14443","WA","2013-08-16",65,"MinorHazard"
"14444","WA","2013-08-17",61,"Safe"
"14445","WA","2013-08-18",28,"Safe"
"14446","WA","2013-08-19",35,"Safe"
"14447","WA","2013-08-20",35,"Safe"
"14448","WA","2013-08-21",37,"Safe"
"14449","WA","2013-08-22",35,"Safe"
"14450","WA","2013-08-23",39,"Safe"
"14451","WA","2013-08-24",44,"Safe"
"14452","WA","2013-08-25",44,"Safe"
"14453","WA","2013-08-26",50,"Safe"
"14454","WA","2013-08-27",43,"Safe"
"14455","WA","2013-08-28",43,"Safe"
"14456","WA","2013-08-29",57,"Safe"
"14457","WA","2013-08-30",76,"MinorHazard"
"14458","WA","2013-08-31",104,"Damaging"
"14459","WA","2013-09-01",61,"Safe"
"14460","WA","2013-09-02",48,"Safe"
"14461","WA","2013-09-03",91,"Damaging"
"14462","WA","2013-09-04",70,"MinorHazard"
"14463","WA","2013-09-05",39,"Safe"
"14464","WA","2013-09-06",44,"Safe"
"14465","WA","2013-09-07",41,"Safe"
"14466","WA","2013-09-08",56,"Safe"
"14467","WA","2013-09-09",31,"Safe"
"14468","WA","2013-09-10",52,"Safe"
"14469","WA","2013-09-11",72,"MinorHazard"
"14470","WA","2013-09-12",57,"Safe"
"14471","WA","2013-09-13",46,"Safe"
"14472","WA","2013-09-14",74,"MinorHazard"
"14473","WA","2013-09-15",52,"Safe"
"14474","WA","2013-09-16",81,"MinorHazard"
"14475","WA","2013-09-17",65,"MinorHazard"
"14476","WA","2013-09-18",76,"MinorHazard"
"14477","WA","2013-09-19",63,"MinorHazard"
"14478","WA","2013-09-20",61,"Safe"
"14479","WA","2013-09-21",69,"MinorHazard"
"14480","WA","2013-09-22",87,"MinorHazard"
"14481","WA","2013-09-23",91,"Damaging"
"14482","WA","2013-09-24",81,"MinorHazard"
"14483","WA","2013-09-25",91,"Damaging"
"14484","WA","2013-09-26",78,"MinorHazard"
"14485","WA","2013-09-27",46,"Safe"
"14486","WA","2013-09-28",72,"MinorHazard"
"14487","WA","2013-09-29",57,"Safe"
"14488","WA","2013-09-30",59,"Safe"
"14489","WA","2013-10-01",57,"Safe"
"14490","WA","2013-10-02",50,"Safe"
"14491","WA","2013-10-03",43,"Safe"
"14492","WA","2013-10-04",50,"Safe"
"14493","WA","2013-10-05",59,"Safe"
"14494","WA","2013-10-06",65,"MinorHazard"
"14495","WA","2013-10-07",65,"MinorHazard"
"14496","WA","2013-10-08",48,"Safe"
"14497","WA","2013-10-09",48,"Safe"
"14498","WA","2013-10-10",50,"Safe"
"14499","WA","2013-10-11",61,"Safe"
"14500","WA","2013-10-12",54,"Safe"
"14501","WA","2013-10-13",48,"Safe"
"14502","WA","2013-10-14",39,"Safe"
"14503","WA","2013-10-15",67,"MinorHazard"
"14504","WA","2013-10-16",56,"Safe"
"14505","WA","2013-10-17",52,"Safe"
"14506","WA","2013-10-18",57,"Safe"
"14507","WA","2013-10-19",48,"Safe"
"14508","WA","2013-10-20",46,"Safe"
"14509","WA","2013-10-21",41,"Safe"
"14510","WA","2013-10-22",50,"Safe"
"14511","WA","2013-10-23",81,"MinorHazard"
"14512","WA","2013-10-24",76,"MinorHazard"
"14513","WA","2013-10-25",44,"Safe"
"14514","WA","2013-10-26",39,"Safe"
"14515","WA","2013-10-27",41,"Safe"
"14516","WA","2013-10-28",56,"Safe"
"14517","WA","2013-10-29",57,"Safe"
"14518","WA","2013-10-30",57,"Safe"
"14519","WA","2013-10-31",52,"Safe"
"14520","WA","2013-11-01",48,"Safe"
"14521","WA","2013-11-02",72,"MinorHazard"
"14522","WA","2013-11-03",72,"MinorHazard"
"14523","WA","2013-11-04",56,"Safe"
"14524","WA","2013-11-05",44,"Safe"
"14525","WA","2013-11-06",48,"Safe"
"14526","WA","2013-11-07",52,"Safe"
"14527","WA","2013-11-08",61,"Safe"
"14528","WA","2013-11-09",50,"Safe"
"14529","WA","2013-11-10",61,"Safe"
"14530","WA","2013-11-11",46,"Safe"
"14531","WA","2013-11-12",52,"Safe"
"14532","WA","2013-11-13",61,"Safe"
"14533","WA","2013-11-14",65,"MinorHazard"
"14534","WA","2013-11-15",70,"MinorHazard"
"14535","WA","2013-11-16",65,"MinorHazard"
"14536","WA","2013-11-17",61,"Safe"
"14537","WA","2013-11-18",65,"MinorHazard"
"14538","WA","2013-11-19",67,"MinorHazard"
"14539","WA","2013-11-20",76,"MinorHazard"
"14540","WA","2013-11-21",61,"Safe"
"14541","WA","2013-11-22",50,"Safe"
"14542","WA","2013-11-23",43,"Safe"
"14543","WA","2013-11-24",46,"Safe"
"14544","WA","2013-11-25",48,"Safe"
"14545","WA","2013-11-26",52,"Safe"
"14546","WA","2013-11-27",57,"Safe"
"14547","WA","2013-11-28",48,"Safe"
"14548","WA","2013-11-29",61,"Safe"
"14549","WA","2013-11-30",83,"MinorHazard"
"14550","WA","2013-12-01",43,"Safe"
"14551","WA","2013-12-02",50,"Safe"
"14552","WA","2013-12-03",52,"Safe"
"14553","WA","2013-12-04",54,"Safe"
"14554","WA","2013-12-05",74,"MinorHazard"
"14555","WA","2013-12-06",52,"Safe"
"14556","WA","2013-12-07",48,"Safe"
"14557","WA","2013-12-08",48,"Safe"
"14558","WA","2013-12-09",46,"Safe"
"14559","WA","2013-12-10",54,"Safe"
"14560","WA","2013-12-11",63,"MinorHazard"
"14561","WA","2013-12-12",52,"Safe"
"14562","WA","2013-12-13",56,"Safe"
"14563","WA","2013-12-14",41,"Safe"
"14564","WA","2013-12-15",46,"Safe"
"14565","WA","2013-12-16",59,"Safe"
"14566","WA","2013-12-17",63,"MinorHazard"
"14567","WA","2013-12-18",46,"Safe"
"14568","WA","2013-12-19",54,"Safe"
"14569","WA","2013-12-20",59,"Safe"
"14570","WA","2013-12-21",57,"Safe"
"14571","WA","2013-12-22",52,"Safe"
"14572","WA","2013-12-23",43,"Safe"
"14573","WA","2013-12-24",76,"MinorHazard"
"14574","WA","2013-12-25",39,"Safe"
"14575","WA","2013-12-26",56,"Safe"
"14576","WA","2013-12-27",59,"Safe"
"14577","WA","2013-12-28",50,"Safe"
"14578","WA","2013-12-29",48,"Safe"
"14579","WA","2013-12-30",56,"Safe"
"14580","WA","2013-12-31",52,"Safe"
"14581","WA","2014-01-01",44,"Safe"
"14582","WA","2014-01-02",65,"MinorHazard"
"14583","WA","2014-01-03",46,"Safe"
"14584","WA","2014-01-04",46,"Safe"
"14585","WA","2014-01-05",52,"Safe"
"14586","WA","2014-01-06",61,"Safe"
"14587","WA","2014-01-07",54,"Safe"
"14588","WA","2014-01-08",48,"Safe"
"14589","WA","2014-01-09",46,"Safe"
"14590","WA","2014-01-10",52,"Safe"
"14591","WA","2014-01-11",54,"Safe"
"14592","WA","2014-01-12",61,"Safe"
"14593","WA","2014-01-13",48,"Safe"
"14594","WA","2014-01-14",44,"Safe"
"14595","WA","2014-01-15",59,"Safe"
"14596","WA","2014-01-16",50,"Safe"
"14597","WA","2014-01-17",54,"Safe"
"14598","WA","2014-01-18",43,"Safe"
"14599","WA","2014-01-19",61,"Safe"
"14600","WA","2014-01-20",59,"Safe"
"14601","WA","2014-01-21",57,"Safe"
"14602","WA","2014-01-22",56,"Safe"
"14603","WA","2014-01-23",59,"Safe"
"14604","WA","2014-01-24",61,"Safe"
"14605","WA","2014-01-25",44,"Safe"
"14606","WA","2014-01-26",44,"Safe"
"14607","WA","2014-01-27",54,"Safe"
"14608","WA","2014-01-28",54,"Safe"
"14609","WA","2014-01-29",57,"Safe"
"14610","WA","2014-01-30",39,"Safe"
"14611","WA","2014-01-31",50,"Safe"
"14612","WA","2014-02-01",48,"Safe"
"14613","WA","2014-02-02",63,"MinorHazard"
"14614","WA","2014-02-03",61,"Safe"
"14615","WA","2014-02-04",54,"Safe"
"14616","WA","2014-02-05",54,"Safe"
"14617","WA","2014-02-06",59,"Safe"
"14618","WA","2014-02-07",48,"Safe"
"14619","WA","2014-02-08",56,"Safe"
"14620","WA","2014-02-09",54,"Safe"
"14621","WA","2014-02-10",52,"Safe"
"14622","WA","2014-02-11",63,"MinorHazard"
"14623","WA","2014-02-12",54,"Safe"
"14624","WA","2014-02-13",56,"Safe"
"14625","WA","2014-02-14",44,"Safe"
"14626","WA","2014-02-15",41,"Safe"
"14627","WA","2014-02-16",48,"Safe"
"14628","WA","2014-02-17",48,"Safe"
"14629","WA","2014-02-18",63,"MinorHazard"
"14630","WA","2014-02-19",63,"MinorHazard"
"14631","WA","2014-02-20",59,"Safe"
"14632","WA","2014-02-21",70,"MinorHazard"
"14633","WA","2014-02-22",44,"Safe"
"14634","WA","2014-02-23",46,"Safe"
"14635","WA","2014-02-24",54,"Safe"
"14636","WA","2014-02-25",63,"MinorHazard"
"14637","WA","2014-02-26",57,"Safe"
"14638","WA","2014-02-27",59,"Safe"
"14639","WA","2014-02-28",41,"Safe"
"14640","WA","2014-03-01",43,"Safe"
"14641","WA","2014-03-02",44,"Safe"
"14642","WA","2014-03-03",46,"Safe"
"14643","WA","2014-03-04",54,"Safe"
"14644","WA","2014-03-05",52,"Safe"
"14645","WA","2014-03-06",56,"Safe"
"14646","WA","2014-03-07",54,"Safe"
"14647","WA","2014-03-08",48,"Safe"
"14648","WA","2014-03-09",46,"Safe"
"14649","WA","2014-03-10",48,"Safe"
"14650","WA","2014-03-11",56,"Safe"
"14651","WA","2014-03-12",59,"Safe"
"14652","WA","2014-03-13",44,"Safe"
"14653","WA","2014-03-14",50,"Safe"
"14654","WA","2014-03-15",41,"Safe"
"14655","WA","2014-03-16",37,"Safe"
"14656","WA","2014-03-17",46,"Safe"
"14657","WA","2014-03-18",41,"Safe"
"14658","WA","2014-03-19",41,"Safe"
"14659","WA","2014-03-20",80,"MinorHazard"
"14660","WA","2014-03-21",74,"MinorHazard"
"14661","WA","2014-03-22",70,"MinorHazard"
"14662","WA","2014-03-23",65,"MinorHazard"
"14663","WA","2014-03-24",48,"Safe"
"14664","WA","2014-03-25",57,"Safe"
"14665","WA","2014-03-26",39,"Safe"
"14666","WA","2014-03-27",39,"Safe"
"14667","WA","2014-03-28",48,"Safe"
"14668","WA","2014-03-29",57,"Safe"
"14669","WA","2014-03-30",44,"Safe"
"14670","WA","2014-03-31",43,"Safe"
"14671","WA","2014-04-01",46,"Safe"
"14672","WA","2014-04-02",59,"Safe"
"14673","WA","2014-04-03",54,"Safe"
"14674","WA","2014-04-04",39,"Safe"
"14675","WA","2014-04-05",37,"Safe"
"14676","WA","2014-04-06",48,"Safe"
"14677","WA","2014-04-07",44,"Safe"
"14678","WA","2014-04-08",48,"Safe"
"14679","WA","2014-04-09",48,"Safe"
"14680","WA","2014-04-10",41,"Safe"
"14681","WA","2014-04-11",35,"Safe"
"14682","WA","2014-04-12",48,"Safe"
"14683","WA","2014-04-13",39,"Safe"
"14684","WA","2014-04-14",39,"Safe"
"14685","WA","2014-04-15",52,"Safe"
"14686","WA","2014-04-16",48,"Safe"
"14687","WA","2014-04-17",39,"Safe"
"14688","WA","2014-04-18",54,"Safe"
"14689","WA","2014-04-19",39,"Safe"
"14690","WA","2014-04-20",37,"Safe"
"14691","WA","2014-04-21",37,"Safe"
"14692","WA","2014-04-22",35,"Safe"
"14693","WA","2014-04-23",43,"Safe"
"14694","WA","2014-04-24",50,"Safe"
"14695","WA","2014-04-25",41,"Safe"
"14696","WA","2014-04-26",46,"Safe"
"14697","WA","2014-04-27",57,"Safe"
"14698","WA","2014-04-28",59,"Safe"
"14699","WA","2014-04-29",33,"Safe"
"14700","WA","2014-04-30",46,"Safe"
"14701","WA","2014-05-01",48,"Safe"
"14702","WA","2014-05-02",41,"Safe"
"14703","WA","2014-05-03",33,"Safe"
"14704","WA","2014-05-04",31,"Safe"
"14705","WA","2014-05-05",39,"Safe"
"14706","WA","2014-05-06",35,"Safe"
"14707","WA","2014-05-07",61,"Safe"
"14708","WA","2014-05-08",78,"MinorHazard"
"14709","WA","2014-05-09",52,"Safe"
"14710","WA","2014-05-10",43,"Safe"
"14711","WA","2014-05-11",48,"Safe"
"14712","WA","2014-05-12",63,"MinorHazard"
"14713","WA","2014-05-13",48,"Safe"
"14714","WA","2014-05-14",50,"Safe"
"14715","WA","2014-05-15",35,"Safe"
"14716","WA","2014-05-16",43,"Safe"
"14717","WA","2014-05-17",43,"Safe"
"14718","WA","2014-05-18",46,"Safe"
"14719","WA","2014-05-19",31,"Safe"
"14720","WA","2014-05-20",41,"Safe"
"14721","WA","2014-05-21",35,"Safe"
"14722","WA","2014-05-22",52,"Safe"
"14723","WA","2014-05-23",65,"MinorHazard"
"14724","WA","2014-05-24",80,"MinorHazard"
"14725","WA","2014-05-25",61,"Safe"
"14726","WA","2014-05-26",39,"Safe"
"14727","WA","2014-05-27",50,"Safe"
"14728","WA","2014-05-28",50,"Safe"
"14729","WA","2014-05-29",54,"Safe"
"14730","WA","2014-05-30",33,"Safe"
"14731","WA","2014-05-31",46,"Safe"
"14732","WA","2014-06-01",48,"Safe"
"14733","WA","2014-06-02",46,"Safe"
"14734","WA","2014-06-03",28,"Safe"
"14735","WA","2014-06-04",28,"Safe"
"14736","WA","2014-06-05",35,"Safe"
"14737","WA","2014-06-06",41,"Safe"
"14738","WA","2014-06-07",48,"Safe"
"14739","WA","2014-06-08",50,"Safe"
"14740","WA","2014-06-09",43,"Safe"
"14741","WA","2014-06-10",69,"MinorHazard"
"14742","WA","2014-06-11",44,"Safe"
"14743","WA","2014-06-12",39,"Safe"
"14744","WA","2014-06-13",26,"Safe"
"14745","WA","2014-06-14",35,"Safe"
"14746","WA","2014-06-15",43,"Safe"
"14747","WA","2014-06-16",48,"Safe"
"14748","WA","2014-06-17",72,"MinorHazard"
"14749","WA","2014-06-18",69,"MinorHazard"
"14750","WA","2014-06-19",41,"Safe"
"14751","WA","2014-06-20",44,"Safe"
"14752","WA","2014-06-21",67,"MinorHazard"
"14753","WA","2014-06-22",67,"MinorHazard"
"14754","WA","2014-06-23",28,"Safe"
"14755","WA","2014-06-24",52,"Safe"
"14756","WA","2014-06-25",39,"Safe"
"14757","WA","2014-06-26",69,"MinorHazard"
"14758","WA","2014-06-27",50,"Safe"
"14759","WA","2014-06-28",33,"Safe"
"14760","WA","2014-06-29",44,"Safe"
"14761","WA","2014-06-30",46,"Safe"
"14762","WA","2014-07-01",54,"Safe"
"14763","WA","2014-07-02",69,"MinorHazard"
"14764","WA","2014-07-03",33,"Safe"
"14765","WA","2014-07-04",48,"Safe"
"14766","WA","2014-07-05",72,"MinorHazard"
"14767","WA","2014-07-06",78,"MinorHazard"
"14768","WA","2014-07-07",91,"Damaging"
"14769","WA","2014-07-08",72,"MinorHazard"
"14770","WA","2014-07-09",30,"Safe"
"14771","WA","2014-07-10",39,"Safe"
"14772","WA","2014-07-11",54,"Safe"
"14773","WA","2014-07-12",41,"Safe"
"14774","WA","2014-07-13",48,"Safe"
"14775","WA","2014-07-14",76,"MinorHazard"
"14776","WA","2014-07-15",67,"MinorHazard"
"14777","WA","2014-07-16",43,"Safe"
"14778","WA","2014-07-17",35,"Safe"
"14779","WA","2014-07-18",43,"Safe"
"14780","WA","2014-07-19",43,"Safe"
"14781","WA","2014-07-20",30,"Safe"
"14782","WA","2014-07-21",54,"Safe"
"14783","WA","2014-07-22",56,"Safe"
"14784","WA","2014-07-23",52,"Safe"
"14785","WA","2014-07-24",41,"Safe"
"14786","WA","2014-07-25",67,"MinorHazard"
"14787","WA","2014-07-26",70,"MinorHazard"
"14788","WA","2014-07-27",63,"MinorHazard"
"14789","WA","2014-07-28",57,"Safe"
"14790","WA","2014-07-29",44,"Safe"
"14791","WA","2014-07-30",63,"MinorHazard"
"14792","WA","2014-07-31",50,"Safe"
"14793","WA","2014-08-01",54,"Safe"
"14794","WA","2014-08-02",48,"Safe"
"14795","WA","2014-08-03",41,"Safe"
"14796","WA","2014-08-04",37,"Safe"
"14797","WA","2014-08-05",43,"Safe"
"14798","WA","2014-08-06",46,"Safe"
"14799","WA","2014-08-07",43,"Safe"
"14800","WA","2014-08-08",35,"Safe"
"14801","WA","2014-08-09",37,"Safe"
"14802","WA","2014-08-10",54,"Safe"
"14803","WA","2014-08-11",65,"MinorHazard"
"14804","WA","2014-08-12",70,"MinorHazard"
"14805","WA","2014-08-13",57,"Safe"
"14806","WA","2014-08-14",54,"Safe"
"14807","WA","2014-08-15",33,"Safe"
"14808","WA","2014-08-16",28,"Safe"
"14809","WA","2014-08-17",83,"MinorHazard"
"14810","WA","2014-08-18",69,"MinorHazard"
"14811","WA","2014-08-19",31,"Safe"
"14812","WA","2014-08-20",46,"Safe"
"14813","WA","2014-08-21",61,"Safe"
"14814","WA","2014-08-22",61,"Safe"
"14815","WA","2014-08-23",43,"Safe"
"14816","WA","2014-08-24",52,"Safe"
"14817","WA","2014-08-25",59,"Safe"
"14818","WA","2014-08-26",44,"Safe"
"14819","WA","2014-08-27",50,"Safe"
"14820","WA","2014-08-28",67,"MinorHazard"
"14821","WA","2014-08-29",61,"Safe"
"14822","WA","2014-08-30",37,"Safe"
"14823","WA","2014-08-31",35,"Safe"
"14824","WA","2014-09-01",43,"Safe"
"14825","WA","2014-09-02",37,"Safe"
"14826","WA","2014-09-03",39,"Safe"
"14827","WA","2014-09-04",54,"Safe"
"14828","WA","2014-09-05",41,"Safe"
"14829","WA","2014-09-06",83,"MinorHazard"
"14830","WA","2014-09-07",81,"MinorHazard"
"14831","WA","2014-09-08",83,"MinorHazard"
"14832","WA","2014-09-09",59,"Safe"
"14833","WA","2014-09-10",41,"Safe"
"14834","WA","2014-09-11",33,"Safe"
"14835","WA","2014-09-12",50,"Safe"
"14836","WA","2014-09-13",43,"Safe"
"14837","WA","2014-09-14",37,"Safe"
"14838","WA","2014-09-15",33,"Safe"
"14839","WA","2014-09-17",43,"Safe"
"14840","WA","2014-09-18",41,"Safe"
"14841","WA","2014-09-19",35,"Safe"
"14842","WA","2014-09-20",63,"MinorHazard"
"14843","WA","2014-09-21",72,"MinorHazard"
"14844","WA","2014-09-22",54,"Safe"
"14845","WA","2014-09-23",31,"Safe"
"14846","WA","2014-09-24",39,"Safe"
"14847","WA","2014-09-25",46,"Safe"
"14848","WA","2014-09-26",59,"Safe"
"14849","WA","2014-09-27",80,"MinorHazard"
"14850","WA","2014-09-28",69,"MinorHazard"
"14851","WA","2014-09-29",50,"Safe"
"14852","WA","2014-09-30",31,"Safe"
"14853","WA","2014-10-01",54,"Safe"
"14854","WA","2014-10-02",50,"Safe"
"14855","WA","2014-10-03",43,"Safe"
"14856","WA","2014-10-04",52,"Safe"
"14857","WA","2014-10-05",74,"MinorHazard"
"14858","WA","2014-10-06",43,"Safe"
"14859","WA","2014-10-07",44,"Safe"
"14860","WA","2014-10-08",43,"Safe"
"14861","WA","2014-10-09",48,"Safe"
"14862","WA","2014-10-10",33,"Safe"
"14863","WA","2014-10-11",52,"Safe"
"14864","WA","2014-10-12",46,"Safe"
"14865","WA","2014-10-13",57,"Safe"
"14866","WA","2014-10-14",41,"Safe"
"14867","WA","2014-10-15",48,"Safe"
"14868","WA","2014-10-16",63,"MinorHazard"
"14869","WA","2014-10-17",46,"Safe"
"14870","WA","2014-10-18",72,"MinorHazard"
"14871","WA","2014-10-19",61,"Safe"
"14872","WA","2014-10-20",44,"Safe"
"14873","WA","2014-10-21",39,"Safe"
"14874","WA","2014-10-22",76,"MinorHazard"
"14875","WA","2014-10-23",54,"Safe"
"14876","WA","2014-10-24",37,"Safe"
"14877","WA","2014-10-25",52,"Safe"
"14878","WA","2014-10-26",57,"Safe"
"14879","WA","2014-10-27",44,"Safe"
"14880","WA","2014-10-28",43,"Safe"
"14881","WA","2014-10-29",43,"Safe"
"14882","WA","2014-10-30",52,"Safe"
"14883","WA","2014-11-01",57,"Safe"
"14884","WA","2014-11-02",63,"MinorHazard"
"14885","WA","2014-11-03",44,"Safe"
"14886","WA","2014-11-04",41,"Safe"
"14887","WA","2014-11-05",37,"Safe"
"14888","WA","2014-11-06",65,"MinorHazard"
"14889","WA","2014-11-07",56,"Safe"
"14890","WA","2014-11-08",48,"Safe"
"14891","WA","2014-11-09",50,"Safe"
"14892","WA","2014-11-10",54,"Safe"
"14893","WA","2014-11-11",46,"Safe"
"14894","WA","2014-11-13",54,"Safe"
"14895","WA","2014-11-14",43,"Safe"
"14896","WA","2014-11-15",50,"Safe"
"14897","WA","2014-11-16",44,"Safe"
"14898","WA","2014-11-17",43,"Safe"
"14899","WA","2014-11-18",67,"MinorHazard"
"14900","WA","2014-11-19",44,"Safe"
"14901","WA","2014-11-20",59,"Safe"
"14902","WA","2014-11-21",50,"Safe"
"14903","WA","2014-11-22",48,"Safe"
"14904","WA","2014-11-23",48,"Safe"
"14905","WA","2014-11-24",44,"Safe"
"14906","WA","2014-11-25",67,"MinorHazard"
"14907","WA","2014-11-26",65,"MinorHazard"
"14908","WA","2014-11-27",52,"Safe"
"14909","WA","2014-11-28",41,"Safe"
"14910","WA","2014-11-29",43,"Safe"
"14911","WA","2014-11-30",48,"Safe"
"14912","WA","2014-12-01",57,"Safe"
"14913","WA","2014-12-02",48,"Safe"
"14914","WA","2014-12-03",54,"Safe"
"14915","WA","2014-12-04",50,"Safe"
"14916","WA","2014-12-05",41,"Safe"
"14917","WA","2014-12-06",39,"Safe"
"14918","WA","2014-12-07",39,"Safe"
"14919","WA","2014-12-08",54,"Safe"
"14920","WA","2014-12-09",52,"Safe"
"14921","WA","2014-12-10",50,"Safe"
"14922","WA","2014-12-11",59,"Safe"
"14923","WA","2014-12-12",70,"MinorHazard"
"14924","WA","2014-12-13",44,"Safe"
"14925","WA","2014-12-14",41,"Safe"
"14926","WA","2014-12-15",57,"Safe"
"14927","WA","2014-12-16",44,"Safe"
"14928","WA","2014-12-17",48,"Safe"
"14929","WA","2014-12-18",52,"Safe"
"14930","WA","2014-12-19",52,"Safe"
"14931","WA","2014-12-20",81,"MinorHazard"
"14932","WA","2014-12-21",48,"Safe"
"14933","WA","2014-12-22",56,"Safe"
"14934","WA","2014-12-23",78,"MinorHazard"
"14935","WA","2014-12-24",69,"MinorHazard"
"14936","WA","2014-12-25",70,"MinorHazard"
"14937","WA","2014-12-26",52,"Safe"
"14938","WA","2014-12-27",52,"Safe"
"14939","WA","2014-12-28",44,"Safe"
"14940","WA","2014-12-29",48,"Safe"
"14941","WA","2014-12-30",56,"Safe"
"14942","WA","2014-12-31",56,"Safe"
"14943","WA","2015-01-01",46,"Safe"
"14944","WA","2015-01-02",44,"Safe"
"14945","WA","2015-01-03",46,"Safe"
"14946","WA","2015-01-04",44,"Safe"
"14947","WA","2015-01-05",57,"Safe"
"14948","WA","2015-01-06",50,"Safe"
"14949","WA","2015-01-07",65,"MinorHazard"
"14950","WA","2015-01-08",67,"MinorHazard"
"14951","WA","2015-01-09",67,"MinorHazard"
"14952","WA","2015-01-11",56,"Safe"
"14953","WA","2015-01-12",48,"Safe"
"14954","WA","2015-01-13",52,"Safe"
"14955","WA","2015-01-14",61,"Safe"
"14956","WA","2015-01-15",46,"Safe"
"14957","WA","2015-01-16",44,"Safe"
"14958","WA","2015-01-17",65,"MinorHazard"
"14959","WA","2015-01-18",50,"Safe"
"14960","WA","2015-01-19",57,"Safe"
"14961","WA","2015-01-20",43,"Safe"
"14962","WA","2015-01-21",54,"Safe"
"14963","WA","2015-01-22",41,"Safe"
"14964","WA","2015-01-23",41,"Safe"
"14965","WA","2015-01-24",44,"Safe"
"14966","WA","2015-01-25",54,"Safe"
"14967","WA","2015-01-26",63,"MinorHazard"
"14968","WA","2015-01-27",59,"Safe"
"14969","WA","2015-01-28",54,"Safe"
"14970","WA","2015-01-29",56,"Safe"
"14971","WA","2015-01-30",61,"Safe"
"14972","WA","2015-01-31",70,"MinorHazard"
"14973","WA","2015-02-01",57,"Safe"
"14974","WA","2015-02-02",80,"MinorHazard"
"14975","WA","2015-02-03",63,"MinorHazard"
"14976","WA","2015-02-04",52,"Safe"
"14977","WA","2015-02-05",43,"Safe"
"14978","WA","2015-02-06",50,"Safe"
"14979","WA","2015-02-07",52,"Safe"
"14980","WA","2015-02-08",57,"Safe"
"14981","WA","2015-02-09",52,"Safe"
"14982","WA","2015-02-10",50,"Safe"
"14983","WA","2015-02-11",52,"Safe"
"14984","WA","2015-02-12",39,"Safe"
"14985","WA","2015-02-13",50,"Safe"
"14986","WA","2015-02-14",46,"Safe"
"14987","WA","2015-02-15",52,"Safe"
"14988","WA","2015-02-16",52,"Safe"
"14989","WA","2015-02-17",35,"Safe"
"14990","WA","2015-02-18",41,"Safe"
"14991","WA","2015-02-19",44,"Safe"
"14992","WA","2015-02-20",44,"Safe"
"14993","WA","2015-02-21",43,"Safe"
"14994","WA","2015-02-22",57,"Safe"
"14995","WA","2015-02-23",61,"Safe"
"14996","WA","2015-02-24",50,"Safe"
"14997","WA","2015-02-25",44,"Safe"
"14998","WA","2015-02-26",61,"Safe"
"14999","WA","2015-02-27",54,"Safe"
"15000","WA","2015-02-28",56,"Safe"
"15001","WA","2015-03-01",61,"Safe"
"15002","WA","2015-03-02",57,"Safe"
"15003","WA","2015-03-03",50,"Safe"
"15004","WA","2015-03-04",50,"Safe"
"15005","WA","2015-03-05",48,"Safe"
"15006","WA","2015-03-06",46,"Safe"
"15007","WA","2015-03-07",50,"Safe"
"15008","WA","2015-03-08",57,"Safe"
"15009","WA","2015-03-09",46,"Safe"
"15010","WA","2015-03-10",50,"Safe"
"15011","WA","2015-03-11",43,"Safe"
"15012","WA","2015-03-12",52,"Safe"
"15013","WA","2015-03-13",46,"Safe"
"15014","WA","2015-03-14",56,"Safe"
"15015","WA","2015-03-15",54,"Safe"
"15016","WA","2015-03-16",50,"Safe"
"15017","WA","2015-03-17",54,"Safe"
"15018","WA","2015-03-18",54,"Safe"
"15019","WA","2015-03-19",48,"Safe"
"15020","WA","2015-03-20",57,"Safe"
"15021","WA","2015-03-21",54,"Safe"
"15022","WA","2015-03-22",57,"Safe"
"15023","WA","2015-03-23",57,"Safe"
"15024","WA","2015-03-24",52,"Safe"
"15025","WA","2015-03-25",65,"MinorHazard"
"15026","WA","2015-03-26",70,"MinorHazard"
"15027","WA","2015-03-27",37,"Safe"
"15028","WA","2015-03-28",39,"Safe"
"15029","WA","2015-03-29",35,"Safe"
"15030","WA","2015-03-30",39,"Safe"
"15031","WA","2015-03-31",44,"Safe"
"15032","WA","2015-04-01",44,"Safe"
"15033","WA","2015-04-02",56,"Safe"
"15034","WA","2015-04-03",35,"Safe"
"15035","WA","2015-04-04",39,"Safe"
"15036","WA","2015-04-05",72,"MinorHazard"
"15037","WA","2015-04-06",72,"MinorHazard"
"15038","WA","2015-04-07",56,"Safe"
"15039","WA","2015-04-08",44,"Safe"
"15040","WA","2015-04-09",59,"Safe"
"15041","WA","2015-04-10",57,"Safe"
"15042","WA","2015-04-11",50,"Safe"
"15043","WA","2015-04-12",46,"Safe"
"15044","WA","2015-04-13",33,"Safe"
"15045","WA","2015-04-14",46,"Safe"
"15046","WA","2015-04-15",41,"Safe"
"15047","WA","2015-04-16",39,"Safe"
"15048","WA","2015-04-17",35,"Safe"
"15049","WA","2015-04-18",56,"Safe"
"15050","WA","2015-04-19",44,"Safe"
"15051","WA","2015-04-20",43,"Safe"
"15052","WA","2015-04-21",33,"Safe"
"15053","WA","2015-04-22",35,"Safe"
"15054","WA","2015-04-23",50,"Safe"
"15055","WA","2015-04-24",57,"Safe"
"15056","WA","2015-04-25",50,"Safe"
"15057","WA","2015-04-26",48,"Safe"
"15058","WA","2015-04-27",52,"Safe"
"15059","WA","2015-04-28",46,"Safe"
"15060","WA","2015-04-29",61,"Safe"
"15061","WA","2015-04-30",56,"Safe"
"15062","WA","2015-05-01",48,"Safe"
"15063","WA","2015-05-02",54,"Safe"
"15064","WA","2015-05-03",70,"MinorHazard"
"15065","WA","2015-05-04",69,"MinorHazard"
"15066","WA","2015-05-05",35,"Safe"
"15067","WA","2015-05-06",30,"Safe"
"15068","WA","2015-05-07",33,"Safe"
"15069","WA","2015-05-08",31,"Safe"
"15070","WA","2015-05-09",35,"Safe"
"15071","WA","2015-05-10",37,"Safe"
"15072","WA","2015-05-11",39,"Safe"
"15073","WA","2015-05-12",54,"Safe"
"15074","WA","2015-05-13",56,"Safe"
"15075","WA","2015-05-14",50,"Safe"
"15076","WA","2015-05-15",65,"MinorHazard"
"15077","WA","2015-05-16",74,"MinorHazard"
"15078","WA","2015-05-17",74,"MinorHazard"
"15079","WA","2015-05-18",54,"Safe"
"15080","WA","2015-05-19",50,"Safe"
"15081","WA","2015-05-20",54,"Safe"
"15082","WA","2015-05-21",50,"Safe"
"15083","WA","2015-05-22",39,"Safe"
"15084","WA","2015-05-23",37,"Safe"
"15085","WA","2015-05-24",30,"Safe"
"15086","WA","2015-05-25",35,"Safe"
"15087","WA","2015-05-26",35,"Safe"
"15088","WA","2015-05-27",39,"Safe"
"15089","WA","2015-05-28",35,"Safe"
"15090","WA","2015-05-29",35,"Safe"
"15091","WA","2015-05-30",37,"Safe"
"15092","WA","2015-05-31",31,"Safe"
"15093","WA","2015-06-01",50,"Safe"
"15094","WA","2015-06-02",61,"Safe"
"15095","WA","2015-06-03",65,"MinorHazard"
"15096","WA","2015-06-04",50,"Safe"
"15097","WA","2015-06-05",43,"Safe"
"15098","WA","2015-06-06",50,"Safe"
"15099","WA","2015-06-07",35,"Safe"
"15100","WA","2015-06-08",37,"Safe"
"15101","WA","2015-06-10",37,"Safe"
"15102","WA","2015-06-11",37,"Safe"
"15103","WA","2015-06-12",41,"Safe"
"15104","WA","2015-06-13",35,"Safe"
"15105","WA","2015-06-14",39,"Safe"
"15106","WA","2015-06-15",46,"Safe"
"15107","WA","2015-06-16",48,"Safe"
"15108","WA","2015-06-17",61,"Safe"
"15109","WA","2015-06-18",57,"Safe"
"15110","WA","2015-06-19",37,"Safe"
"15111","WA","2015-06-20",48,"Safe"
"15112","WA","2015-06-21",80,"MinorHazard"
"15113","WA","2015-06-22",69,"MinorHazard"
"15114","WA","2015-06-23",28,"Safe"
"15115","WA","2015-06-24",39,"Safe"
"15116","WA","2015-06-25",44,"Safe"
"15117","WA","2015-06-26",31,"Safe"
"15118","WA","2015-06-27",48,"Safe"
"15119","WA","2015-06-28",56,"Safe"
"15120","WA","2015-06-29",35,"Safe"
"15121","WA","2015-06-30",35,"Safe"
"15122","WA","2015-07-01",46,"Safe"
"15123","WA","2015-07-02",39,"Safe"
"15124","WA","2015-07-03",48,"Safe"
"15125","WA","2015-07-04",46,"Safe"
"15126","WA","2015-07-05",31,"Safe"
"15127","WA","2015-07-06",33,"Safe"
"15128","WA","2015-07-07",54,"Safe"
"15129","WA","2015-07-08",63,"MinorHazard"
"15130","WA","2015-07-09",44,"Safe"
"15131","WA","2015-07-10",43,"Safe"
"15132","WA","2015-07-11",39,"Safe"
"15133","WA","2015-07-12",30,"Safe"
"15134","WA","2015-07-13",37,"Safe"
"15135","WA","2015-07-14",43,"Safe"
"15136","WA","2015-07-15",44,"Safe"
"15137","WA","2015-07-16",57,"Safe"
"15138","WA","2015-07-17",57,"Safe"
"15139","WA","2015-07-18",43,"Safe"
"15140","WA","2015-07-19",61,"Safe"
"15141","WA","2015-07-20",65,"MinorHazard"
"15142","WA","2015-07-21",50,"Safe"
"15143","WA","2015-07-22",50,"Safe"
"15144","WA","2015-07-23",48,"Safe"
"15145","WA","2015-07-24",48,"Safe"
"15146","WA","2015-07-25",46,"Safe"
"15147","WA","2015-07-26",35,"Safe"
"15148","WA","2015-07-27",41,"Safe"
"15149","WA","2015-07-28",57,"Safe"
"15150","WA","2015-07-29",30,"Safe"
"15151","WA","2015-07-30",56,"Safe"
"15152","WA","2015-07-31",65,"MinorHazard"
"15153","WA","2015-08-01",54,"Safe"
"15154","WA","2015-08-02",35,"Safe"
"15155","WA","2015-08-03",33,"Safe"
"15156","WA","2015-08-04",33,"Safe"
"15157","WA","2015-08-05",44,"Safe"
"15158","WA","2015-08-06",46,"Safe"
"15159","WA","2015-08-07",33,"Safe"
"15160","WA","2015-08-08",67,"MinorHazard"
"15161","WA","2015-08-09",46,"Safe"
"15162","WA","2015-08-10",81,"MinorHazard"
"15163","WA","2015-08-11",50,"Safe"
"15164","WA","2015-08-12",35,"Safe"
"15165","WA","2015-08-13",33,"Safe"
"15166","WA","2015-08-14",31,"Safe"
"15167","WA","2015-08-15",37,"Safe"
"15168","WA","2015-08-16",31,"Safe"
"15169","WA","2015-08-17",48,"Safe"
"15170","WA","2015-08-18",57,"Safe"
"15171","WA","2015-08-19",65,"MinorHazard"
"15172","WA","2015-08-20",56,"Safe"
"15173","WA","2015-08-21",52,"Safe"
"15174","WA","2015-08-22",59,"Safe"
"15175","WA","2015-08-23",43,"Safe"
"15176","WA","2015-08-24",48,"Safe"
"15177","WA","2015-08-25",44,"Safe"
"15178","WA","2015-08-26",41,"Safe"
"15179","WA","2015-08-27",41,"Safe"
"15180","WA","2015-08-28",39,"Safe"
"15181","WA","2015-08-29",56,"Safe"
"15182","WA","2015-08-30",46,"Safe"
"15183","WA","2015-08-31",61,"Safe"
"15184","WA","2015-09-01",69,"MinorHazard"
"15185","WA","2015-09-02",37,"Safe"
"15186","WA","2015-09-03",48,"Safe"
"15187","WA","2015-09-04",50,"Safe"
"15188","WA","2015-09-05",59,"Safe"
"15189","WA","2015-09-06",31,"Safe"
"15190","WA","2015-09-07",31,"Safe"
"15191","WA","2015-09-09",56,"Safe"
"15192","WA","2015-09-10",67,"MinorHazard"
"15193","WA","2015-09-11",65,"MinorHazard"
"15194","WA","2015-09-12",65,"MinorHazard"
"15195","WA","2015-09-13",50,"Safe"
"15196","WA","2015-09-14",46,"Safe"
"15197","WA","2015-09-16",52,"Safe"
"15198","WA","2015-09-17",35,"Safe"
"15199","WA","2015-09-18",43,"Safe"
"15200","WA","2015-09-19",54,"Safe"
"15201","WA","2015-09-20",46,"Safe"
"15202","WA","2015-09-21",52,"Safe"
"15203","WA","2015-09-22",50,"Safe"
"15204","WA","2015-09-23",46,"Safe"
"15205","WA","2015-09-24",59,"Safe"
"15206","WA","2015-09-25",41,"Safe"
"15207","WA","2015-09-26",44,"Safe"
"15208","WA","2015-09-27",69,"MinorHazard"
"15209","WA","2015-09-28",54,"Safe"
"15210","WA","2015-09-29",48,"Safe"
"15211","WA","2015-09-30",50,"Safe"
"15212","WA","2015-10-01",69,"MinorHazard"
"15213","WA","2015-10-02",57,"Safe"
"15214","WA","2015-10-03",52,"Safe"
"15215","WA","2015-10-04",65,"MinorHazard"
"15216","WA","2015-10-05",83,"MinorHazard"
"15217","WA","2015-10-06",46,"Safe"
"15218","WA","2015-10-07",50,"Safe"
"15219","WA","2015-10-08",35,"Safe"
"15220","WA","2015-10-09",37,"Safe"
"15221","WA","2015-10-10",44,"Safe"
"15222","WA","2015-10-11",43,"Safe"
"15223","WA","2015-10-12",46,"Safe"
"15224","WA","2015-10-13",50,"Safe"
"15225","WA","2015-10-14",50,"Safe"
"15226","WA","2015-10-15",56,"Safe"
"15227","WA","2015-10-16",44,"Safe"
"15228","WA","2015-10-17",44,"Safe"
"15229","WA","2015-10-18",56,"Safe"
"15230","WA","2015-10-19",41,"Safe"
"15231","WA","2015-10-20",43,"Safe"
"15232","WA","2015-10-21",39,"Safe"
"15233","WA","2015-10-22",43,"Safe"
"15234","WA","2015-10-23",46,"Safe"
"15235","WA","2015-10-24",56,"Safe"
"15236","WA","2015-10-25",65,"MinorHazard"
"15237","WA","2015-10-26",48,"Safe"
"15238","WA","2015-10-27",56,"Safe"
"15239","WA","2015-10-28",48,"Safe"
"15240","WA","2015-10-29",37,"Safe"
"15241","WA","2015-10-30",39,"Safe"
"15242","WA","2015-10-31",39,"Safe"
"15243","WA","2015-11-01",39,"Safe"
"15244","WA","2015-11-02",50,"Safe"
"15245","WA","2015-11-05",56,"Safe"
"15246","WA","2015-11-06",59,"Safe"
"15247","WA","2015-11-07",41,"Safe"
"15248","WA","2015-11-08",44,"Safe"
"15249","WA","2015-11-09",52,"Safe"
"15250","WA","2015-11-10",57,"Safe"
"15251","WA","2015-11-11",44,"Safe"
"15252","WA","2015-11-12",43,"Safe"
"15253","WA","2015-11-13",69,"MinorHazard"
"15254","WA","2015-11-14",56,"Safe"
"15255","WA","2015-11-15",50,"Safe"
"15256","WA","2015-11-16",41,"Safe"
"15257","WA","2015-11-17",93,"Damaging"
"15258","WA","2015-11-18",63,"MinorHazard"
"15259","WA","2015-11-19",48,"Safe"
"15260","WA","2015-11-20",59,"Safe"
"15261","WA","2015-11-21",76,"MinorHazard"
"15262","WA","2015-11-22",61,"Safe"
"15263","WA","2015-11-23",56,"Safe"
"15264","WA","2015-11-24",48,"Safe"
"15265","WA","2015-11-25",61,"Safe"
"15266","WA","2015-11-26",65,"MinorHazard"
"15267","WA","2015-11-27",56,"Safe"
"15268","WA","2015-11-28",52,"Safe"
"15269","WA","2015-11-29",50,"Safe"
"15270","WA","2015-11-30",56,"Safe"
"15271","WA","2015-12-01",50,"Safe"
"15272","WA","2015-12-02",56,"Safe"
"15273","WA","2015-12-03",48,"Safe"
"15274","WA","2015-12-04",46,"Safe"
"15275","WA","2015-12-05",61,"Safe"
"15276","WA","2015-12-06",67,"MinorHazard"
"15277","WA","2015-12-07",54,"Safe"
"15278","WA","2015-12-08",43,"Safe"
"15279","WA","2015-12-09",44,"Safe"
"15280","WA","2015-12-10",48,"Safe"
"15281","WA","2015-12-11",69,"MinorHazard"
"15282","WA","2015-12-12",54,"Safe"
"15283","WA","2015-12-13",52,"Safe"
"15284","WA","2015-12-14",46,"Safe"
"15285","WA","2015-12-15",43,"Safe"
"15286","WA","2015-12-16",50,"Safe"
"15287","WA","2015-12-17",48,"Safe"
"15288","WA","2015-12-18",54,"Safe"
"15289","WA","2015-12-19",54,"Safe"
"15290","WA","2015-12-20",56,"Safe"
"15291","WA","2015-12-21",61,"Safe"
"15292","WA","2015-12-22",59,"Safe"
"15293","WA","2015-12-23",48,"Safe"
"15294","WA","2015-12-24",56,"Safe"
"15295","WA","2015-12-25",48,"Safe"
"15296","WA","2015-12-26",57,"Safe"
"15297","WA","2015-12-27",44,"Safe"
"15298","WA","2015-12-28",44,"Safe"
"15299","WA","2015-12-29",50,"Safe"
"15300","WA","2015-12-30",59,"Safe"
"15301","WA","2015-12-31",69,"MinorHazard"
"15302","WA","2016-01-02",63,"MinorHazard"
"15303","WA","2016-01-03",44,"Safe"
"15304","WA","2016-01-04",52,"Safe"
"15305","WA","2016-01-05",54,"Safe"
"15306","WA","2016-01-06",44,"Safe"
"15307","WA","2016-01-07",65,"MinorHazard"
"15308","WA","2016-01-09",50,"Safe"
"15309","WA","2016-01-10",46,"Safe"
"15310","WA","2016-01-11",44,"Safe"
"15311","WA","2016-01-12",48,"Safe"
"15312","WA","2016-01-13",57,"Safe"
"15313","WA","2016-01-14",63,"MinorHazard"
"15314","WA","2016-01-15",56,"Safe"
"15315","WA","2016-01-16",80,"MinorHazard"
"15316","WA","2016-01-17",69,"MinorHazard"
"15317","WA","2016-01-18",50,"Safe"
"15318","WA","2016-01-19",57,"Safe"
"15319","WA","2016-01-20",48,"Safe"
"15320","WA","2016-01-21",43,"Safe"
"15321","WA","2016-01-22",41,"Safe"
"15322","WA","2016-01-24",43,"Safe"
"15323","WA","2016-01-25",50,"Safe"
"15324","WA","2016-01-26",57,"Safe"
"15325","WA","2016-01-27",56,"Safe"
"15326","WA","2016-01-28",65,"MinorHazard"
"15327","WA","2016-01-29",70,"MinorHazard"
"15328","WA","2016-01-30",59,"Safe"
"15329","WA","2016-01-31",63,"MinorHazard"
"15330","WA","2016-02-01",52,"Safe"
"15331","WA","2016-02-02",46,"Safe"
"15332","WA","2016-02-03",54,"Safe"
"15333","WA","2016-02-04",54,"Safe"
"15334","WA","2016-02-05",50,"Safe"
"15335","WA","2016-02-06",48,"Safe"
"15336","WA","2016-02-07",56,"Safe"
"15337","WA","2016-02-08",46,"Safe"
"15338","WA","2016-02-09",50,"Safe"
"15339","WA","2016-02-10",43,"Safe"
"15340","WA","2016-02-11",43,"Safe"
"15341","WA","2016-02-12",44,"Safe"
"15342","WA","2016-02-13",56,"Safe"
"15343","WA","2016-02-14",54,"Safe"
"15344","WA","2016-02-15",65,"MinorHazard"
"15345","WA","2016-02-16",69,"MinorHazard"
"15346","WA","2016-02-17",52,"Safe"
"15347","WA","2016-02-18",65,"MinorHazard"
"15348","WA","2016-02-19",76,"MinorHazard"
"15349","WA","2016-02-20",74,"MinorHazard"
"15350","WA","2016-02-21",48,"Safe"
"15351","WA","2016-02-22",56,"Safe"
"15352","WA","2016-02-23",52,"Safe"
"15353","WA","2016-02-24",50,"Safe"
"15354","WA","2016-02-25",57,"Safe"
"15355","WA","2016-02-26",57,"Safe"
"15356","WA","2016-02-27",48,"Safe"
"15357","WA","2016-02-28",48,"Safe"
"15358","WA","2016-02-29",56,"Safe"
"15359","WA","2016-03-01",50,"Safe"
"15360","WA","2016-03-02",43,"Safe"
"15361","WA","2016-03-03",48,"Safe"
"15362","WA","2016-03-04",46,"Safe"
"15363","WA","2016-03-05",44,"Safe"
"15364","WA","2016-03-06",54,"Safe"
"15365","WA","2016-03-07",63,"MinorHazard"
"15366","WA","2016-03-08",54,"Safe"
"15367","WA","2016-03-09",43,"Safe"
"15368","WA","2016-03-10",52,"Safe"
"15369","WA","2016-03-11",44,"Safe"
"15370","WA","2016-03-12",52,"Safe"
"15371","WA","2016-03-13",57,"Safe"
"15372","WA","2016-03-14",61,"Safe"
"15373","WA","2016-03-15",61,"Safe"
"15374","WA","2016-03-16",50,"Safe"
"15375","WA","2016-03-18",54,"Safe"
"15376","WA","2016-03-19",52,"Safe"
"15377","WA","2016-03-20",39,"Safe"
"15378","WA","2016-03-21",46,"Safe"
"15379","WA","2016-03-22",56,"Safe"
"15380","WA","2016-03-23",46,"Safe"
"15381","WA","2016-03-24",63,"MinorHazard"
"15382","WA","2016-03-25",63,"MinorHazard"
"15383","WA","2016-03-26",52,"Safe"
"15384","WA","2016-03-27",50,"Safe"
"15385","WA","2016-03-28",43,"Safe"
"15386","WA","2016-03-29",37,"Safe"
"15387","WA","2016-03-30",33,"Safe"
"15388","WA","2016-03-31",46,"Safe"
"15389","WA","2016-04-01",39,"Safe"
"15390","WA","2016-04-02",33,"Safe"
"15391","WA","2016-04-03",33,"Safe"
"15392","WA","2016-04-04",52,"Safe"
"15393","WA","2016-04-05",48,"Safe"
"15394","WA","2016-04-06",44,"Safe"
"15395","WA","2016-04-07",52,"Safe"
"15396","WA","2016-04-08",39,"Safe"
"15397","WA","2016-04-09",52,"Safe"
"15398","WA","2016-04-11",61,"Safe"
"15399","WA","2016-04-12",33,"Safe"
"15400","WA","2016-04-13",31,"Safe"
"15401","WA","2016-04-14",33,"Safe"
"15402","WA","2016-04-15",44,"Safe"
"15403","WA","2016-04-16",57,"Safe"
"15404","WA","2016-04-17",43,"Safe"
"15405","WA","2016-04-18",37,"Safe"
"15406","WA","2016-04-19",50,"Safe"
"15407","WA","2016-04-20",33,"Safe"
"15408","WA","2016-04-21",44,"Safe"
"15409","WA","2016-04-22",43,"Safe"
"15410","WA","2016-04-23",46,"Safe"
"15411","WA","2016-04-24",48,"Safe"
"15412","WA","2016-04-25",52,"Safe"
"15413","WA","2016-04-26",72,"MinorHazard"
"15414","WA","2016-04-27",41,"Safe"
"15415","WA","2016-04-28",59,"Safe"
"15416","WA","2016-04-29",61,"Safe"
"15417","WA","2016-04-30",52,"Safe"
"15418","WA","2016-05-01",33,"Safe"
"15419","WA","2016-05-02",44,"Safe"
"15420","WA","2016-05-03",35,"Safe"
"15421","WA","2016-05-04",48,"Safe"
"15422","WA","2016-05-05",48,"Safe"
"15423","WA","2016-05-06",44,"Safe"
"15424","WA","2016-05-07",59,"Safe"
"15425","WA","2016-05-08",54,"Safe"
"15426","WA","2016-05-09",37,"Safe"
"15427","WA","2016-05-10",28,"Safe"
"15428","WA","2016-05-11",39,"Safe"
"15429","WA","2016-05-12",41,"Safe"
"15430","WA","2016-05-13",50,"Safe"
"15431","WA","2016-05-14",52,"Safe"
"15432","WA","2016-05-15",72,"MinorHazard"
"15433","WA","2016-05-16",43,"Safe"
"15434","WA","2016-05-17",54,"Safe"
"15435","WA","2016-05-18",41,"Safe"
"15436","WA","2016-05-19",22,"Safe"
"15437","WA","2016-05-21",93,"Damaging"
"15438","WA","2016-05-22",67,"MinorHazard"
"15439","WA","2016-05-23",74,"MinorHazard"
"15440","WA","2016-05-24",98,"Damaging"
"15441","WA","2016-05-25",50,"Safe"
"15442","WA","2016-05-26",56,"Safe"
"15443","WA","2016-05-27",44,"Safe"
"15444","WA","2016-05-28",56,"Safe"
"15445","WA","2016-05-29",35,"Safe"
"15446","WA","2016-05-30",33,"Safe"
"15447","WA","2016-05-31",30,"Safe"
"15448","WA","2016-06-01",37,"Safe"
"15449","WA","2016-06-03",50,"Safe"
"15450","WA","2016-06-04",46,"Safe"
"15451","WA","2016-06-05",37,"Safe"
"15452","WA","2016-06-06",52,"Safe"
"15453","WA","2016-06-07",80,"MinorHazard"
"15454","WA","2016-06-08",65,"MinorHazard"
"15455","WA","2016-06-09",43,"Safe"
"15456","WA","2016-06-10",31,"Safe"
"15457","WA","2016-06-11",50,"Safe"
"15458","WA","2016-06-12",59,"Safe"
"15459","WA","2016-06-13",44,"Safe"
"15460","WA","2016-06-14",39,"Safe"
"15461","WA","2016-06-15",31,"Safe"
"15462","WA","2016-06-16",33,"Safe"
"15463","WA","2016-06-17",37,"Safe"
"15464","WA","2016-06-18",43,"Safe"
"15465","WA","2016-06-19",52,"Safe"
"15466","WA","2016-06-20",31,"Safe"
"15467","WA","2016-06-21",43,"Safe"
"15468","WA","2016-06-22",50,"Safe"
"15469","WA","2016-06-23",39,"Safe"
"15470","WA","2016-06-24",43,"Safe"
"15471","WA","2016-06-25",50,"Safe"
"15472","WA","2016-06-26",46,"Safe"
"15473","WA","2016-06-27",44,"Safe"
"15474","WA","2016-06-28",46,"Safe"
"15475","WA","2016-06-29",41,"Safe"
"15476","WA","2016-06-30",33,"Safe"
"15477","WA","2016-07-01",35,"Safe"
"15478","WA","2016-07-02",37,"Safe"
"15479","WA","2016-07-03",56,"Safe"
"15480","WA","2016-07-04",50,"Safe"
"15481","WA","2016-07-05",48,"Safe"
"15482","WA","2016-07-06",41,"Safe"
"15483","WA","2016-07-07",67,"MinorHazard"
"15484","WA","2016-07-08",59,"Safe"
"15485","WA","2016-07-09",61,"Safe"
"15486","WA","2016-07-10",67,"MinorHazard"
"15487","WA","2016-07-11",54,"Safe"
"15488","WA","2016-07-12",37,"Safe"
"15489","WA","2016-07-13",44,"Safe"
"15490","WA","2016-07-14",69,"MinorHazard"
"15491","WA","2016-07-15",63,"MinorHazard"
"15492","WA","2016-07-16",59,"Safe"
"15493","WA","2016-07-17",59,"Safe"
"15494","WA","2016-07-18",43,"Safe"
"15495","WA","2016-07-19",31,"Safe"
"15496","WA","2016-07-20",56,"Safe"
"15497","WA","2016-07-21",78,"MinorHazard"
"15498","WA","2016-07-22",56,"Safe"
"15499","WA","2016-07-23",52,"Safe"
"15500","WA","2016-07-24",35,"Safe"
"15501","WA","2016-07-25",31,"Safe"
"15502","WA","2016-07-26",35,"Safe"
"15503","WA","2016-07-27",48,"Safe"
"15504","WA","2016-07-28",28,"Safe"
"15505","WA","2016-07-29",80,"MinorHazard"
"15506","WA","2016-07-30",74,"MinorHazard"
"15507","WA","2016-07-31",83,"MinorHazard"
"15508","WA","2016-08-01",30,"Safe"
"15509","WA","2016-08-02",63,"MinorHazard"
"15510","WA","2016-08-03",48,"Safe"
"15511","WA","2016-08-04",31,"Safe"
"15512","WA","2016-08-05",28,"Safe"
"15513","WA","2016-08-06",54,"Safe"
"15514","WA","2016-08-07",81,"MinorHazard"
"15515","WA","2016-08-08",72,"MinorHazard"
"15516","WA","2016-08-09",52,"Safe"
"15517","WA","2016-08-10",50,"Safe"
"15518","WA","2016-08-11",61,"Safe"
"15519","WA","2016-08-12",43,"Safe"
"15520","WA","2016-08-13",35,"Safe"
"15521","WA","2016-08-14",46,"Safe"
"15522","WA","2016-08-15",50,"Safe"
"15523","WA","2016-08-16",44,"Safe"
"15524","WA","2016-08-17",80,"MinorHazard"
"15525","WA","2016-08-18",63,"MinorHazard"
"15526","WA","2016-08-19",50,"Safe"
"15527","WA","2016-08-20",52,"Safe"
"15528","WA","2016-08-21",57,"Safe"
"15529","WA","2016-08-22",54,"Safe"
"15530","WA","2016-08-23",41,"Safe"
"15531","WA","2016-08-24",39,"Safe"
"15532","WA","2016-08-25",52,"Safe"
"15533","WA","2016-08-26",63,"MinorHazard"
"15534","WA","2016-08-27",70,"MinorHazard"
"15535","WA","2016-08-28",70,"MinorHazard"
"15536","WA","2016-08-29",44,"Safe"
"15537","WA","2016-08-30",39,"Safe"
"15538","WA","2016-08-31",50,"Safe"
"15539","WA","2016-09-01",41,"Safe"
"15540","WA","2016-09-02",37,"Safe"
"15541","WA","2016-09-03",28,"Safe"
"15542","WA","2016-09-04",35,"Safe"
"15543","WA","2016-09-05",52,"Safe"
"15544","WA","2016-09-06",72,"MinorHazard"
"15545","WA","2016-09-07",72,"MinorHazard"
"15546","WA","2016-09-08",57,"Safe"
"15547","WA","2016-09-09",46,"Safe"
"15548","WA","2016-09-10",39,"Safe"
"15549","WA","2016-09-11",69,"MinorHazard"
"15550","WA","2016-09-12",74,"MinorHazard"
"15551","WA","2016-09-13",57,"Safe"
"15552","WA","2016-09-15",61,"Safe"
"15553","WA","2016-09-16",54,"Safe"
"15554","WA","2016-09-17",43,"Safe"
"15555","WA","2016-09-18",81,"MinorHazard"
"15556","WA","2016-09-19",61,"Safe"
"15557","WA","2016-09-20",31,"Safe"
"15558","WA","2016-09-21",46,"Safe"
"15559","WA","2016-09-22",56,"Safe"
"15560","WA","2016-09-23",56,"Safe"
"15561","WA","2016-09-24",44,"Safe"
"15562","WA","2016-09-25",46,"Safe"
"15563","WA","2016-09-26",57,"Safe"
"15564","WA","2016-09-27",78,"MinorHazard"
"15565","WA","2016-09-28",61,"Safe"
"15566","WA","2016-09-29",44,"Safe"
"15567","WA","2016-09-30",76,"MinorHazard"
"15568","WA","2016-10-02",65,"MinorHazard"
"15569","WA","2016-10-03",59,"Safe"
"15570","WA","2016-10-04",65,"MinorHazard"
"15571","WA","2016-10-05",61,"Safe"
"15572","WA","2016-10-06",52,"Safe"
"15573","WA","2016-10-07",59,"Safe"
"15574","WA","2016-10-08",72,"MinorHazard"
"15575","WA","2016-10-09",65,"MinorHazard"
"15576","WA","2016-10-10",37,"Safe"
"15577","WA","2016-10-11",43,"Safe"
"15578","WA","2016-10-12",54,"Safe"
"15579","WA","2016-10-13",52,"Safe"
"15580","WA","2016-10-14",69,"MinorHazard"
"15581","WA","2016-10-15",74,"MinorHazard"
"15582","WA","2016-10-16",50,"Safe"
"15583","WA","2016-10-17",44,"Safe"
"15584","WA","2016-10-18",46,"Safe"
"15585","WA","2016-10-19",57,"Safe"
"15586","WA","2016-10-20",59,"Safe"
"15587","WA","2016-10-21",56,"Safe"
"15588","WA","2016-10-22",61,"Safe"
"15589","WA","2016-10-23",57,"Safe"
"15590","WA","2016-10-24",48,"Safe"
"15591","WA","2016-10-25",44,"Safe"
"15592","WA","2016-10-26",39,"Safe"
"15593","WA","2016-10-27",48,"Safe"
"15594","WA","2016-10-28",44,"Safe"
"15595","WA","2016-10-29",67,"MinorHazard"
"15596","WA","2016-10-30",43,"Safe"
"15597","WA","2016-10-31",52,"Safe"
"15598","WA","2016-11-01",46,"Safe"
"15599","WA","2016-11-02",44,"Safe"
"15600","WA","2016-11-03",46,"Safe"
"15601","WA","2016-11-05",35,"Safe"
"15602","WA","2016-11-06",67,"MinorHazard"
"15603","WA","2016-11-07",43,"Safe"
"15604","WA","2016-11-08",48,"Safe"
"15605","WA","2016-11-09",54,"Safe"
"15606","WA","2016-11-10",50,"Safe"
"15607","WA","2016-11-11",48,"Safe"
"15608","WA","2016-11-12",48,"Safe"
"15609","WA","2016-11-13",52,"Safe"
"15610","WA","2016-11-14",57,"Safe"
"15611","WA","2016-11-15",67,"MinorHazard"
"15612","WA","2016-11-16",65,"MinorHazard"
"15613","WA","2016-11-17",43,"Safe"
"15614","WA","2016-11-18",41,"Safe"
"15615","WA","2016-11-19",46,"Safe"
"15616","WA","2016-11-20",52,"Safe"
"15617","WA","2016-11-21",44,"Safe"
"15618","WA","2016-11-22",57,"Safe"
"15619","WA","2016-11-23",56,"Safe"
"15620","WA","2016-11-24",69,"MinorHazard"
"15621","WA","2016-11-25",69,"MinorHazard"
"15622","WA","2016-11-26",52,"Safe"
"15623","WA","2016-11-27",50,"Safe"
"15624","WA","2016-11-28",48,"Safe"
"15625","WA","2016-11-29",46,"Safe"
"15626","WA","2016-11-30",44,"Safe"
"15627","WA","2016-12-01",44,"Safe"
"15628","WA","2016-12-02",56,"Safe"
"15629","WA","2016-12-03",72,"MinorHazard"
"15630","WA","2016-12-04",44,"Safe"
"15631","WA","2016-12-05",52,"Safe"
"15632","WA","2016-12-06",48,"Safe"
"15633","WA","2016-12-07",59,"Safe"
"15634","WA","2016-12-08",61,"Safe"
"15635","WA","2016-12-09",44,"Safe"
"15636","WA","2016-12-10",54,"Safe"
"15637","WA","2016-12-11",54,"Safe"
"15638","WA","2016-12-12",50,"Safe"
"15639","WA","2016-12-13",39,"Safe"
"15640","WA","2016-12-14",46,"Safe"
"15641","WA","2016-12-15",44,"Safe"
"15642","WA","2016-12-16",65,"MinorHazard"
"15643","WA","2016-12-17",61,"Safe"
"15644","WA","2016-12-18",56,"Safe"
"15645","WA","2016-12-19",43,"Safe"
"15646","WA","2016-12-20",54,"Safe"
"15647","WA","2016-12-21",67,"MinorHazard"
"15648","WA","2016-12-22",59,"Safe"
"15649","WA","2016-12-23",48,"Safe"
"15650","WA","2016-12-24",48,"Safe"
"15651","WA","2016-12-25",56,"Safe"
"15652","WA","2016-12-26",59,"Safe"
"15653","WA","2016-12-27",72,"MinorHazard"
"15654","WA","2016-12-28",65,"MinorHazard"
"15655","WA","2016-12-29",43,"Safe"
"15656","WA","2016-12-30",56,"Safe"
"15657","WA","2016-12-31",48,"Safe"
"15658","WA","2017-01-01",59,"Safe"
"15659","WA","2017-01-02",57,"Safe"
"15660","WA","2017-01-03",46,"Safe"
"15661","WA","2017-01-04",44,"Safe"
"15662","WA","2017-01-05",65,"MinorHazard"
"15663","WA","2017-01-06",59,"Safe"
"15664","WA","2017-01-07",46,"Safe"
"15665","WA","2017-01-08",46,"Safe"
"15666","WA","2017-01-09",46,"Safe"
"15667","WA","2017-01-10",48,"Safe"
"15668","WA","2017-01-11",44,"Safe"
"15669","WA","2017-01-12",63,"MinorHazard"
"15670","WA","2017-01-13",39,"Safe"
"15671","WA","2017-01-14",46,"Safe"
"15672","WA","2017-01-15",44,"Safe"
"15673","WA","2017-01-16",54,"Safe"
"15674","WA","2017-01-17",56,"Safe"
"15675","WA","2017-01-18",61,"Safe"
"15676","WA","2017-01-19",57,"Safe"
"15677","WA","2017-01-20",41,"Safe"
"15678","WA","2017-01-21",44,"Safe"
"15679","WA","2017-01-22",56,"Safe"
"15680","WA","2017-01-23",54,"Safe"
"15681","WA","2017-01-24",46,"Safe"
"15682","WA","2017-01-25",48,"Safe"
"15683","WA","2017-01-26",43,"Safe"
"15684","WA","2017-01-27",50,"Safe"
"15685","WA","2017-01-28",54,"Safe"
"15686","WA","2017-01-29",57,"Safe"
"15687","WA","2017-01-30",57,"Safe"
"15688","WA","2017-01-31",48,"Safe"
"15689","WA","2017-02-01",46,"Safe"
"15690","WA","2017-02-02",41,"Safe"
"15691","WA","2017-02-03",41,"Safe"
"15692","WA","2017-02-04",46,"Safe"
"15693","WA","2017-02-05",63,"MinorHazard"
"15694","WA","2017-02-06",69,"MinorHazard"
"15695","WA","2017-02-07",57,"Safe"
"15696","WA","2017-02-08",65,"MinorHazard"
"15697","WA","2017-02-09",56,"Safe"
"15698","WA","2017-02-10",81,"MinorHazard"
"15699","WA","2017-02-11",74,"MinorHazard"
"15700","WA","2017-02-12",76,"MinorHazard"
"15701","WA","2017-02-13",48,"Safe"
"15702","WA","2017-02-14",43,"Safe"
"15703","WA","2017-02-15",46,"Safe"
"15704","WA","2017-02-16",56,"Safe"
"15705","WA","2017-02-17",50,"Safe"
"15706","WA","2017-02-18",57,"Safe"
"15707","WA","2017-02-19",48,"Safe"
"15708","WA","2017-02-20",44,"Safe"
"15709","WA","2017-02-21",65,"MinorHazard"
"15710","WA","2017-02-22",43,"Safe"
"15711","WA","2017-02-23",35,"Safe"
"15712","WA","2017-02-24",52,"Safe"
"15713","WA","2017-02-25",43,"Safe"
"15714","WA","2017-02-26",57,"Safe"
"15715","WA","2017-02-27",44,"Safe"
"15716","WA","2017-02-28",50,"Safe"
"15717","WA","2017-03-01",50,"Safe"
"15718","WA","2017-03-02",39,"Safe"
"15719","WA","2017-03-03",48,"Safe"
"15720","WA","2017-03-04",52,"Safe"
"15721","WA","2017-03-05",39,"Safe"
"15722","WA","2017-03-06",43,"Safe"
"15723","WA","2017-03-07",57,"Safe"
"15724","WA","2017-03-08",57,"Safe"
"15725","WA","2017-03-09",59,"Safe"
"15726","WA","2017-03-10",61,"Safe"
"15727","WA","2017-03-11",57,"Safe"
"15728","WA","2017-03-12",63,"MinorHazard"
"15729","WA","2017-03-13",50,"Safe"
"15730","WA","2017-03-14",74,"MinorHazard"
"15731","WA","2017-03-15",70,"MinorHazard"
"15732","WA","2017-03-16",54,"Safe"
"15733","WA","2017-03-17",44,"Safe"
"15734","WA","2017-03-18",46,"Safe"
"15735","WA","2017-03-19",43,"Safe"
"15736","WA","2017-03-20",46,"Safe"
"15737","WA","2017-03-21",78,"MinorHazard"
"15738","WA","2017-03-22",54,"Safe"
"15739","WA","2017-03-23",43,"Safe"
"15740","WA","2017-03-24",33,"Safe"
"15741","WA","2017-03-25",44,"Safe"
"15742","WA","2017-03-26",69,"MinorHazard"
"15743","WA","2017-03-27",39,"Safe"
"15744","WA","2017-03-28",46,"Safe"
"15745","WA","2017-03-29",50,"Safe"
"15746","WA","2017-03-30",57,"Safe"
"15747","WA","2017-03-31",54,"Safe"
"15748","WA","2017-04-01",56,"Safe"
"15749","WA","2017-04-02",46,"Safe"
"15750","WA","2017-04-03",52,"Safe"
"15751","WA","2017-04-04",50,"Safe"
"15752","WA","2017-04-05",44,"Safe"
"15753","WA","2017-04-06",50,"Safe"
"15754","WA","2017-04-07",37,"Safe"
"15755","WA","2017-04-08",41,"Safe"
"15756","WA","2017-04-09",50,"Safe"
"15757","WA","2017-04-10",35,"Safe"
"15758","WA","2017-04-11",39,"Safe"
"15759","WA","2017-04-12",46,"Safe"
"15760","WA","2017-04-13",39,"Safe"
"15761","WA","2017-04-14",39,"Safe"
"15762","WA","2017-04-15",50,"Safe"
"15763","WA","2017-04-16",46,"Safe"
"15764","WA","2017-04-17",37,"Safe"
"15765","WA","2017-04-18",37,"Safe"
"15766","WA","2017-04-19",35,"Safe"
"15767","WA","2017-04-20",33,"Safe"
"15768","WA","2017-04-21",35,"Safe"
"15769","WA","2017-04-22",57,"Safe"
"15770","WA","2017-04-23",56,"Safe"
"15771","WA","2017-04-24",43,"Safe"
"15772","WA","2017-04-25",33,"Safe"
"15773","WA","2017-04-26",35,"Safe"
"15774","WA","2017-04-27",33,"Safe"
"15775","WA","2017-04-28",44,"Safe"
"15776","WA","2017-04-29",35,"Safe"
"15777","WA","2017-04-30",43,"Safe"
"15778","WA","2017-05-01",50,"Safe"
"15779","WA","2017-05-02",48,"Safe"
"15780","WA","2017-05-03",61,"Safe"
"15781","WA","2017-05-04",44,"Safe"
"15782","WA","2017-05-05",48,"Safe"
"15783","WA","2017-05-06",37,"Safe"
"15784","WA","2017-05-07",35,"Safe"
"15785","WA","2017-05-08",43,"Safe"
"15786","WA","2017-05-09",43,"Safe"
"15787","WA","2017-05-10",39,"Safe"
"15788","WA","2017-05-11",43,"Safe"
"15789","WA","2017-05-12",37,"Safe"
"15790","WA","2017-05-13",31,"Safe"
"15791","WA","2017-05-14",59,"Safe"
"15792","WA","2017-05-15",76,"MinorHazard"
"15793","WA","2017-05-16",43,"Safe"
"15794","WA","2017-05-17",46,"Safe"
"15795","WA","2017-05-18",43,"Safe"
"15796","WA","2017-05-19",61,"Safe"
"15797","WA","2017-05-20",65,"MinorHazard"
"15798","WA","2017-05-21",61,"Safe"
"15799","WA","2017-05-22",41,"Safe"
"15800","WA","2017-05-23",46,"Safe"
"15801","WA","2017-05-24",39,"Safe"
"15802","WA","2017-05-25",48,"Safe"
"15803","WA","2017-05-26",37,"Safe"
"15804","WA","2017-05-27",43,"Safe"
"15805","WA","2017-05-28",50,"Safe"
"15806","WA","2017-05-29",43,"Safe"
"15807","WA","2017-05-30",39,"Safe"
"15808","WA","2017-05-31",35,"Safe"
"15809","WA","2017-06-01",41,"Safe"
"15810","WA","2017-06-02",31,"Safe"
"15811","WA","2017-06-03",33,"Safe"
"15812","WA","2017-06-04",31,"Safe"
"15813","WA","2017-06-05",31,"Safe"
"15814","WA","2017-06-06",52,"Safe"
"15815","WA","2017-06-07",31,"Safe"
"15816","WA","2017-06-08",48,"Safe"
"15817","WA","2017-06-09",46,"Safe"
"15818","WA","2017-06-10",37,"Safe"
"15819","WA","2017-06-11",41,"Safe"
"15820","WA","2017-06-12",39,"Safe"
"15821","WA","2017-06-13",39,"Safe"
"15822","WA","2017-06-14",41,"Safe"
"15823","WA","2017-06-15",28,"Safe"
"15824","WA","2017-06-16",35,"Safe"
"15825","WA","2017-06-17",39,"Safe"
"15826","WA","2017-06-18",41,"Safe"
"15827","WA","2017-06-19",43,"Safe"
"15828","WA","2017-06-20",44,"Safe"
"15829","WA","2017-06-21",59,"Safe"
"15830","WA","2017-06-22",65,"MinorHazard"
"15831","WA","2017-06-23",56,"Safe"
"15832","WA","2017-06-24",48,"Safe"
"15833","WA","2017-06-25",39,"Safe"
"15834","WA","2009-02-04",48,"Safe"
"15835","WA","2009-02-05",57,"Safe"
"15836","WA","2009-03-17",80,"MinorHazard"
"15837","WA","2009-08-06",48,"Safe"
"15838","WA","2009-09-22",52,"Safe"
"15839","WA","2010-02-03",63,"MinorHazard"
"15840","WA","2010-09-15",56,"Safe"
"15841","WA","2010-09-16",70,"MinorHazard"
"15842","WA","2010-10-07",44,"Safe"
"15843","WA","2011-11-09",50,"Safe"
"15844","WA","2012-03-12",48,"Safe"
"15845","WA","2012-10-17",39,"Safe"
"15846","WA","2014-09-16",56,"Safe"
"15847","WA","2014-10-31",48,"Safe"
"15848","WA","2014-11-12",54,"Safe"
"15849","WA","2015-01-10",76,"MinorHazard"
"15850","WA","2015-06-09",50,"Safe"
"15851","WA","2015-09-08",39,"Safe"
"15852","WA","2015-11-03",37,"Safe"
"15853","WA","2015-11-04",35,"Safe"
"15854","WA","2016-01-01",85,"MinorHazard"
"15855","WA","2016-01-08",61,"Safe"
"15856","WA","2016-01-23",52,"Safe"
"15857","WA","2016-03-17",56,"Safe"
"15858","WA","2016-04-10",69,"MinorHazard"
"15859","WA","2016-05-20",37,"Safe"
"15860","WA","2016-06-02",50,"Safe"
"15861","WA","2016-09-14",39,"Safe"
"15862","WA","2016-10-01",96,"Damaging"
"15863","WA","2016-11-04",39,"Safe"
"15864","WA","2009-01-15",72,"MinorHazard"
"15865","WA","2011-07-14",43,"Safe"
"15866","WA","2015-09-15",37,"Safe"
"15867","WA","2008-07-01",20,"Safe"
"15868","WA","2008-07-02",22,"Safe"
"15869","WA","2008-07-03",31,"Safe"
"15870","WA","2008-07-04",26,"Safe"
"15871","WA","2008-07-05",44,"Safe"
"15872","WA","2008-07-06",24,"Safe"
"15873","WA","2008-07-07",37,"Safe"
"15874","WA","2008-07-08",24,"Safe"
"15875","WA","2008-07-09",31,"Safe"
"15876","WA","2008-07-10",46,"Safe"
"15877","WA","2008-07-11",54,"Safe"
"15878","WA","2008-07-12",19,"Safe"
"15879","WA","2008-07-13",17,"Safe"
"15880","WA","2008-07-14",31,"Safe"
"15881","WA","2008-07-15",43,"Safe"
"15882","WA","2008-07-16",44,"Safe"
"15883","WA","2008-07-17",46,"Safe"
"15884","WA","2008-07-18",76,"MinorHazard"
"15885","WA","2008-07-19",37,"Safe"
"15886","WA","2008-07-20",20,"Safe"
"15887","WA","2008-07-21",28,"Safe"
"15888","WA","2008-07-22",37,"Safe"
"15889","WA","2008-07-23",43,"Safe"
"15890","WA","2008-07-24",33,"Safe"
"15891","WA","2008-07-25",28,"Safe"
"15892","WA","2008-07-26",52,"Safe"
"15893","WA","2008-07-27",39,"Safe"
"15894","WA","2008-07-28",44,"Safe"
"15895","WA","2008-07-29",39,"Safe"
"15896","WA","2008-07-30",54,"Safe"
"15897","WA","2008-07-31",37,"Safe"
"15898","WA","2008-08-01",30,"Safe"
"15899","WA","2008-08-02",46,"Safe"
"15900","WA","2008-08-03",24,"Safe"
"15901","WA","2008-08-04",22,"Safe"
"15902","WA","2008-08-05",20,"Safe"
"15903","WA","2008-08-06",22,"Safe"
"15904","WA","2008-08-07",24,"Safe"
"15905","WA","2008-08-08",31,"Safe"
"15906","WA","2008-08-09",46,"Safe"
"15907","WA","2008-08-10",39,"Safe"
"15908","WA","2008-08-11",30,"Safe"
"15909","WA","2008-08-12",28,"Safe"
"15910","WA","2008-08-13",31,"Safe"
"15911","WA","2008-08-14",33,"Safe"
"15912","WA","2008-08-15",30,"Safe"
"15913","WA","2008-08-16",30,"Safe"
"15914","WA","2008-08-17",28,"Safe"
"15915","WA","2008-08-18",39,"Safe"
"15916","WA","2008-08-19",30,"Safe"
"15917","WA","2008-08-20",37,"Safe"
"15918","WA","2008-08-21",43,"Safe"
"15919","WA","2008-08-22",41,"Safe"
"15920","WA","2008-08-23",31,"Safe"
"15921","WA","2008-08-24",22,"Safe"
"15922","WA","2008-08-25",30,"Safe"
"15923","WA","2008-08-26",22,"Safe"
"15924","WA","2008-08-27",30,"Safe"
"15925","WA","2008-08-28",26,"Safe"
"15926","WA","2008-08-29",41,"Safe"
"15927","WA","2008-08-30",35,"Safe"
"15928","WA","2008-08-31",30,"Safe"
"15929","WA","2008-09-01",20,"Safe"
"15930","WA","2008-09-02",22,"Safe"
"15931","WA","2008-09-03",28,"Safe"
"15932","WA","2008-09-04",39,"Safe"
"15933","WA","2008-09-05",41,"Safe"
"15934","WA","2008-09-06",28,"Safe"
"15935","WA","2008-09-07",35,"Safe"
"15936","WA","2008-09-08",30,"Safe"
"15937","WA","2008-09-09",30,"Safe"
"15938","WA","2008-09-10",31,"Safe"
"15939","WA","2008-09-11",46,"Safe"
"15940","WA","2008-09-12",52,"Safe"
"15941","WA","2008-09-13",59,"Safe"
"15942","WA","2008-09-14",54,"Safe"
"15943","WA","2008-09-15",26,"Safe"
"15944","WA","2008-09-16",30,"Safe"
"15945","WA","2008-09-17",41,"Safe"
"15946","WA","2008-09-18",56,"Safe"
"15947","WA","2008-09-19",44,"Safe"
"15948","WA","2008-09-20",31,"Safe"
"15949","WA","2008-09-21",67,"MinorHazard"
"15950","WA","2008-09-22",37,"Safe"
"15951","WA","2008-09-23",50,"Safe"
"15952","WA","2008-09-24",50,"Safe"
"15953","WA","2008-09-25",39,"Safe"
"15954","WA","2008-09-26",33,"Safe"
"15955","WA","2008-09-27",33,"Safe"
"15956","WA","2008-09-28",28,"Safe"
"15957","WA","2008-09-29",33,"Safe"
"15958","WA","2008-09-30",44,"Safe"
"15959","WA","2008-10-01",37,"Safe"
"15960","WA","2008-10-02",41,"Safe"
"15961","WA","2008-10-03",31,"Safe"
"15962","WA","2008-10-04",52,"Safe"
"15963","WA","2008-10-05",35,"Safe"
"15964","WA","2008-10-06",30,"Safe"
"15965","WA","2008-10-07",35,"Safe"
"15966","WA","2008-10-08",28,"Safe"
"15967","WA","2008-10-09",37,"Safe"
"15968","WA","2008-10-10",28,"Safe"
"15969","WA","2008-10-11",28,"Safe"
"15970","WA","2008-10-12",41,"Safe"
"15971","WA","2008-10-13",39,"Safe"
"15972","WA","2008-10-14",28,"Safe"
"15973","WA","2008-10-15",41,"Safe"
"15974","WA","2008-10-16",37,"Safe"
"15975","WA","2008-10-17",33,"Safe"
"15976","WA","2008-10-18",33,"Safe"
"15977","WA","2008-10-19",35,"Safe"
"15978","WA","2008-10-20",48,"Safe"
"15979","WA","2008-10-21",33,"Safe"
"15980","WA","2008-10-22",41,"Safe"
"15981","WA","2008-10-23",39,"Safe"
"15982","WA","2008-10-24",63,"MinorHazard"
"15983","WA","2008-10-25",43,"Safe"
"15984","WA","2008-10-26",30,"Safe"
"15985","WA","2008-10-27",31,"Safe"
"15986","WA","2008-10-28",43,"Safe"
"15987","WA","2008-10-29",52,"Safe"
"15988","WA","2008-10-30",46,"Safe"
"15989","WA","2008-10-31",35,"Safe"
"15990","WA","2008-11-01",35,"Safe"
"15991","WA","2008-11-02",39,"Safe"
"15992","WA","2008-11-03",43,"Safe"
"15993","WA","2008-11-04",50,"Safe"
"15994","WA","2008-11-05",50,"Safe"
"15995","WA","2008-11-06",52,"Safe"
"15996","WA","2008-11-07",35,"Safe"
"15997","WA","2008-11-08",37,"Safe"
"15998","WA","2008-11-09",35,"Safe"
"15999","WA","2008-11-10",44,"Safe"
"16000","WA","2008-11-11",28,"Safe"
"16001","WA","2008-11-12",39,"Safe"
"16002","WA","2008-11-13",37,"Safe"
"16003","WA","2008-11-14",43,"Safe"
"16004","WA","2008-11-15",46,"Safe"
"16005","WA","2008-11-16",43,"Safe"
"16006","WA","2008-11-17",31,"Safe"
"16007","WA","2008-11-18",33,"Safe"
"16008","WA","2008-11-19",31,"Safe"
"16009","WA","2008-11-20",37,"Safe"
"16010","WA","2008-11-21",31,"Safe"
"16011","WA","2008-11-22",33,"Safe"
"16012","WA","2008-11-23",43,"Safe"
"16013","WA","2008-11-24",41,"Safe"
"16014","WA","2008-11-25",30,"Safe"
"16015","WA","2008-11-26",39,"Safe"
"16016","WA","2008-11-27",44,"Safe"
"16017","WA","2008-11-28",31,"Safe"
"16018","WA","2008-11-29",35,"Safe"
"16019","WA","2008-11-30",43,"Safe"
"16020","WA","2008-12-01",33,"Safe"
"16021","WA","2008-12-02",28,"Safe"
"16022","WA","2008-12-03",41,"Safe"
"16023","WA","2008-12-04",35,"Safe"
"16024","WA","2008-12-05",39,"Safe"
"16025","WA","2008-12-06",41,"Safe"
"16026","WA","2008-12-07",41,"Safe"
"16027","WA","2008-12-08",43,"Safe"
"16028","WA","2008-12-09",33,"Safe"
"16029","WA","2008-12-10",37,"Safe"
"16030","WA","2008-12-11",44,"Safe"
"16031","WA","2008-12-12",39,"Safe"
"16032","WA","2008-12-13",35,"Safe"
"16033","WA","2008-12-14",37,"Safe"
"16034","WA","2008-12-15",44,"Safe"
"16035","WA","2008-12-16",44,"Safe"
"16036","WA","2008-12-17",46,"Safe"
"16037","WA","2008-12-18",35,"Safe"
"16038","WA","2008-12-19",35,"Safe"
"16039","WA","2008-12-20",48,"Safe"
"16040","WA","2008-12-21",41,"Safe"
"16041","WA","2008-12-22",41,"Safe"
"16042","WA","2008-12-23",50,"Safe"
"16043","WA","2008-12-24",43,"Safe"
"16044","WA","2008-12-25",46,"Safe"
"16045","WA","2008-12-26",41,"Safe"
"16046","WA","2008-12-27",39,"Safe"
"16047","WA","2008-12-28",37,"Safe"
"16048","WA","2008-12-29",46,"Safe"
"16049","WA","2008-12-30",39,"Safe"
"16050","WA","2008-12-31",44,"Safe"
"16051","SA","2008-07-01",48,"Safe"
"16052","SA","2008-07-02",35,"Safe"
"16053","SA","2008-07-03",20,"Safe"
"16054","SA","2008-07-04",30,"Safe"
"16055","SA","2008-07-05",30,"Safe"
"16056","SA","2008-07-06",52,"Safe"
"16057","SA","2008-07-07",46,"Safe"
"16058","SA","2008-07-08",43,"Safe"
"16059","SA","2008-07-09",41,"Safe"
"16060","SA","2008-07-10",52,"Safe"
"16061","SA","2008-07-11",28,"Safe"
"16062","SA","2008-07-12",48,"Safe"
"16063","SA","2008-07-13",54,"Safe"
"16064","SA","2008-07-14",48,"Safe"
"16065","SA","2008-07-15",43,"Safe"
"16066","SA","2008-07-16",39,"Safe"
"16067","SA","2008-07-17",44,"Safe"
"16068","SA","2008-07-18",39,"Safe"
"16069","SA","2008-07-19",52,"Safe"
"16070","SA","2008-07-20",46,"Safe"
"16071","SA","2008-07-21",41,"Safe"
"16072","SA","2008-07-22",20,"Safe"
"16073","SA","2008-07-23",19,"Safe"
"16074","SA","2008-07-24",28,"Safe"
"16075","SA","2008-07-25",30,"Safe"
"16076","SA","2008-07-26",35,"Safe"
"16077","SA","2008-07-27",37,"Safe"
"16078","SA","2008-07-28",22,"Safe"
"16079","SA","2008-07-29",56,"Safe"
"16080","SA","2008-07-30",28,"Safe"
"16081","SA","2008-07-31",69,"MinorHazard"
"16082","SA","2008-08-01",74,"MinorHazard"
"16083","SA","2008-08-02",31,"Safe"
"16084","SA","2008-08-03",39,"Safe"
"16085","SA","2008-08-04",31,"Safe"
"16086","SA","2008-08-05",26,"Safe"
"16087","SA","2008-08-06",48,"Safe"
"16088","SA","2008-08-07",43,"Safe"
"16089","SA","2008-08-08",41,"Safe"
"16090","SA","2008-08-09",61,"Safe"
"16091","SA","2008-08-10",48,"Safe"
"16092","SA","2008-08-11",37,"Safe"
"16093","SA","2008-08-12",46,"Safe"
"16094","SA","2008-08-13",28,"Safe"
"16095","SA","2008-08-14",35,"Safe"
"16096","SA","2008-08-15",43,"Safe"
"16097","SA","2008-08-16",33,"Safe"
"16098","SA","2008-08-17",39,"Safe"
"16099","SA","2008-08-18",30,"Safe"
"16100","SA","2008-08-19",39,"Safe"
"16101","SA","2008-08-20",43,"Safe"
"16102","SA","2008-08-21",57,"Safe"
"16103","SA","2008-08-22",37,"Safe"
"16104","SA","2008-08-23",24,"Safe"
"16105","SA","2008-08-24",20,"Safe"
"16106","SA","2008-08-26",31,"Safe"
"16107","SA","2008-08-27",28,"Safe"
"16108","SA","2008-08-28",24,"Safe"
"16109","SA","2008-08-29",31,"Safe"
"16110","SA","2008-08-30",48,"Safe"
"16111","SA","2008-08-31",50,"Safe"
"16112","SA","2008-09-01",44,"Safe"
"16113","SA","2008-09-02",30,"Safe"
"16114","SA","2008-09-03",37,"Safe"
"16115","SA","2008-09-04",35,"Safe"
"16116","SA","2008-09-05",28,"Safe"
"16117","SA","2008-09-06",37,"Safe"
"16118","SA","2008-09-07",39,"Safe"
"16119","SA","2008-09-08",31,"Safe"
"16120","SA","2008-09-09",22,"Safe"
"16121","SA","2008-09-10",31,"Safe"
"16122","SA","2008-09-11",41,"Safe"
"16123","SA","2008-09-12",44,"Safe"
"16124","SA","2008-09-13",57,"Safe"
"16125","SA","2008-09-14",52,"Safe"
"16126","SA","2008-09-15",74,"MinorHazard"
"16127","SA","2008-09-16",39,"Safe"
"16128","SA","2008-09-17",41,"Safe"
"16129","SA","2008-09-18",44,"Safe"
"16130","SA","2008-09-19",35,"Safe"
"16131","SA","2008-09-20",43,"Safe"
"16132","SA","2008-09-21",35,"Safe"
"16133","SA","2008-09-22",65,"MinorHazard"
"16134","SA","2008-09-23",35,"Safe"
"16135","SA","2008-09-24",28,"Safe"
"16136","SA","2008-09-25",41,"Safe"
"16137","SA","2008-09-26",39,"Safe"
"16138","SA","2008-09-27",65,"MinorHazard"
"16139","SA","2008-09-28",39,"Safe"
"16140","SA","2008-09-29",31,"Safe"
"16141","SA","2008-09-30",39,"Safe"
"16142","SA","2008-10-01",65,"MinorHazard"
"16143","SA","2008-10-02",28,"Safe"
"16144","SA","2008-10-03",31,"Safe"
"16145","SA","2008-10-04",31,"Safe"
"16146","SA","2008-10-05",33,"Safe"
"16147","SA","2008-10-08",30,"Safe"
"16148","SA","2008-10-09",28,"Safe"
"16149","SA","2008-10-10",28,"Safe"
"16150","SA","2008-10-11",35,"Safe"
"16151","SA","2008-10-12",54,"Safe"
"16152","SA","2008-10-13",39,"Safe"
"16153","SA","2008-10-14",37,"Safe"
"16154","SA","2008-10-15",35,"Safe"
"16155","SA","2008-10-16",26,"Safe"
"16156","SA","2008-10-17",30,"Safe"
"16157","SA","2008-10-18",30,"Safe"
"16158","SA","2008-10-19",35,"Safe"
"16159","SA","2008-10-20",33,"Safe"
"16160","SA","2008-10-21",35,"Safe"
"16161","SA","2008-10-22",31,"Safe"
"16162","SA","2008-10-23",26,"Safe"
"16163","SA","2008-10-24",35,"Safe"
"16164","SA","2008-10-25",41,"Safe"
"16165","SA","2008-10-26",50,"Safe"
"16166","SA","2008-10-27",35,"Safe"
"16167","SA","2008-10-28",43,"Safe"
"16168","SA","2008-10-29",46,"Safe"
"16169","SA","2008-10-30",46,"Safe"
"16170","SA","2008-10-31",46,"Safe"
"16171","SA","2008-11-01",39,"Safe"
"16172","SA","2008-11-02",44,"Safe"
"16173","SA","2008-11-03",39,"Safe"
"16174","SA","2008-11-04",44,"Safe"
"16175","SA","2008-11-05",44,"Safe"
"16176","SA","2008-11-06",50,"Safe"
"16177","SA","2008-11-07",56,"Safe"
"16178","SA","2008-11-08",48,"Safe"
"16179","SA","2008-11-09",30,"Safe"
"16180","SA","2008-11-10",24,"Safe"
"16181","SA","2008-11-11",39,"Safe"
"16182","SA","2008-11-12",44,"Safe"
"16183","SA","2008-11-13",44,"Safe"
"16184","SA","2008-11-14",41,"Safe"
"16185","SA","2008-11-15",43,"Safe"
"16186","SA","2008-11-16",39,"Safe"
"16187","SA","2008-11-17",41,"Safe"
"16188","SA","2008-11-18",41,"Safe"
"16189","SA","2008-11-20",35,"Safe"
"16190","SA","2008-11-21",54,"Safe"
"16191","SA","2008-11-22",54,"Safe"
"16192","SA","2008-11-23",39,"Safe"
"16193","SA","2008-11-24",44,"Safe"
"16194","SA","2008-11-25",50,"Safe"
"16195","SA","2008-11-26",33,"Safe"
"16196","SA","2008-11-27",37,"Safe"
"16197","SA","2008-11-28",41,"Safe"
"16198","SA","2008-11-29",41,"Safe"
"16199","SA","2008-11-30",41,"Safe"
"16200","SA","2008-12-01",61,"Safe"
"16201","SA","2008-12-02",50,"Safe"
"16202","SA","2008-12-03",43,"Safe"
"16203","SA","2008-12-04",50,"Safe"
"16204","SA","2008-12-05",63,"MinorHazard"
"16205","SA","2008-12-06",57,"Safe"
"16206","SA","2008-12-07",43,"Safe"
"16207","SA","2008-12-08",35,"Safe"
"16208","SA","2008-12-09",39,"Safe"
"16209","SA","2008-12-10",50,"Safe"
"16210","SA","2008-12-11",41,"Safe"
"16211","SA","2008-12-12",59,"Safe"
"16212","SA","2008-12-13",63,"MinorHazard"
"16213","SA","2008-12-14",41,"Safe"
"16214","SA","2008-12-15",46,"Safe"
"16215","SA","2008-12-16",43,"Safe"
"16216","SA","2008-12-17",31,"Safe"
"16217","SA","2008-12-18",50,"Safe"
"16218","SA","2008-12-19",41,"Safe"
"16219","SA","2008-12-20",43,"Safe"
"16220","SA","2008-12-21",43,"Safe"
"16221","SA","2008-12-22",54,"Safe"
"16222","SA","2008-12-23",35,"Safe"
"16223","SA","2008-12-24",46,"Safe"
"16224","SA","2008-12-25",33,"Safe"
"16225","SA","2008-12-26",30,"Safe"
"16226","SA","2008-12-27",39,"Safe"
"16227","SA","2008-12-28",56,"Safe"
"16228","SA","2008-12-29",48,"Safe"
"16229","SA","2008-12-30",59,"Safe"
"16230","SA","2008-12-31",52,"Safe"
"16231","SA","2009-01-01",61,"Safe"
"16232","SA","2009-01-02",52,"Safe"
"16233","SA","2009-01-03",43,"Safe"
"16234","SA","2009-01-04",43,"Safe"
"16235","SA","2009-01-05",41,"Safe"
"16236","SA","2009-01-06",54,"Safe"
"16237","SA","2009-01-07",57,"Safe"
"16238","SA","2009-01-08",56,"Safe"
"16239","SA","2009-01-09",54,"Safe"
"16240","SA","2009-01-10",46,"Safe"
"16241","SA","2009-01-11",52,"Safe"
"16242","SA","2009-01-12",44,"Safe"
"16243","SA","2009-01-13",63,"MinorHazard"
"16244","SA","2009-01-14",50,"Safe"
"16245","SA","2009-01-15",52,"Safe"
"16246","SA","2009-01-16",52,"Safe"
"16247","SA","2009-01-17",44,"Safe"
"16248","SA","2009-01-18",39,"Safe"
"16249","SA","2009-01-19",48,"Safe"
"16250","SA","2009-01-20",52,"Safe"
"16251","SA","2009-01-21",54,"Safe"
"16252","SA","2009-01-22",80,"MinorHazard"
"16253","SA","2009-01-23",61,"Safe"
"16254","SA","2009-01-24",59,"Safe"
"16255","SA","2009-01-25",39,"Safe"
"16256","SA","2009-01-26",44,"Safe"
"16257","SA","2009-01-27",46,"Safe"
"16258","SA","2009-01-28",70,"MinorHazard"
"16259","SA","2009-01-29",69,"MinorHazard"
"16260","SA","2009-01-30",57,"Safe"
"16261","SA","2009-01-31",69,"MinorHazard"
"16262","SA","2009-02-01",65,"MinorHazard"
"16263","SA","2009-02-02",56,"Safe"
"16264","SA","2009-02-03",44,"Safe"
"16265","SA","2009-02-04",46,"Safe"
"16266","SA","2009-02-05",65,"MinorHazard"
"16267","SA","2009-02-06",54,"Safe"
"16268","SA","2009-02-07",76,"MinorHazard"
"16269","SA","2009-02-08",67,"MinorHazard"
"16270","SA","2009-02-09",61,"Safe"
"16271","SA","2009-02-10",63,"MinorHazard"
"16272","SA","2009-02-11",57,"Safe"
"16273","SA","2009-02-12",57,"Safe"
"16274","SA","2009-02-14",63,"MinorHazard"
"16275","SA","2009-02-15",50,"Safe"
"16276","SA","2009-02-16",39,"Safe"
"16277","SA","2009-02-17",41,"Safe"
"16278","SA","2009-02-18",50,"Safe"
"16279","SA","2009-02-19",56,"Safe"
"16280","SA","2009-02-20",54,"Safe"
"16281","SA","2009-02-21",44,"Safe"
"16282","SA","2009-02-22",41,"Safe"
"16283","SA","2009-02-23",54,"Safe"
"16284","SA","2009-02-24",48,"Safe"
"16285","SA","2009-02-25",39,"Safe"
"16286","SA","2009-02-26",48,"Safe"
"16287","SA","2009-02-27",52,"Safe"
"16288","SA","2009-02-28",52,"Safe"
"16289","SA","2009-03-01",43,"Safe"
"16290","SA","2009-03-02",54,"Safe"
"16291","SA","2009-03-03",81,"MinorHazard"
"16292","SA","2009-03-04",72,"MinorHazard"
"16293","SA","2009-03-05",52,"Safe"
"16294","SA","2009-03-06",44,"Safe"
"16295","SA","2009-03-07",50,"Safe"
"16296","SA","2009-03-08",56,"Safe"
"16297","SA","2009-03-09",56,"Safe"
"16298","SA","2009-03-12",41,"Safe"
"16299","SA","2009-03-13",33,"Safe"
"16300","SA","2009-03-14",72,"MinorHazard"
"16301","SA","2009-03-15",59,"Safe"
"16302","SA","2009-03-16",46,"Safe"
"16303","SA","2009-03-17",37,"Safe"
"16304","SA","2009-03-18",41,"Safe"
"16305","SA","2009-03-19",44,"Safe"
"16306","SA","2009-03-20",37,"Safe"
"16307","SA","2009-03-21",83,"MinorHazard"
"16308","SA","2009-03-22",54,"Safe"
"16309","SA","2009-03-23",35,"Safe"
"16310","SA","2009-03-24",35,"Safe"
"16311","SA","2009-03-25",46,"Safe"
"16312","SA","2009-03-26",50,"Safe"
"16313","SA","2009-03-27",43,"Safe"
"16314","SA","2009-03-28",31,"Safe"
"16315","SA","2009-03-29",41,"Safe"
"16316","SA","2009-03-30",48,"Safe"
"16317","SA","2009-03-31",41,"Safe"
"16318","SA","2009-04-01",39,"Safe"
"16319","SA","2009-04-02",52,"Safe"
"16320","SA","2009-04-03",61,"Safe"
"16321","SA","2009-04-04",50,"Safe"
"16322","SA","2009-04-05",50,"Safe"
"16323","SA","2009-04-06",50,"Safe"
"16324","SA","2009-04-07",43,"Safe"
"16325","SA","2009-04-08",31,"Safe"
"16326","SA","2009-04-09",35,"Safe"
"16327","SA","2009-04-10",39,"Safe"
"16328","SA","2009-04-11",33,"Safe"
"16329","SA","2009-04-12",33,"Safe"
"16330","SA","2009-04-13",39,"Safe"
"16331","SA","2009-04-14",67,"MinorHazard"
"16332","SA","2009-04-15",81,"MinorHazard"
"16333","SA","2009-04-16",57,"Safe"
"16334","SA","2009-04-17",35,"Safe"
"16335","SA","2009-04-18",35,"Safe"
"16336","SA","2009-04-19",35,"Safe"
"16337","SA","2009-04-20",31,"Safe"
"16338","SA","2009-04-21",37,"Safe"
"16339","SA","2009-04-22",43,"Safe"
"16340","SA","2009-04-23",69,"MinorHazard"
"16341","SA","2009-04-24",69,"MinorHazard"
"16342","SA","2009-04-25",87,"MinorHazard"
"16343","SA","2009-04-26",78,"MinorHazard"
"16344","SA","2009-04-27",63,"MinorHazard"
"16345","SA","2009-04-28",31,"Safe"
"16346","SA","2009-04-29",28,"Safe"
"16347","SA","2009-04-30",41,"Safe"
"16348","SA","2009-05-01",28,"Safe"
"16349","SA","2009-05-02",33,"Safe"
"16350","SA","2009-05-03",41,"Safe"
"16351","SA","2009-05-04",30,"Safe"
"16352","SA","2009-05-05",26,"Safe"
"16353","SA","2009-05-06",35,"Safe"
"16354","SA","2009-05-07",43,"Safe"
"16355","SA","2009-05-08",37,"Safe"
"16356","SA","2009-05-09",30,"Safe"
"16357","SA","2009-05-10",26,"Safe"
"16358","SA","2009-05-11",31,"Safe"
"16359","SA","2009-05-12",33,"Safe"
"16360","SA","2009-05-13",41,"Safe"
"16361","SA","2009-05-14",56,"Safe"
"16362","SA","2009-05-15",65,"MinorHazard"
"16363","SA","2009-05-16",52,"Safe"
"16364","SA","2009-05-17",33,"Safe"
"16365","SA","2009-05-18",30,"Safe"
"16366","SA","2009-05-19",24,"Safe"
"16367","SA","2009-05-20",37,"Safe"
"16368","SA","2009-05-21",43,"Safe"
"16369","SA","2009-05-22",44,"Safe"
"16370","SA","2009-05-23",59,"Safe"
"16371","SA","2009-05-24",39,"Safe"
"16372","SA","2009-05-25",41,"Safe"
"16373","SA","2009-05-26",33,"Safe"
"16374","SA","2009-05-27",33,"Safe"
"16375","SA","2009-05-28",35,"Safe"
"16376","SA","2009-05-29",33,"Safe"
"16377","SA","2009-05-30",43,"Safe"
"16378","SA","2009-05-31",33,"Safe"
"16379","SA","2009-06-01",31,"Safe"
"16380","SA","2009-06-02",28,"Safe"
"16381","SA","2009-06-03",28,"Safe"
"16382","SA","2009-06-04",30,"Safe"
"16383","SA","2009-06-05",46,"Safe"
"16384","SA","2009-06-06",52,"Safe"
"16385","SA","2009-06-07",48,"Safe"
"16386","SA","2009-06-08",48,"Safe"
"16387","SA","2009-06-09",63,"MinorHazard"
"16388","SA","2009-06-10",37,"Safe"
"16389","SA","2009-06-11",39,"Safe"
"16390","SA","2009-06-12",56,"Safe"
"16391","SA","2009-06-13",54,"Safe"
"16392","SA","2009-06-14",56,"Safe"
"16393","SA","2009-06-15",46,"Safe"
"16394","SA","2009-06-16",28,"Safe"
"16395","SA","2009-06-17",20,"Safe"
"16396","SA","2009-06-18",30,"Safe"
"16397","SA","2009-06-19",46,"Safe"
"16398","SA","2009-06-20",65,"MinorHazard"
"16399","SA","2009-06-21",31,"Safe"
"16400","SA","2009-06-22",52,"Safe"
"16401","SA","2009-06-23",54,"Safe"
"16402","SA","2009-06-24",48,"Safe"
"16403","SA","2009-06-25",41,"Safe"
"16404","SA","2009-06-26",52,"Safe"
"16405","SA","2009-06-27",22,"Safe"
"16406","SA","2009-06-28",52,"Safe"
"16407","SA","2009-06-29",59,"Safe"
"16408","SA","2009-06-30",98,"Damaging"
"16409","SA","2009-07-01",76,"MinorHazard"
"16410","SA","2009-07-02",72,"MinorHazard"
"16411","SA","2009-07-03",54,"Safe"
"16412","SA","2009-07-04",43,"Safe"
"16413","SA","2009-07-05",24,"Safe"
"16414","SA","2009-07-06",30,"Safe"
"16415","SA","2009-07-07",35,"Safe"
"16416","SA","2009-07-08",35,"Safe"
"16417","SA","2009-07-09",43,"Safe"
"16418","SA","2009-07-10",63,"MinorHazard"
"16419","SA","2009-07-11",65,"MinorHazard"
"16420","SA","2009-07-12",59,"Safe"
"16421","SA","2009-07-13",61,"Safe"
"16422","SA","2009-07-14",63,"MinorHazard"
"16423","SA","2009-07-15",37,"Safe"
"16424","SA","2009-07-16",31,"Safe"
"16425","SA","2009-07-17",44,"Safe"
"16426","SA","2009-07-18",50,"Safe"
"16427","SA","2009-07-19",54,"Safe"
"16428","SA","2009-07-20",57,"Safe"
"16429","SA","2009-07-21",67,"MinorHazard"
"16430","SA","2009-07-22",61,"Safe"
"16431","SA","2009-07-23",24,"Safe"
"16432","SA","2009-07-24",48,"Safe"
"16433","SA","2009-07-25",57,"Safe"
"16434","SA","2009-07-26",57,"Safe"
"16435","SA","2009-07-27",50,"Safe"
"16436","SA","2009-07-28",52,"Safe"
"16437","SA","2009-07-29",39,"Safe"
"16438","SA","2009-07-30",48,"Safe"
"16439","SA","2009-07-31",43,"Safe"
"16440","SA","2009-08-01",43,"Safe"
"16441","SA","2009-08-02",81,"MinorHazard"
"16442","SA","2009-08-03",65,"MinorHazard"
"16443","SA","2009-08-04",41,"Safe"
"16444","SA","2009-08-05",52,"Safe"
"16445","SA","2009-08-06",72,"MinorHazard"
"16446","SA","2009-08-07",59,"Safe"
"16447","SA","2009-08-08",41,"Safe"
"16448","SA","2009-08-09",50,"Safe"
"16449","SA","2009-08-10",57,"Safe"
"16450","SA","2009-08-11",41,"Safe"
"16451","SA","2009-08-12",26,"Safe"
"16452","SA","2009-08-13",43,"Safe"
"16453","SA","2009-08-14",37,"Safe"
"16454","SA","2009-08-15",81,"MinorHazard"
"16455","SA","2009-08-16",104,"Damaging"
"16456","SA","2009-08-17",54,"Safe"
"16457","SA","2009-08-18",44,"Safe"
"16458","SA","2009-08-20",43,"Safe"
"16459","SA","2009-08-21",87,"MinorHazard"
"16460","SA","2009-08-22",54,"Safe"
"16461","SA","2009-08-23",63,"MinorHazard"
"16462","SA","2009-08-24",81,"MinorHazard"
"16463","SA","2009-08-25",98,"Damaging"
"16464","SA","2009-08-26",78,"MinorHazard"
"16465","SA","2009-08-27",56,"Safe"
"16466","SA","2009-08-28",52,"Safe"
"16467","SA","2009-08-29",67,"MinorHazard"
"16468","SA","2009-08-30",65,"MinorHazard"
"16469","SA","2009-08-31",57,"Safe"
"16470","SA","2009-09-01",31,"Safe"
"16471","SA","2009-09-02",59,"Safe"
"16472","SA","2009-09-03",57,"Safe"
"16473","SA","2009-09-04",52,"Safe"
"16474","SA","2009-09-05",50,"Safe"
"16475","SA","2009-09-06",57,"Safe"
"16476","SA","2009-09-07",54,"Safe"
"16477","SA","2009-09-08",46,"Safe"
"16478","SA","2009-09-09",31,"Safe"
"16479","SA","2009-09-10",44,"Safe"
"16480","SA","2009-09-11",80,"MinorHazard"
"16481","SA","2009-09-12",72,"MinorHazard"
"16482","SA","2009-09-13",83,"MinorHazard"
"16483","SA","2009-09-14",33,"Safe"
"16484","SA","2009-09-15",37,"Safe"
"16485","SA","2009-09-16",70,"MinorHazard"
"16486","SA","2009-09-17",50,"Safe"
"16487","SA","2009-09-18",50,"Safe"
"16488","SA","2009-09-19",48,"Safe"
"16489","SA","2009-09-20",44,"Safe"
"16490","SA","2009-09-21",115,"Damaging"
"16491","SA","2009-09-22",109,"Damaging"
"16492","SA","2009-09-23",63,"MinorHazard"
"16493","SA","2009-09-24",54,"Safe"
"16494","SA","2009-09-25",100,"Damaging"
"16495","SA","2009-09-26",74,"MinorHazard"
"16496","SA","2009-09-27",57,"Safe"
"16497","SA","2009-09-28",30,"Safe"
"16498","SA","2009-09-29",61,"Safe"
"16499","SA","2009-09-30",76,"MinorHazard"
"16500","SA","2009-10-01",44,"Safe"
"16501","SA","2009-10-02",59,"Safe"
"16502","SA","2009-10-03",37,"Safe"
"16503","SA","2009-10-04",43,"Safe"
"16504","SA","2009-10-05",41,"Safe"
"16505","SA","2009-10-06",52,"Safe"
"16506","SA","2009-10-07",48,"Safe"
"16507","SA","2009-10-08",48,"Safe"
"16508","SA","2009-10-09",44,"Safe"
"16509","SA","2009-10-10",54,"Safe"
"16510","SA","2009-10-11",63,"MinorHazard"
"16511","SA","2009-10-12",83,"MinorHazard"
"16512","SA","2009-10-13",74,"MinorHazard"
"16513","SA","2009-10-14",61,"Safe"
"16514","SA","2009-10-15",65,"MinorHazard"
"16515","SA","2009-10-16",44,"Safe"
"16516","SA","2009-10-17",39,"Safe"
"16517","SA","2009-10-18",33,"Safe"
"16518","SA","2009-10-19",44,"Safe"
"16519","SA","2009-10-20",48,"Safe"
"16520","SA","2009-10-21",37,"Safe"
"16521","SA","2009-10-22",41,"Safe"
"16522","SA","2009-10-23",37,"Safe"
"16523","SA","2009-10-24",65,"MinorHazard"
"16524","SA","2009-10-25",65,"MinorHazard"
"16525","SA","2009-10-26",52,"Safe"
"16526","SA","2009-10-27",43,"Safe"
"16527","SA","2009-10-28",46,"Safe"
"16528","SA","2009-10-29",41,"Safe"
"16529","SA","2009-10-30",46,"Safe"
"16530","SA","2009-10-31",46,"Safe"
"16531","SA","2009-11-01",54,"Safe"
"16532","SA","2009-11-02",72,"MinorHazard"
"16533","SA","2009-11-03",67,"MinorHazard"
"16534","SA","2009-11-04",44,"Safe"
"16535","SA","2009-11-05",39,"Safe"
"16536","SA","2009-11-06",39,"Safe"
"16537","SA","2009-11-07",44,"Safe"
"16538","SA","2009-11-08",48,"Safe"
"16539","SA","2009-11-09",43,"Safe"
"16540","SA","2009-11-10",48,"Safe"
"16541","SA","2009-11-11",43,"Safe"
"16542","SA","2009-11-12",46,"Safe"
"16543","SA","2009-11-13",35,"Safe"
"16544","SA","2009-11-14",52,"Safe"
"16545","SA","2009-11-15",43,"Safe"
"16546","SA","2009-11-16",74,"MinorHazard"
"16547","SA","2009-11-17",46,"Safe"
"16548","SA","2009-11-18",63,"MinorHazard"
"16549","SA","2009-11-19",93,"Damaging"
"16550","SA","2009-11-20",98,"Damaging"
"16551","SA","2009-11-21",89,"MinorHazard"
"16552","SA","2009-11-22",54,"Safe"
"16553","SA","2009-11-23",56,"Safe"
"16554","SA","2009-11-24",50,"Safe"
"16555","SA","2009-11-25",57,"Safe"
"16556","SA","2009-11-26",44,"Safe"
"16557","SA","2009-11-27",72,"MinorHazard"
"16558","SA","2009-11-28",87,"MinorHazard"
"16559","SA","2009-11-29",56,"Safe"
"16560","SA","2009-11-30",46,"Safe"
"16561","SA","2009-12-01",35,"Safe"
"16562","SA","2009-12-02",46,"Safe"
"16563","SA","2009-12-03",52,"Safe"
"16564","SA","2009-12-04",52,"Safe"
"16565","SA","2009-12-05",44,"Safe"
"16566","SA","2009-12-06",39,"Safe"
"16567","SA","2009-12-07",39,"Safe"
"16568","SA","2009-12-08",57,"Safe"
"16569","SA","2009-12-09",56,"Safe"
"16570","SA","2009-12-10",70,"MinorHazard"
"16571","SA","2009-12-11",48,"Safe"
"16572","SA","2009-12-12",54,"Safe"
"16573","SA","2009-12-13",43,"Safe"
"16574","SA","2009-12-14",43,"Safe"
"16575","SA","2009-12-15",41,"Safe"
"16576","SA","2009-12-16",76,"MinorHazard"
"16577","SA","2009-12-17",56,"Safe"
"16578","SA","2009-12-18",56,"Safe"
"16579","SA","2009-12-19",39,"Safe"
"16580","SA","2009-12-20",44,"Safe"
"16581","SA","2009-12-21",50,"Safe"
"16582","SA","2009-12-22",33,"Safe"
"16583","SA","2009-12-23",81,"MinorHazard"
"16584","SA","2009-12-24",70,"MinorHazard"
"16585","SA","2009-12-25",56,"Safe"
"16586","SA","2009-12-26",43,"Safe"
"16587","SA","2009-12-27",44,"Safe"
"16588","SA","2009-12-28",56,"Safe"
"16589","SA","2009-12-29",46,"Safe"
"16590","SA","2009-12-30",48,"Safe"
"16591","SA","2009-12-31",59,"Safe"
"16592","SA","2010-01-01",67,"MinorHazard"
"16593","SA","2010-01-02",59,"Safe"
"16594","SA","2010-01-03",48,"Safe"
"16595","SA","2010-01-04",39,"Safe"
"16596","SA","2010-01-05",44,"Safe"
"16597","SA","2010-01-06",48,"Safe"
"16598","SA","2010-01-07",41,"Safe"
"16599","SA","2010-01-08",52,"Safe"
"16600","SA","2010-01-09",48,"Safe"
"16601","SA","2010-01-10",69,"MinorHazard"
"16602","SA","2010-01-11",78,"MinorHazard"
"16603","SA","2010-01-12",54,"Safe"
"16604","SA","2010-01-13",56,"Safe"
"16605","SA","2010-01-14",48,"Safe"
"16606","SA","2010-01-15",44,"Safe"
"16607","SA","2010-01-16",76,"MinorHazard"
"16608","SA","2010-01-17",65,"MinorHazard"
"16609","SA","2010-01-18",52,"Safe"
"16610","SA","2010-01-19",41,"Safe"
"16611","SA","2010-01-20",46,"Safe"
"16612","SA","2010-01-21",48,"Safe"
"16613","SA","2010-01-22",70,"MinorHazard"
"16614","SA","2010-01-23",48,"Safe"
"16615","SA","2010-01-24",39,"Safe"
"16616","SA","2010-01-25",35,"Safe"
"16617","SA","2010-01-26",43,"Safe"
"16618","SA","2010-01-27",76,"MinorHazard"
"16619","SA","2010-01-28",67,"MinorHazard"
"16620","SA","2010-01-29",48,"Safe"
"16621","SA","2010-01-30",41,"Safe"
"16622","SA","2010-01-31",59,"Safe"
"16623","SA","2010-02-01",54,"Safe"
"16624","SA","2010-02-02",46,"Safe"
"16625","SA","2010-02-03",54,"Safe"
"16626","SA","2010-02-04",65,"MinorHazard"
"16627","SA","2010-02-05",52,"Safe"
"16628","SA","2010-02-06",50,"Safe"
"16629","SA","2010-02-07",39,"Safe"
"16630","SA","2010-02-08",50,"Safe"
"16631","SA","2010-02-09",46,"Safe"
"16632","SA","2010-02-10",48,"Safe"
"16633","SA","2010-02-11",63,"MinorHazard"
"16634","SA","2010-02-12",52,"Safe"
"16635","SA","2010-02-13",46,"Safe"
"16636","SA","2010-02-14",52,"Safe"
"16637","SA","2010-02-15",44,"Safe"
"16638","SA","2010-02-16",48,"Safe"
"16639","SA","2010-02-17",50,"Safe"
"16640","SA","2010-02-18",54,"Safe"
"16641","SA","2010-02-19",41,"Safe"
"16642","SA","2010-02-20",76,"MinorHazard"
"16643","SA","2010-02-21",54,"Safe"
"16644","SA","2010-02-22",72,"MinorHazard"
"16645","SA","2010-02-23",43,"Safe"
"16646","SA","2010-02-24",44,"Safe"
"16647","SA","2010-02-25",48,"Safe"
"16648","SA","2010-02-26",48,"Safe"
"16649","SA","2010-02-27",72,"MinorHazard"
"16650","SA","2010-02-28",67,"MinorHazard"
"16651","SA","2010-03-01",57,"Safe"
"16652","SA","2010-03-02",50,"Safe"
"16653","SA","2010-03-03",39,"Safe"
"16654","SA","2010-03-04",44,"Safe"
"16655","SA","2010-03-05",61,"Safe"
"16656","SA","2010-03-06",72,"MinorHazard"
"16657","SA","2010-03-07",63,"MinorHazard"
"16658","SA","2010-03-08",63,"MinorHazard"
"16659","SA","2010-03-09",56,"Safe"
"16660","SA","2010-03-10",44,"Safe"
"16661","SA","2010-03-11",43,"Safe"
"16662","SA","2010-03-12",43,"Safe"
"16663","SA","2010-03-13",56,"Safe"
"16664","SA","2010-03-14",46,"Safe"
"16665","SA","2010-03-16",46,"Safe"
"16666","SA","2010-03-17",37,"Safe"
"16667","SA","2010-03-18",48,"Safe"
"16668","SA","2010-03-19",46,"Safe"
"16669","SA","2010-03-20",41,"Safe"
"16670","SA","2010-03-21",48,"Safe"
"16671","SA","2010-03-22",46,"Safe"
"16672","SA","2010-03-23",33,"Safe"
"16673","SA","2010-03-24",35,"Safe"
"16674","SA","2010-03-25",50,"Safe"
"16675","SA","2010-03-26",35,"Safe"
"16676","SA","2010-03-27",41,"Safe"
"16677","SA","2010-03-28",56,"Safe"
"16678","SA","2010-03-29",41,"Safe"
"16679","SA","2010-03-30",43,"Safe"
"16680","SA","2010-03-31",30,"Safe"
"16681","SA","2010-04-01",35,"Safe"
"16682","SA","2010-04-02",52,"Safe"
"16683","SA","2010-04-03",54,"Safe"
"16684","SA","2010-04-04",31,"Safe"
"16685","SA","2010-04-05",44,"Safe"
"16686","SA","2010-04-06",57,"Safe"
"16687","SA","2010-04-07",44,"Safe"
"16688","SA","2010-04-08",48,"Safe"
"16689","SA","2010-04-09",52,"Safe"
"16690","SA","2010-04-10",50,"Safe"
"16691","SA","2010-04-11",59,"Safe"
"16692","SA","2010-04-12",39,"Safe"
"16693","SA","2010-04-13",33,"Safe"
"16694","SA","2010-04-14",28,"Safe"
"16695","SA","2010-04-15",30,"Safe"
"16696","SA","2010-04-16",31,"Safe"
"16697","SA","2010-04-17",43,"Safe"
"16698","SA","2010-04-18",37,"Safe"
"16699","SA","2010-04-19",35,"Safe"
"16700","SA","2010-04-20",67,"MinorHazard"
"16701","SA","2010-04-21",24,"Safe"
"16702","SA","2010-04-22",39,"Safe"
"16703","SA","2010-04-23",48,"Safe"
"16704","SA","2010-04-24",59,"Safe"
"16705","SA","2010-04-25",33,"Safe"
"16706","SA","2010-04-26",48,"Safe"
"16707","SA","2010-04-28",56,"Safe"
"16708","SA","2010-04-29",46,"Safe"
"16709","SA","2010-04-30",30,"Safe"
"16710","SA","2010-05-01",50,"Safe"
"16711","SA","2010-05-02",41,"Safe"
"16712","SA","2010-05-03",48,"Safe"
"16713","SA","2010-05-04",63,"MinorHazard"
"16714","SA","2010-05-05",48,"Safe"
"16715","SA","2010-05-06",37,"Safe"
"16716","SA","2010-05-07",41,"Safe"
"16717","SA","2010-05-08",33,"Safe"
"16718","SA","2010-05-09",37,"Safe"
"16719","SA","2010-05-10",54,"Safe"
"16720","SA","2010-05-11",59,"Safe"
"16721","SA","2010-05-12",33,"Safe"
"16722","SA","2010-05-13",33,"Safe"
"16723","SA","2010-05-14",44,"Safe"
"16724","SA","2010-05-15",44,"Safe"
"16725","SA","2010-05-16",28,"Safe"
"16726","SA","2010-05-17",26,"Safe"
"16727","SA","2010-05-18",28,"Safe"
"16728","SA","2010-05-19",31,"Safe"
"16729","SA","2010-05-20",30,"Safe"
"16730","SA","2010-05-21",31,"Safe"
"16731","SA","2010-05-22",39,"Safe"
"16732","SA","2010-05-23",63,"MinorHazard"
"16733","SA","2010-05-24",44,"Safe"
"16734","SA","2010-05-25",57,"Safe"
"16735","SA","2010-05-26",28,"Safe"
"16736","SA","2010-05-27",33,"Safe"
"16737","SA","2010-05-28",67,"MinorHazard"
"16738","SA","2010-05-29",69,"MinorHazard"
"16739","SA","2010-05-30",54,"Safe"
"16740","SA","2010-05-31",37,"Safe"
"16741","SA","2010-06-01",19,"Safe"
"16742","SA","2010-06-02",44,"Safe"
"16743","SA","2010-06-03",22,"Safe"
"16744","SA","2010-06-04",26,"Safe"
"16745","SA","2010-06-05",50,"Safe"
"16746","SA","2010-06-06",39,"Safe"
"16747","SA","2010-06-07",30,"Safe"
"16748","SA","2010-06-08",76,"MinorHazard"
"16749","SA","2010-06-09",65,"MinorHazard"
"16750","SA","2010-06-10",41,"Safe"
"16751","SA","2010-06-11",41,"Safe"
"16752","SA","2010-06-12",33,"Safe"
"16753","SA","2010-06-13",30,"Safe"
"16754","SA","2010-06-14",26,"Safe"
"16755","SA","2010-06-15",28,"Safe"
"16756","SA","2010-06-16",56,"Safe"
"16757","SA","2010-06-17",72,"MinorHazard"
"16758","SA","2010-06-18",46,"Safe"
"16759","SA","2010-06-19",48,"Safe"
"16760","SA","2010-06-20",48,"Safe"
"16761","SA","2010-06-21",28,"Safe"
"16762","SA","2010-06-22",30,"Safe"
"16763","SA","2010-06-23",30,"Safe"
"16764","SA","2010-06-24",44,"Safe"
"16765","SA","2010-06-25",43,"Safe"
"16766","SA","2010-06-26",31,"Safe"
"16767","SA","2010-06-27",33,"Safe"
"16768","SA","2010-06-28",54,"Safe"
"16769","SA","2010-06-29",57,"Safe"
"16770","SA","2010-06-30",41,"Safe"
"16771","SA","2010-07-01",30,"Safe"
"16772","SA","2010-07-02",30,"Safe"
"16773","SA","2010-07-03",30,"Safe"
"16774","SA","2010-07-04",39,"Safe"
"16775","SA","2010-07-05",31,"Safe"
"16776","SA","2010-07-06",33,"Safe"
"16777","SA","2010-07-07",35,"Safe"
"16778","SA","2010-07-08",28,"Safe"
"16779","SA","2010-07-09",63,"MinorHazard"
"16780","SA","2010-07-10",83,"MinorHazard"
"16781","SA","2010-07-11",46,"Safe"
"16782","SA","2010-07-12",48,"Safe"
"16783","SA","2010-07-13",83,"MinorHazard"
"16784","SA","2010-07-14",69,"MinorHazard"
"16785","SA","2010-07-15",30,"Safe"
"16786","SA","2010-07-16",28,"Safe"
"16787","SA","2010-07-17",43,"Safe"
"16788","SA","2010-07-18",43,"Safe"
"16789","SA","2010-07-19",33,"Safe"
"16790","SA","2010-07-20",33,"Safe"
"16791","SA","2010-07-21",28,"Safe"
"16792","SA","2010-07-22",28,"Safe"
"16793","SA","2010-07-23",22,"Safe"
"16794","SA","2010-07-24",44,"Safe"
"16795","SA","2010-07-25",31,"Safe"
"16796","SA","2010-07-26",39,"Safe"
"16797","SA","2010-07-27",35,"Safe"
"16798","SA","2010-07-28",35,"Safe"
"16799","SA","2010-07-29",35,"Safe"
"16800","SA","2010-07-30",50,"Safe"
"16801","SA","2010-07-31",70,"MinorHazard"
"16802","SA","2010-08-01",85,"MinorHazard"
"16803","SA","2010-08-02",59,"Safe"
"16804","SA","2010-08-03",37,"Safe"
"16805","SA","2010-08-04",50,"Safe"
"16806","SA","2010-08-05",39,"Safe"
"16807","SA","2010-08-06",31,"Safe"
"16808","SA","2010-08-07",44,"Safe"
"16809","SA","2010-08-08",50,"Safe"
"16810","SA","2010-08-09",39,"Safe"
"16811","SA","2010-08-10",61,"Safe"
"16812","SA","2010-08-11",78,"MinorHazard"
"16813","SA","2010-08-12",56,"Safe"
"16814","SA","2010-08-13",50,"Safe"
"16815","SA","2010-08-14",81,"MinorHazard"
"16816","SA","2010-08-15",65,"MinorHazard"
"16817","SA","2010-08-17",61,"Safe"
"16818","SA","2010-08-18",70,"MinorHazard"
"16819","SA","2010-08-19",83,"MinorHazard"
"16820","SA","2010-08-20",65,"MinorHazard"
"16821","SA","2010-08-21",50,"Safe"
"16822","SA","2010-08-22",44,"Safe"
"16823","SA","2010-08-23",57,"Safe"
"16824","SA","2010-08-24",69,"MinorHazard"
"16825","SA","2010-08-25",76,"MinorHazard"
"16826","SA","2010-08-26",70,"MinorHazard"
"16827","SA","2010-08-27",48,"Safe"
"16828","SA","2010-08-28",35,"Safe"
"16829","SA","2010-08-29",39,"Safe"
"16830","SA","2010-08-30",35,"Safe"
"16831","SA","2010-08-31",54,"Safe"
"16832","SA","2010-09-01",41,"Safe"
"16833","SA","2010-09-02",46,"Safe"
"16834","SA","2010-09-03",72,"MinorHazard"
"16835","SA","2010-09-04",94,"Damaging"
"16836","SA","2010-09-05",57,"Safe"
"16837","SA","2010-09-06",33,"Safe"
"16838","SA","2010-09-07",46,"Safe"
"16839","SA","2010-09-08",61,"Safe"
"16840","SA","2010-09-09",57,"Safe"
"16841","SA","2010-09-10",56,"Safe"
"16842","SA","2010-09-11",43,"Safe"
"16843","SA","2010-09-12",54,"Safe"
"16844","SA","2010-09-13",69,"MinorHazard"
"16845","SA","2010-09-14",43,"Safe"
"16846","SA","2010-09-15",59,"Safe"
"16847","SA","2010-09-16",48,"Safe"
"16848","SA","2010-09-17",41,"Safe"
"16849","SA","2010-09-18",44,"Safe"
"16850","SA","2010-09-19",44,"Safe"
"16851","SA","2010-09-20",43,"Safe"
"16852","SA","2010-09-21",35,"Safe"
"16853","SA","2010-09-22",39,"Safe"
"16854","SA","2010-09-23",37,"Safe"
"16855","SA","2010-09-24",39,"Safe"
"16856","SA","2010-09-25",54,"Safe"
"16857","SA","2010-09-26",46,"Safe"
"16858","SA","2010-09-27",52,"Safe"
"16859","SA","2010-09-28",59,"Safe"
"16860","SA","2010-09-29",44,"Safe"
"16861","SA","2010-09-30",37,"Safe"
"16862","SA","2010-10-01",39,"Safe"
"16863","SA","2010-10-02",41,"Safe"
"16864","SA","2010-10-03",52,"Safe"
"16865","SA","2010-10-04",54,"Safe"
"16866","SA","2010-10-05",41,"Safe"
"16867","SA","2010-10-06",74,"MinorHazard"
"16868","SA","2010-10-07",52,"Safe"
"16869","SA","2010-10-08",39,"Safe"
"16870","SA","2010-10-09",44,"Safe"
"16871","SA","2010-10-10",44,"Safe"
"16872","SA","2010-10-11",54,"Safe"
"16873","SA","2010-10-12",37,"Safe"
"16874","SA","2010-10-13",30,"Safe"
"16875","SA","2010-10-14",52,"Safe"
"16876","SA","2010-10-15",80,"MinorHazard"
"16877","SA","2010-10-16",59,"Safe"
"16878","SA","2010-10-17",41,"Safe"
"16879","SA","2010-10-18",46,"Safe"
"16880","SA","2010-10-19",31,"Safe"
"16881","SA","2010-10-20",30,"Safe"
"16882","SA","2010-10-21",50,"Safe"
"16883","SA","2010-10-22",72,"MinorHazard"
"16884","SA","2010-10-23",41,"Safe"
"16885","SA","2010-10-24",37,"Safe"
"16886","SA","2010-10-25",35,"Safe"
"16887","SA","2010-10-26",48,"Safe"
"16888","SA","2010-10-27",33,"Safe"
"16889","SA","2010-10-28",48,"Safe"
"16890","SA","2010-10-29",67,"MinorHazard"
"16891","SA","2010-10-30",63,"MinorHazard"
"16892","SA","2010-10-31",52,"Safe"
"16893","SA","2010-11-01",41,"Safe"
"16894","SA","2010-11-02",46,"Safe"
"16895","SA","2010-11-03",43,"Safe"
"16896","SA","2010-11-04",43,"Safe"
"16897","SA","2010-11-05",41,"Safe"
"16898","SA","2010-11-06",52,"Safe"
"16899","SA","2010-11-07",44,"Safe"
"16900","SA","2010-11-08",52,"Safe"
"16901","SA","2010-11-09",39,"Safe"
"16902","SA","2010-11-10",41,"Safe"
"16903","SA","2010-11-11",56,"Safe"
"16904","SA","2010-11-12",54,"Safe"
"16905","SA","2010-11-13",46,"Safe"
"16906","SA","2010-11-14",50,"Safe"
"16907","SA","2010-11-15",46,"Safe"
"16908","SA","2010-11-16",44,"Safe"
"16909","SA","2010-11-17",48,"Safe"
"16910","SA","2010-11-18",46,"Safe"
"16911","SA","2010-11-19",44,"Safe"
"16912","SA","2010-11-20",41,"Safe"
"16913","SA","2010-11-21",44,"Safe"
"16914","SA","2010-11-22",43,"Safe"
"16915","SA","2010-11-23",59,"Safe"
"16916","SA","2010-11-24",57,"Safe"
"16917","SA","2010-11-25",35,"Safe"
"16918","SA","2010-11-26",41,"Safe"
"16919","SA","2010-11-27",59,"Safe"
"16920","SA","2010-11-28",65,"MinorHazard"
"16921","SA","2010-11-29",54,"Safe"
"16922","SA","2010-11-30",48,"Safe"
"16923","SA","2010-12-01",39,"Safe"
"16924","SA","2010-12-02",69,"MinorHazard"
"16925","SA","2010-12-03",46,"Safe"
"16926","SA","2010-12-04",57,"Safe"
"16927","SA","2010-12-05",70,"MinorHazard"
"16928","SA","2010-12-06",74,"MinorHazard"
"16929","SA","2010-12-07",135,"Destructive"
"16930","SA","2010-12-08",70,"MinorHazard"
"16931","SA","2010-12-09",56,"Safe"
"16932","SA","2010-12-10",61,"Safe"
"16933","SA","2010-12-11",69,"MinorHazard"
"16934","SA","2010-12-12",44,"Safe"
"16935","SA","2010-12-13",43,"Safe"
"16936","SA","2010-12-14",52,"Safe"
"16937","SA","2010-12-15",57,"Safe"
"16938","SA","2010-12-16",46,"Safe"
"16939","SA","2010-12-17",56,"Safe"
"16940","SA","2010-12-18",61,"Safe"
"16941","SA","2010-12-19",69,"MinorHazard"
"16942","SA","2010-12-20",48,"Safe"
"16943","SA","2010-12-21",44,"Safe"
"16944","SA","2010-12-22",37,"Safe"
"16945","SA","2010-12-23",44,"Safe"
"16946","SA","2010-12-24",39,"Safe"
"16947","SA","2010-12-25",54,"Safe"
"16948","SA","2010-12-26",67,"MinorHazard"
"16949","SA","2010-12-27",54,"Safe"
"16950","SA","2010-12-28",37,"Safe"
"16951","SA","2010-12-29",41,"Safe"
"16952","SA","2010-12-30",44,"Safe"
"16953","SA","2010-12-31",72,"MinorHazard"
"16954","SA","2011-01-01",52,"Safe"
"16955","SA","2011-01-02",57,"Safe"
"16956","SA","2011-01-03",54,"Safe"
"16957","SA","2011-01-04",41,"Safe"
"16958","SA","2011-01-05",52,"Safe"
"16959","SA","2011-01-06",56,"Safe"
"16960","SA","2011-01-07",50,"Safe"
"16961","SA","2011-01-08",65,"MinorHazard"
"16962","SA","2011-01-09",57,"Safe"
"16963","SA","2011-01-10",56,"Safe"
"16964","SA","2011-01-11",54,"Safe"
"16965","SA","2011-01-12",52,"Safe"
"16966","SA","2011-01-13",61,"Safe"
"16967","SA","2011-01-14",57,"Safe"
"16968","SA","2011-01-15",50,"Safe"
"16969","SA","2011-01-16",48,"Safe"
"16970","SA","2011-01-17",46,"Safe"
"16971","SA","2011-01-18",41,"Safe"
"16972","SA","2011-01-19",39,"Safe"
"16973","SA","2011-01-20",44,"Safe"
"16974","SA","2011-01-21",48,"Safe"
"16975","SA","2011-01-22",48,"Safe"
"16976","SA","2011-01-23",43,"Safe"
"16977","SA","2011-01-24",41,"Safe"
"16978","SA","2011-01-25",85,"MinorHazard"
"16979","SA","2011-01-26",41,"Safe"
"16980","SA","2011-01-27",48,"Safe"
"16981","SA","2011-01-28",46,"Safe"
"16982","SA","2011-01-29",43,"Safe"
"16983","SA","2011-01-30",56,"Safe"
"16984","SA","2011-01-31",50,"Safe"
"16985","SA","2011-02-01",56,"Safe"
"16986","SA","2011-02-02",72,"MinorHazard"
"16987","SA","2011-02-03",65,"MinorHazard"
"16988","SA","2011-02-04",76,"MinorHazard"
"16989","SA","2011-02-05",65,"MinorHazard"
"16990","SA","2011-02-06",56,"Safe"
"16991","SA","2011-02-07",44,"Safe"
"16992","SA","2011-02-08",41,"Safe"
"16993","SA","2011-02-09",43,"Safe"
"16994","SA","2011-02-10",44,"Safe"
"16995","SA","2011-02-11",54,"Safe"
"16996","SA","2011-02-12",61,"Safe"
"16997","SA","2011-02-13",44,"Safe"
"16998","SA","2011-02-14",39,"Safe"
"16999","SA","2011-02-15",57,"Safe"
"17000","SA","2011-02-16",65,"MinorHazard"
"17001","SA","2011-02-17",35,"Safe"
"17002","SA","2011-02-18",63,"MinorHazard"
"17003","SA","2011-02-19",56,"Safe"
"17004","SA","2011-02-20",61,"Safe"
"17005","SA","2011-02-21",50,"Safe"
"17006","SA","2011-02-22",44,"Safe"
"17007","SA","2011-02-23",37,"Safe"
"17008","SA","2011-02-24",39,"Safe"
"17009","SA","2011-02-25",31,"Safe"
"17010","SA","2011-02-26",43,"Safe"
"17011","SA","2011-02-27",37,"Safe"
"17012","SA","2011-02-28",46,"Safe"
"17013","SA","2011-03-01",54,"Safe"
"17014","SA","2011-03-02",52,"Safe"
"17015","SA","2011-03-03",44,"Safe"
"17016","SA","2011-03-04",46,"Safe"
"17017","SA","2011-03-05",48,"Safe"
"17018","SA","2011-03-06",54,"Safe"
"17019","SA","2011-03-07",57,"Safe"
"17020","SA","2011-03-08",43,"Safe"
"17021","SA","2011-03-09",41,"Safe"
"17022","SA","2011-03-10",52,"Safe"
"17023","SA","2011-03-11",37,"Safe"
"17024","SA","2011-03-12",35,"Safe"
"17025","SA","2011-03-13",48,"Safe"
"17026","SA","2011-03-14",41,"Safe"
"17027","SA","2011-03-15",44,"Safe"
"17028","SA","2011-03-17",39,"Safe"
"17029","SA","2011-03-19",39,"Safe"
"17030","SA","2011-03-20",48,"Safe"
"17031","SA","2011-03-21",46,"Safe"
"17032","SA","2011-03-22",46,"Safe"
"17033","SA","2011-03-23",63,"MinorHazard"
"17034","SA","2011-03-24",57,"Safe"
"17035","SA","2011-03-25",41,"Safe"
"17036","SA","2011-03-26",41,"Safe"
"17037","SA","2011-03-27",31,"Safe"
"17038","SA","2011-03-28",37,"Safe"
"17039","SA","2011-03-29",31,"Safe"
"17040","SA","2011-03-30",48,"Safe"
"17041","SA","2011-03-31",31,"Safe"
"17042","SA","2011-05-01",33,"Safe"
"17043","SA","2011-05-02",31,"Safe"
"17044","SA","2011-05-03",35,"Safe"
"17045","SA","2011-05-04",41,"Safe"
"17046","SA","2011-05-05",28,"Safe"
"17047","SA","2011-05-06",28,"Safe"
"17048","SA","2011-05-07",31,"Safe"
"17049","SA","2011-05-08",44,"Safe"
"17050","SA","2011-05-09",41,"Safe"
"17051","SA","2011-05-10",48,"Safe"
"17052","SA","2011-05-11",48,"Safe"
"17053","SA","2011-05-12",48,"Safe"
"17054","SA","2011-05-13",56,"Safe"
"17055","SA","2011-05-14",39,"Safe"
"17056","SA","2011-05-15",30,"Safe"
"17057","SA","2011-05-16",28,"Safe"
"17058","SA","2011-05-17",43,"Safe"
"17059","SA","2011-05-18",48,"Safe"
"17060","SA","2011-05-19",35,"Safe"
"17061","SA","2011-05-20",35,"Safe"
"17062","SA","2011-05-21",59,"Safe"
"17063","SA","2011-05-22",81,"MinorHazard"
"17064","SA","2011-05-23",56,"Safe"
"17065","SA","2011-05-24",57,"Safe"
"17066","SA","2011-05-25",37,"Safe"
"17067","SA","2011-05-26",41,"Safe"
"17068","SA","2011-05-27",28,"Safe"
"17069","SA","2011-05-28",19,"Safe"
"17070","SA","2011-05-29",33,"Safe"
"17071","SA","2011-05-30",24,"Safe"
"17072","SA","2011-05-31",33,"Safe"
"17073","SA","2011-06-01",26,"Safe"
"17074","SA","2011-06-02",41,"Safe"
"17075","SA","2011-06-03",48,"Safe"
"17076","SA","2011-06-04",37,"Safe"
"17077","SA","2011-06-05",69,"MinorHazard"
"17078","SA","2011-06-06",28,"Safe"
"17079","SA","2011-06-07",59,"Safe"
"17080","SA","2011-06-08",56,"Safe"
"17081","SA","2011-06-09",52,"Safe"
"17082","SA","2011-06-10",37,"Safe"
"17083","SA","2011-06-11",48,"Safe"
"17084","SA","2011-06-12",39,"Safe"
"17085","SA","2011-06-13",35,"Safe"
"17086","SA","2011-06-14",30,"Safe"
"17087","SA","2011-06-15",24,"Safe"
"17088","SA","2011-06-16",67,"MinorHazard"
"17089","SA","2011-06-17",61,"Safe"
"17090","SA","2011-06-18",35,"Safe"
"17091","SA","2011-06-19",54,"Safe"
"17092","SA","2011-06-20",81,"MinorHazard"
"17093","SA","2011-06-21",72,"MinorHazard"
"17094","SA","2011-06-22",57,"Safe"
"17095","SA","2011-06-23",39,"Safe"
"17096","SA","2011-06-24",37,"Safe"
"17097","SA","2011-06-25",46,"Safe"
"17098","SA","2011-06-26",41,"Safe"
"17099","SA","2011-06-27",35,"Safe"
"17100","SA","2011-06-28",37,"Safe"
"17101","SA","2011-06-29",37,"Safe"
"17102","SA","2011-06-30",39,"Safe"
"17103","SA","2011-07-01",46,"Safe"
"17104","SA","2011-07-02",61,"Safe"
"17105","SA","2011-07-03",54,"Safe"
"17106","SA","2011-07-04",67,"MinorHazard"
"17107","SA","2011-07-05",76,"MinorHazard"
"17108","SA","2011-07-06",74,"MinorHazard"
"17109","SA","2011-07-07",41,"Safe"
"17110","SA","2011-07-08",50,"Safe"
"17111","SA","2011-07-09",44,"Safe"
"17112","SA","2011-07-10",61,"Safe"
"17113","SA","2011-07-11",39,"Safe"
"17114","SA","2011-07-12",52,"Safe"
"17115","SA","2011-07-13",43,"Safe"
"17116","SA","2011-07-14",35,"Safe"
"17117","SA","2011-07-15",35,"Safe"
"17118","SA","2011-07-16",28,"Safe"
"17119","SA","2011-07-17",46,"Safe"
"17120","SA","2011-07-18",52,"Safe"
"17121","SA","2011-07-19",37,"Safe"
"17122","SA","2011-07-20",35,"Safe"
"17123","SA","2011-07-21",33,"Safe"
"17124","SA","2011-07-22",28,"Safe"
"17125","SA","2011-07-23",46,"Safe"
"17126","SA","2011-07-24",48,"Safe"
"17127","SA","2011-07-25",39,"Safe"
"17128","SA","2011-07-26",24,"Safe"
"17129","SA","2011-07-27",41,"Safe"
"17130","SA","2011-07-28",41,"Safe"
"17131","SA","2011-07-29",57,"Safe"
"17132","SA","2011-07-30",50,"Safe"
"17133","SA","2011-07-31",41,"Safe"
"17134","SA","2011-08-01",59,"Safe"
"17135","SA","2011-08-02",52,"Safe"
"17136","SA","2011-08-03",65,"MinorHazard"
"17137","SA","2011-08-04",48,"Safe"
"17138","SA","2011-08-05",44,"Safe"
"17139","SA","2011-08-06",50,"Safe"
"17140","SA","2011-08-07",48,"Safe"
"17141","SA","2011-08-08",52,"Safe"
"17142","SA","2011-08-09",41,"Safe"
"17143","SA","2011-08-10",44,"Safe"
"17144","SA","2011-08-11",35,"Safe"
"17145","SA","2011-08-12",28,"Safe"
"17146","SA","2011-08-13",24,"Safe"
"17147","SA","2011-08-14",30,"Safe"
"17148","SA","2011-08-15",48,"Safe"
"17149","SA","2011-08-16",61,"Safe"
"17150","SA","2011-08-17",83,"MinorHazard"
"17151","SA","2011-08-18",57,"Safe"
"17152","SA","2011-08-19",37,"Safe"
"17153","SA","2011-08-20",28,"Safe"
"17154","SA","2011-08-21",33,"Safe"
"17155","SA","2011-08-22",37,"Safe"
"17156","SA","2011-08-23",43,"Safe"
"17157","SA","2011-08-24",46,"Safe"
"17158","SA","2011-08-26",41,"Safe"
"17159","SA","2011-08-27",37,"Safe"
"17160","SA","2011-08-28",65,"MinorHazard"
"17161","SA","2011-08-29",41,"Safe"
"17162","SA","2011-08-30",31,"Safe"
"17163","SA","2011-08-31",35,"Safe"
"17164","SA","2011-09-01",41,"Safe"
"17165","SA","2011-09-02",48,"Safe"
"17166","SA","2011-09-03",72,"MinorHazard"
"17167","SA","2011-09-04",56,"Safe"
"17168","SA","2011-09-05",39,"Safe"
"17169","SA","2011-09-06",69,"MinorHazard"
"17170","SA","2011-09-07",43,"Safe"
"17171","SA","2011-09-08",48,"Safe"
"17172","SA","2011-09-09",67,"MinorHazard"
"17173","SA","2011-09-10",50,"Safe"
"17174","SA","2011-09-11",46,"Safe"
"17175","SA","2011-09-12",35,"Safe"
"17176","SA","2011-09-13",56,"Safe"
"17177","SA","2011-09-14",46,"Safe"
"17178","SA","2011-09-15",46,"Safe"
"17179","SA","2011-09-16",31,"Safe"
"17180","SA","2011-09-17",63,"MinorHazard"
"17181","SA","2011-09-18",35,"Safe"
"17182","SA","2011-09-19",74,"MinorHazard"
"17183","SA","2011-09-20",50,"Safe"
"17184","SA","2011-09-21",52,"Safe"
"17185","SA","2011-09-22",76,"MinorHazard"
"17186","SA","2011-09-23",46,"Safe"
"17187","SA","2011-09-24",41,"Safe"
"17188","SA","2011-09-25",37,"Safe"
"17189","SA","2011-09-26",56,"Safe"
"17190","SA","2011-09-27",57,"Safe"
"17191","SA","2011-09-28",115,"Damaging"
"17192","SA","2011-09-29",69,"MinorHazard"
"17193","SA","2011-09-30",70,"MinorHazard"
"17194","SA","2011-10-01",56,"Safe"
"17195","SA","2011-10-02",37,"Safe"
"17196","SA","2011-10-03",50,"Safe"
"17197","SA","2011-10-04",59,"Safe"
"17198","SA","2011-10-05",41,"Safe"
"17199","SA","2011-10-06",37,"Safe"
"17200","SA","2011-10-07",41,"Safe"
"17201","SA","2011-10-08",37,"Safe"
"17202","SA","2011-10-09",57,"Safe"
"17203","SA","2011-10-10",65,"MinorHazard"
"17204","SA","2011-10-11",44,"Safe"
"17205","SA","2011-10-12",37,"Safe"
"17206","SA","2011-10-13",37,"Safe"
"17207","SA","2011-10-14",83,"MinorHazard"
"17208","SA","2011-10-15",65,"MinorHazard"
"17209","SA","2011-10-16",56,"Safe"
"17210","SA","2011-10-17",39,"Safe"
"17211","SA","2011-10-18",48,"Safe"
"17212","SA","2011-10-19",56,"Safe"
"17213","SA","2011-10-20",80,"MinorHazard"
"17214","SA","2011-10-21",41,"Safe"
"17215","SA","2011-10-22",39,"Safe"
"17216","SA","2011-10-23",57,"Safe"
"17217","SA","2011-10-24",54,"Safe"
"17218","SA","2011-10-25",50,"Safe"
"17219","SA","2011-10-26",46,"Safe"
"17220","SA","2011-10-27",48,"Safe"
"17221","SA","2011-10-28",50,"Safe"
"17222","SA","2011-10-29",52,"Safe"
"17223","SA","2011-10-30",57,"Safe"
"17224","SA","2011-10-31",43,"Safe"
"17225","SA","2011-11-01",46,"Safe"
"17226","SA","2011-11-02",44,"Safe"
"17227","SA","2011-11-03",41,"Safe"
"17228","SA","2011-11-04",43,"Safe"
"17229","SA","2011-11-05",54,"Safe"
"17230","SA","2011-11-06",59,"Safe"
"17231","SA","2011-11-07",76,"MinorHazard"
"17232","SA","2011-11-08",106,"Damaging"
"17233","SA","2011-11-09",74,"MinorHazard"
"17234","SA","2011-11-10",54,"Safe"
"17235","SA","2011-11-11",41,"Safe"
"17236","SA","2011-11-12",33,"Safe"
"17237","SA","2011-11-13",67,"MinorHazard"
"17238","SA","2011-11-14",65,"MinorHazard"
"17239","SA","2011-11-15",65,"MinorHazard"
"17240","SA","2011-11-16",35,"Safe"
"17241","SA","2011-11-17",46,"Safe"
"17242","SA","2011-11-18",70,"MinorHazard"
"17243","SA","2011-11-19",56,"Safe"
"17244","SA","2011-11-20",59,"Safe"
"17245","SA","2011-11-21",46,"Safe"
"17246","SA","2011-11-22",56,"Safe"
"17247","SA","2011-11-23",67,"MinorHazard"
"17248","SA","2011-11-24",65,"MinorHazard"
"17249","SA","2011-11-25",56,"Safe"
"17250","SA","2011-11-26",44,"Safe"
"17251","SA","2011-11-27",37,"Safe"
"17252","SA","2011-11-28",65,"MinorHazard"
"17253","SA","2011-11-29",72,"MinorHazard"
"17254","SA","2011-11-30",61,"Safe"
"17255","SA","2011-12-01",46,"Safe"
"17256","SA","2011-12-02",44,"Safe"
"17257","SA","2011-12-03",57,"Safe"
"17258","SA","2011-12-04",59,"Safe"
"17259","SA","2011-12-05",44,"Safe"
"17260","SA","2011-12-06",43,"Safe"
"17261","SA","2011-12-07",46,"Safe"
"17262","SA","2011-12-08",69,"MinorHazard"
"17263","SA","2011-12-09",50,"Safe"
"17264","SA","2011-12-10",54,"Safe"
"17265","SA","2011-12-11",54,"Safe"
"17266","SA","2011-12-12",50,"Safe"
"17267","SA","2011-12-13",43,"Safe"
"17268","SA","2011-12-14",50,"Safe"
"17269","SA","2011-12-15",54,"Safe"
"17270","SA","2011-12-16",50,"Safe"
"17271","SA","2011-12-17",61,"Safe"
"17272","SA","2011-12-18",56,"Safe"
"17273","SA","2011-12-19",46,"Safe"
"17274","SA","2011-12-20",46,"Safe"
"17275","SA","2011-12-21",50,"Safe"
"17276","SA","2011-12-22",43,"Safe"
"17277","SA","2011-12-23",46,"Safe"
"17278","SA","2011-12-24",52,"Safe"
"17279","SA","2011-12-25",59,"Safe"
"17280","SA","2011-12-26",65,"MinorHazard"
"17281","SA","2011-12-27",50,"Safe"
"17282","SA","2011-12-28",50,"Safe"
"17283","SA","2011-12-29",48,"Safe"
"17284","SA","2011-12-30",43,"Safe"
"17285","SA","2011-12-31",48,"Safe"
"17286","SA","2012-01-01",50,"Safe"
"17287","SA","2012-01-02",70,"MinorHazard"
"17288","SA","2012-01-03",74,"MinorHazard"
"17289","SA","2012-01-04",52,"Safe"
"17290","SA","2012-01-05",56,"Safe"
"17291","SA","2012-01-06",50,"Safe"
"17292","SA","2012-01-07",61,"Safe"
"17293","SA","2012-01-08",70,"MinorHazard"
"17294","SA","2012-01-09",59,"Safe"
"17295","SA","2012-01-10",59,"Safe"
"17296","SA","2012-01-11",70,"MinorHazard"
"17297","SA","2012-01-12",44,"Safe"
"17298","SA","2012-01-13",48,"Safe"
"17299","SA","2012-01-14",61,"Safe"
"17300","SA","2012-01-15",43,"Safe"
"17301","SA","2012-01-16",56,"Safe"
"17302","SA","2012-01-17",70,"MinorHazard"
"17303","SA","2012-01-18",50,"Safe"
"17304","SA","2012-01-19",50,"Safe"
"17305","SA","2012-01-20",48,"Safe"
"17306","SA","2012-01-21",50,"Safe"
"17307","SA","2012-01-22",78,"MinorHazard"
"17308","SA","2012-01-23",52,"Safe"
"17309","SA","2012-01-24",52,"Safe"
"17310","SA","2012-01-25",65,"MinorHazard"
"17311","SA","2012-01-26",61,"Safe"
"17312","SA","2012-01-27",63,"MinorHazard"
"17313","SA","2012-01-28",65,"MinorHazard"
"17314","SA","2012-01-29",109,"Damaging"
"17315","SA","2012-01-30",61,"Safe"
"17316","SA","2012-01-31",54,"Safe"
"17317","SA","2012-02-01",65,"MinorHazard"
"17318","SA","2012-02-02",48,"Safe"
"17319","SA","2012-02-03",39,"Safe"
"17320","SA","2012-02-04",52,"Safe"
"17321","SA","2012-02-05",80,"MinorHazard"
"17322","SA","2012-02-06",52,"Safe"
"17323","SA","2012-02-07",44,"Safe"
"17324","SA","2012-02-08",41,"Safe"
"17325","SA","2012-02-09",50,"Safe"
"17326","SA","2012-02-10",52,"Safe"
"17327","SA","2012-02-11",48,"Safe"
"17328","SA","2012-02-12",46,"Safe"
"17329","SA","2012-02-14",43,"Safe"
"17330","SA","2012-02-15",56,"Safe"
"17331","SA","2012-02-16",44,"Safe"
"17332","SA","2012-02-17",44,"Safe"
"17333","SA","2012-02-18",41,"Safe"
"17334","SA","2012-02-19",61,"Safe"
"17335","SA","2012-02-20",50,"Safe"
"17336","SA","2012-02-21",46,"Safe"
"17337","SA","2012-02-22",50,"Safe"
"17338","SA","2012-02-23",46,"Safe"
"17339","SA","2012-02-24",50,"Safe"
"17340","SA","2012-02-25",48,"Safe"
"17341","SA","2012-02-26",83,"MinorHazard"
"17342","SA","2012-02-27",50,"Safe"
"17343","SA","2012-02-28",54,"Safe"
"17344","SA","2012-02-29",61,"Safe"
"17345","SA","2012-03-01",72,"MinorHazard"
"17346","SA","2012-03-02",65,"MinorHazard"
"17347","SA","2012-03-03",39,"Safe"
"17348","SA","2012-03-04",54,"Safe"
"17349","SA","2012-03-05",46,"Safe"
"17350","SA","2012-03-06",50,"Safe"
"17351","SA","2012-03-07",50,"Safe"
"17352","SA","2012-03-08",48,"Safe"
"17353","SA","2012-03-09",46,"Safe"
"17354","SA","2012-03-10",35,"Safe"
"17355","SA","2012-03-11",35,"Safe"
"17356","SA","2012-03-12",35,"Safe"
"17357","SA","2012-03-13",46,"Safe"
"17358","SA","2012-03-14",76,"MinorHazard"
"17359","SA","2012-03-15",56,"Safe"
"17360","SA","2012-03-16",52,"Safe"
"17361","SA","2012-03-17",43,"Safe"
"17362","SA","2012-03-18",44,"Safe"
"17363","SA","2012-03-19",50,"Safe"
"17364","SA","2012-03-20",67,"MinorHazard"
"17365","SA","2012-03-21",63,"MinorHazard"
"17366","SA","2012-03-22",57,"Safe"
"17367","SA","2012-03-23",65,"MinorHazard"
"17368","SA","2012-03-24",41,"Safe"
"17369","SA","2012-03-25",31,"Safe"
"17370","SA","2012-03-26",39,"Safe"
"17371","SA","2012-03-27",39,"Safe"
"17372","SA","2012-03-28",41,"Safe"
"17373","SA","2012-03-29",43,"Safe"
"17374","SA","2012-03-30",67,"MinorHazard"
"17375","SA","2012-03-31",50,"Safe"
"17376","SA","2012-04-01",31,"Safe"
"17377","SA","2012-04-02",65,"MinorHazard"
"17378","SA","2012-04-03",39,"Safe"
"17379","SA","2012-04-04",37,"Safe"
"17380","SA","2012-04-05",35,"Safe"
"17381","SA","2012-04-06",74,"MinorHazard"
"17382","SA","2012-04-07",48,"Safe"
"17383","SA","2012-04-08",54,"Safe"
"17384","SA","2012-04-09",69,"MinorHazard"
"17385","SA","2012-04-10",46,"Safe"
"17386","SA","2012-04-11",43,"Safe"
"17387","SA","2012-04-12",37,"Safe"
"17388","SA","2012-04-13",43,"Safe"
"17389","SA","2012-04-14",50,"Safe"
"17390","SA","2012-04-15",41,"Safe"
"17391","SA","2012-04-16",31,"Safe"
"17392","SA","2012-04-17",33,"Safe"
"17393","SA","2012-04-18",50,"Safe"
"17394","SA","2012-04-19",41,"Safe"
"17395","SA","2012-04-20",31,"Safe"
"17396","SA","2012-04-21",57,"Safe"
"17397","SA","2012-04-22",56,"Safe"
"17398","SA","2012-04-23",57,"Safe"
"17399","SA","2012-04-24",52,"Safe"
"17400","SA","2012-04-25",39,"Safe"
"17401","SA","2012-04-26",30,"Safe"
"17402","SA","2012-04-27",31,"Safe"
"17403","SA","2012-04-28",48,"Safe"
"17404","SA","2012-04-29",37,"Safe"
"17405","SA","2012-04-30",43,"Safe"
"17406","SA","2012-05-01",54,"Safe"
"17407","SA","2012-05-02",52,"Safe"
"17408","SA","2012-05-03",52,"Safe"
"17409","SA","2012-05-04",39,"Safe"
"17410","SA","2012-05-05",30,"Safe"
"17411","SA","2012-05-06",41,"Safe"
"17412","SA","2012-05-07",50,"Safe"
"17413","SA","2012-05-08",65,"MinorHazard"
"17414","SA","2012-05-09",65,"MinorHazard"
"17415","SA","2012-05-10",48,"Safe"
"17416","SA","2012-05-11",48,"Safe"
"17417","SA","2012-05-12",56,"Safe"
"17418","SA","2012-05-13",41,"Safe"
"17419","SA","2012-05-14",35,"Safe"
"17420","SA","2012-05-15",28,"Safe"
"17421","SA","2012-05-16",31,"Safe"
"17422","SA","2012-05-17",48,"Safe"
"17423","SA","2012-05-18",37,"Safe"
"17424","SA","2012-05-19",33,"Safe"
"17425","SA","2012-05-20",26,"Safe"
"17426","SA","2012-05-21",48,"Safe"
"17427","SA","2012-05-22",54,"Safe"
"17428","SA","2012-05-23",80,"MinorHazard"
"17429","SA","2012-05-24",59,"Safe"
"17430","SA","2012-05-25",48,"Safe"
"17431","SA","2012-05-26",54,"Safe"
"17432","SA","2012-05-27",37,"Safe"
"17433","SA","2012-05-28",35,"Safe"
"17434","SA","2012-05-29",31,"Safe"
"17435","SA","2012-05-30",35,"Safe"
"17436","SA","2012-05-31",31,"Safe"
"17437","SA","2012-06-01",30,"Safe"
"17438","SA","2012-06-02",43,"Safe"
"17439","SA","2012-06-03",43,"Safe"
"17440","SA","2012-06-04",59,"Safe"
"17441","SA","2012-06-05",63,"MinorHazard"
"17442","SA","2012-06-06",46,"Safe"
"17443","SA","2012-06-07",33,"Safe"
"17444","SA","2012-06-08",28,"Safe"
"17445","SA","2012-06-09",30,"Safe"
"17446","SA","2012-06-10",28,"Safe"
"17447","SA","2012-06-11",35,"Safe"
"17448","SA","2012-06-12",48,"Safe"
"17449","SA","2012-06-13",61,"Safe"
"17450","SA","2012-06-14",61,"Safe"
"17451","SA","2012-06-15",46,"Safe"
"17452","SA","2012-06-16",46,"Safe"
"17453","SA","2012-06-17",48,"Safe"
"17454","SA","2012-06-18",44,"Safe"
"17455","SA","2012-06-19",39,"Safe"
"17456","SA","2012-06-20",59,"Safe"
"17457","SA","2012-06-21",57,"Safe"
"17458","SA","2012-06-22",57,"Safe"
"17459","SA","2012-06-23",48,"Safe"
"17460","SA","2012-06-24",37,"Safe"
"17461","SA","2012-06-25",39,"Safe"
"17462","SA","2012-06-26",28,"Safe"
"17463","SA","2012-06-27",30,"Safe"
"17464","SA","2012-06-29",65,"MinorHazard"
"17465","SA","2012-06-30",56,"Safe"
"17466","SA","2012-07-01",50,"Safe"
"17467","SA","2012-07-02",31,"Safe"
"17468","SA","2012-07-03",28,"Safe"
"17469","SA","2012-07-04",33,"Safe"
"17470","SA","2012-07-05",35,"Safe"
"17471","SA","2012-07-06",30,"Safe"
"17472","SA","2012-07-07",43,"Safe"
"17473","SA","2012-07-08",39,"Safe"
"17474","SA","2012-07-09",37,"Safe"
"17475","SA","2012-07-10",39,"Safe"
"17476","SA","2012-07-11",44,"Safe"
"17477","SA","2012-07-12",57,"Safe"
"17478","SA","2012-07-13",44,"Safe"
"17479","SA","2012-07-14",56,"Safe"
"17480","SA","2012-07-15",59,"Safe"
"17481","SA","2012-07-16",48,"Safe"
"17482","SA","2012-07-17",52,"Safe"
"17483","SA","2012-07-18",50,"Safe"
"17484","SA","2012-07-19",46,"Safe"
"17485","SA","2012-07-20",26,"Safe"
"17486","SA","2012-07-21",37,"Safe"
"17487","SA","2012-07-22",28,"Safe"
"17488","SA","2012-07-23",33,"Safe"
"17489","SA","2012-07-24",50,"Safe"
"17490","SA","2012-07-25",67,"MinorHazard"
"17491","SA","2012-07-26",57,"Safe"
"17492","SA","2012-07-27",46,"Safe"
"17493","SA","2012-07-28",52,"Safe"
"17494","SA","2012-07-29",39,"Safe"
"17495","SA","2012-07-30",39,"Safe"
"17496","SA","2012-07-31",28,"Safe"
"17497","SA","2012-08-01",39,"Safe"
"17498","SA","2012-08-02",48,"Safe"
"17499","SA","2012-08-03",50,"Safe"
"17500","SA","2012-08-04",56,"Safe"
"17501","SA","2012-08-05",81,"MinorHazard"
"17502","SA","2012-08-06",37,"Safe"
"17503","SA","2012-08-07",54,"Safe"
"17504","SA","2012-08-08",57,"Safe"
"17505","SA","2012-08-09",69,"MinorHazard"
"17506","SA","2012-08-10",41,"Safe"
"17507","SA","2012-08-11",46,"Safe"
"17508","SA","2012-08-12",30,"Safe"
"17509","SA","2012-08-13",56,"Safe"
"17510","SA","2012-08-14",65,"MinorHazard"
"17511","SA","2012-08-15",57,"Safe"
"17512","SA","2012-08-16",85,"MinorHazard"
"17513","SA","2012-08-17",87,"MinorHazard"
"17514","SA","2012-08-18",52,"Safe"
"17515","SA","2012-08-19",33,"Safe"
"17516","SA","2012-08-20",50,"Safe"
"17517","SA","2012-08-21",63,"MinorHazard"
"17518","SA","2012-08-22",72,"MinorHazard"
"17519","SA","2012-08-23",76,"MinorHazard"
"17520","SA","2012-08-24",78,"MinorHazard"
"17521","SA","2012-08-25",57,"Safe"
"17522","SA","2012-08-26",37,"Safe"
"17523","SA","2012-08-27",44,"Safe"
"17524","SA","2012-08-28",65,"MinorHazard"
"17525","SA","2012-08-29",63,"MinorHazard"
"17526","SA","2012-08-30",74,"MinorHazard"
"17527","SA","2012-08-31",52,"Safe"
"17528","SA","2012-09-01",35,"Safe"
"17529","SA","2012-09-02",48,"Safe"
"17530","SA","2012-09-03",56,"Safe"
"17531","SA","2012-09-04",74,"MinorHazard"
"17532","SA","2012-09-05",93,"Damaging"
"17533","SA","2012-09-06",69,"MinorHazard"
"17534","SA","2012-09-07",80,"MinorHazard"
"17535","SA","2012-09-08",56,"Safe"
"17536","SA","2012-09-09",35,"Safe"
"17537","SA","2012-09-10",31,"Safe"
"17538","SA","2012-09-11",31,"Safe"
"17539","SA","2012-09-12",65,"MinorHazard"
"17540","SA","2012-09-13",56,"Safe"
"17541","SA","2012-09-14",46,"Safe"
"17542","SA","2012-09-15",31,"Safe"
"17543","SA","2012-09-16",41,"Safe"
"17544","SA","2012-09-17",41,"Safe"
"17545","SA","2012-09-18",41,"Safe"
"17546","SA","2012-09-19",54,"Safe"
"17547","SA","2012-09-20",69,"MinorHazard"
"17548","SA","2012-09-21",43,"Safe"
"17549","SA","2012-09-22",59,"Safe"
"17550","SA","2012-09-23",72,"MinorHazard"
"17551","SA","2012-09-24",48,"Safe"
"17552","SA","2012-09-25",43,"Safe"
"17553","SA","2012-09-26",74,"MinorHazard"
"17554","SA","2012-09-27",87,"MinorHazard"
"17555","SA","2012-09-28",115,"Damaging"
"17556","SA","2012-09-29",70,"MinorHazard"
"17557","SA","2012-09-30",39,"Safe"
"17558","SA","2012-10-01",43,"Safe"
"17559","SA","2012-10-02",37,"Safe"
"17560","SA","2012-10-03",48,"Safe"
"17561","SA","2012-10-04",61,"Safe"
"17562","SA","2012-10-05",44,"Safe"
"17563","SA","2012-10-06",63,"MinorHazard"
"17564","SA","2012-10-07",46,"Safe"
"17565","SA","2012-10-08",50,"Safe"
"17566","SA","2012-10-09",48,"Safe"
"17567","SA","2012-10-10",76,"MinorHazard"
"17568","SA","2012-10-11",76,"MinorHazard"
"17569","SA","2012-10-12",41,"Safe"
"17570","SA","2012-10-13",35,"Safe"
"17571","SA","2012-10-14",59,"Safe"
"17572","SA","2012-10-15",63,"MinorHazard"
"17573","SA","2012-10-16",72,"MinorHazard"
"17574","SA","2012-10-17",46,"Safe"
"17575","SA","2012-10-18",52,"Safe"
"17576","SA","2012-10-19",46,"Safe"
"17577","SA","2012-10-20",52,"Safe"
"17578","SA","2012-10-21",57,"Safe"
"17579","SA","2012-10-22",39,"Safe"
"17580","SA","2012-10-23",59,"Safe"
"17581","SA","2012-10-24",61,"Safe"
"17582","SA","2012-10-25",65,"MinorHazard"
"17583","SA","2012-10-26",57,"Safe"
"17584","SA","2012-10-27",39,"Safe"
"17585","SA","2012-10-28",35,"Safe"
"17586","SA","2012-10-29",35,"Safe"
"17587","SA","2012-10-30",54,"Safe"
"17588","SA","2012-10-31",65,"MinorHazard"
"17589","SA","2012-11-01",63,"MinorHazard"
"17590","SA","2012-11-02",39,"Safe"
"17591","SA","2012-11-03",41,"Safe"
"17592","SA","2012-11-04",76,"MinorHazard"
"17593","SA","2012-11-05",74,"MinorHazard"
"17594","SA","2012-11-06",52,"Safe"
"17595","SA","2012-11-07",54,"Safe"
"17596","SA","2012-11-08",50,"Safe"
"17597","SA","2012-11-09",61,"Safe"
"17598","SA","2012-11-10",41,"Safe"
"17599","SA","2012-11-11",56,"Safe"
"17600","SA","2012-11-12",56,"Safe"
"17601","SA","2012-11-13",48,"Safe"
"17602","SA","2012-11-14",41,"Safe"
"17603","SA","2012-11-15",65,"MinorHazard"
"17604","SA","2012-11-16",52,"Safe"
"17605","SA","2012-11-17",50,"Safe"
"17606","SA","2012-11-18",44,"Safe"
"17607","SA","2012-11-19",44,"Safe"
"17608","SA","2012-11-20",81,"MinorHazard"
"17609","SA","2012-11-21",54,"Safe"
"17610","SA","2012-11-22",43,"Safe"
"17611","SA","2012-11-23",54,"Safe"
"17612","SA","2012-11-24",57,"Safe"
"17613","SA","2012-11-25",54,"Safe"
"17614","SA","2012-11-26",63,"MinorHazard"
"17615","SA","2012-11-27",50,"Safe"
"17616","SA","2012-11-28",54,"Safe"
"17617","SA","2012-11-29",63,"MinorHazard"
"17618","SA","2012-11-30",102,"Damaging"
"17619","SA","2013-01-01",54,"Safe"
"17620","SA","2013-01-02",35,"Safe"
"17621","SA","2013-01-03",52,"Safe"
"17622","SA","2013-01-04",65,"MinorHazard"
"17623","SA","2013-01-05",69,"MinorHazard"
"17624","SA","2013-01-06",57,"Safe"
"17625","SA","2013-01-07",74,"MinorHazard"
"17626","SA","2013-01-08",61,"Safe"
"17627","SA","2013-01-09",48,"Safe"
"17628","SA","2013-01-10",52,"Safe"
"17629","SA","2013-01-11",61,"Safe"
"17630","SA","2013-01-12",54,"Safe"
"17631","SA","2013-01-13",65,"MinorHazard"
"17632","SA","2013-01-14",50,"Safe"
"17633","SA","2013-01-15",48,"Safe"
"17634","SA","2013-01-16",39,"Safe"
"17635","SA","2013-01-17",74,"MinorHazard"
"17636","SA","2013-01-18",65,"MinorHazard"
"17637","SA","2013-01-19",50,"Safe"
"17638","SA","2013-01-20",50,"Safe"
"17639","SA","2013-01-21",43,"Safe"
"17640","SA","2013-01-22",57,"Safe"
"17641","SA","2013-01-23",52,"Safe"
"17642","SA","2013-01-24",69,"MinorHazard"
"17643","SA","2013-01-25",63,"MinorHazard"
"17644","SA","2013-01-26",61,"Safe"
"17645","SA","2013-01-27",50,"Safe"
"17646","SA","2013-01-28",59,"Safe"
"17647","SA","2013-01-29",54,"Safe"
"17648","SA","2013-01-30",52,"Safe"
"17649","SA","2013-01-31",59,"Safe"
"17650","SA","2013-03-01",56,"Safe"
"17651","SA","2013-03-02",56,"Safe"
"17652","SA","2013-03-03",59,"Safe"
"17653","SA","2013-03-04",46,"Safe"
"17654","SA","2013-03-05",56,"Safe"
"17655","SA","2013-03-06",43,"Safe"
"17656","SA","2013-03-07",43,"Safe"
"17657","SA","2013-03-08",59,"Safe"
"17658","SA","2013-03-09",48,"Safe"
"17659","SA","2013-03-10",35,"Safe"
"17660","SA","2013-03-11",48,"Safe"
"17661","SA","2013-03-12",61,"Safe"
"17662","SA","2013-03-13",69,"MinorHazard"
"17663","SA","2013-03-14",48,"Safe"
"17664","SA","2013-03-15",41,"Safe"
"17665","SA","2013-03-16",70,"MinorHazard"
"17666","SA","2013-03-17",50,"Safe"
"17667","SA","2013-03-18",44,"Safe"
"17668","SA","2013-03-19",37,"Safe"
"17669","SA","2013-03-20",52,"Safe"
"17670","SA","2013-03-21",94,"Damaging"
"17671","SA","2013-03-22",46,"Safe"
"17672","SA","2013-03-23",52,"Safe"
"17673","SA","2013-03-24",56,"Safe"
"17674","SA","2013-03-25",30,"Safe"
"17675","SA","2013-03-26",56,"Safe"
"17676","SA","2013-03-27",85,"MinorHazard"
"17677","SA","2013-03-28",74,"MinorHazard"
"17678","SA","2013-03-29",39,"Safe"
"17679","SA","2013-03-30",41,"Safe"
"17680","SA","2013-03-31",41,"Safe"
"17681","SA","2013-04-01",48,"Safe"
"17682","SA","2013-04-02",43,"Safe"
"17683","SA","2013-04-03",41,"Safe"
"17684","SA","2013-04-04",41,"Safe"
"17685","SA","2013-04-05",48,"Safe"
"17686","SA","2013-04-06",37,"Safe"
"17687","SA","2013-04-07",35,"Safe"
"17688","SA","2013-04-08",41,"Safe"
"17689","SA","2013-04-09",35,"Safe"
"17690","SA","2013-04-10",33,"Safe"
"17691","SA","2013-04-11",35,"Safe"
"17692","SA","2013-04-12",37,"Safe"
"17693","SA","2013-04-13",52,"Safe"
"17694","SA","2013-04-14",43,"Safe"
"17695","SA","2013-04-15",41,"Safe"
"17696","SA","2013-04-16",35,"Safe"
"17697","SA","2013-04-17",44,"Safe"
"17698","SA","2013-04-18",50,"Safe"
"17699","SA","2013-04-19",46,"Safe"
"17700","SA","2013-04-20",39,"Safe"
"17701","SA","2013-04-21",54,"Safe"
"17702","SA","2013-04-22",57,"Safe"
"17703","SA","2013-04-23",33,"Safe"
"17704","SA","2013-04-24",37,"Safe"
"17705","SA","2013-04-25",54,"Safe"
"17706","SA","2013-04-26",41,"Safe"
"17707","SA","2013-04-27",65,"MinorHazard"
"17708","SA","2013-04-28",37,"Safe"
"17709","SA","2013-04-29",41,"Safe"
"17710","SA","2013-04-30",37,"Safe"
"17711","SA","2013-05-01",43,"Safe"
"17712","SA","2013-05-02",43,"Safe"
"17713","SA","2013-05-03",59,"Safe"
"17714","SA","2013-05-04",43,"Safe"
"17715","SA","2013-05-05",39,"Safe"
"17716","SA","2013-05-06",39,"Safe"
"17717","SA","2013-05-07",46,"Safe"
"17718","SA","2013-05-08",44,"Safe"
"17719","SA","2013-05-09",48,"Safe"
"17720","SA","2013-05-10",54,"Safe"
"17721","SA","2013-05-11",54,"Safe"
"17722","SA","2013-05-12",52,"Safe"
"17723","SA","2013-05-13",44,"Safe"
"17724","SA","2013-05-14",61,"Safe"
"17725","SA","2013-05-15",69,"MinorHazard"
"17726","SA","2013-05-16",39,"Safe"
"17727","SA","2013-05-17",33,"Safe"
"17728","SA","2013-05-18",41,"Safe"
"17729","SA","2013-05-19",37,"Safe"
"17730","SA","2013-05-20",43,"Safe"
"17731","SA","2013-05-21",59,"Safe"
"17732","SA","2013-05-22",52,"Safe"
"17733","SA","2013-05-23",56,"Safe"
"17734","SA","2013-05-24",35,"Safe"
"17735","SA","2013-05-25",39,"Safe"
"17736","SA","2013-05-26",28,"Safe"
"17737","SA","2013-05-27",31,"Safe"
"17738","SA","2013-05-28",39,"Safe"
"17739","SA","2013-05-29",39,"Safe"
"17740","SA","2013-05-30",50,"Safe"
"17741","SA","2013-05-31",59,"Safe"
"17742","SA","2013-06-01",54,"Safe"
"17743","SA","2013-06-02",52,"Safe"
"17744","SA","2013-06-03",30,"Safe"
"17745","SA","2013-06-04",26,"Safe"
"17746","SA","2013-06-05",41,"Safe"
"17747","SA","2013-06-06",54,"Safe"
"17748","SA","2013-06-07",50,"Safe"
"17749","SA","2013-06-08",35,"Safe"
"17750","SA","2013-06-09",39,"Safe"
"17751","SA","2013-06-10",50,"Safe"
"17752","SA","2013-06-11",46,"Safe"
"17753","SA","2013-06-12",50,"Safe"
"17754","SA","2013-06-13",57,"Safe"
"17755","SA","2013-06-14",39,"Safe"
"17756","SA","2013-06-15",35,"Safe"
"17757","SA","2013-06-16",48,"Safe"
"17758","SA","2013-06-17",26,"Safe"
"17759","SA","2013-06-18",24,"Safe"
"17760","SA","2013-06-19",28,"Safe"
"17761","SA","2013-06-20",33,"Safe"
"17762","SA","2013-06-21",44,"Safe"
"17763","SA","2013-06-22",52,"Safe"
"17764","SA","2013-06-23",59,"Safe"
"17765","SA","2013-06-24",31,"Safe"
"17766","SA","2013-06-25",30,"Safe"
"17767","SA","2013-06-26",33,"Safe"
"17768","SA","2013-06-27",48,"Safe"
"17769","SA","2013-06-28",31,"Safe"
"17770","SA","2013-06-29",43,"Safe"
"17771","SA","2013-06-30",46,"Safe"
"17772","SA","2013-07-01",57,"Safe"
"17773","SA","2013-07-02",48,"Safe"
"17774","SA","2013-07-03",50,"Safe"
"17775","SA","2013-07-04",87,"MinorHazard"
"17776","SA","2013-07-05",76,"MinorHazard"
"17777","SA","2013-07-06",44,"Safe"
"17778","SA","2013-07-07",31,"Safe"
"17779","SA","2013-07-08",30,"Safe"
"17780","SA","2013-07-09",31,"Safe"
"17781","SA","2013-07-10",35,"Safe"
"17782","SA","2013-07-11",37,"Safe"
"17783","SA","2013-07-12",39,"Safe"
"17784","SA","2013-07-13",46,"Safe"
"17785","SA","2013-07-14",43,"Safe"
"17786","SA","2013-07-15",31,"Safe"
"17787","SA","2013-07-16",33,"Safe"
"17788","SA","2013-07-17",61,"Safe"
"17789","SA","2013-07-18",76,"MinorHazard"
"17790","SA","2013-07-19",67,"MinorHazard"
"17791","SA","2013-07-20",65,"MinorHazard"
"17792","SA","2013-07-21",54,"Safe"
"17793","SA","2013-07-22",48,"Safe"
"17794","SA","2013-07-23",35,"Safe"
"17795","SA","2013-07-24",28,"Safe"
"17796","SA","2013-07-25",39,"Safe"
"17797","SA","2013-07-26",35,"Safe"
"17798","SA","2013-07-27",54,"Safe"
"17799","SA","2013-07-28",61,"Safe"
"17800","SA","2013-07-29",41,"Safe"
"17801","SA","2013-07-30",28,"Safe"
"17802","SA","2013-07-31",31,"Safe"
"17803","SA","2013-08-01",43,"Safe"
"17804","SA","2013-08-02",72,"MinorHazard"
"17805","SA","2013-08-03",76,"MinorHazard"
"17806","SA","2013-08-04",48,"Safe"
"17807","SA","2013-08-05",72,"MinorHazard"
"17808","SA","2013-08-06",59,"Safe"
"17809","SA","2013-08-07",54,"Safe"
"17810","SA","2013-08-08",59,"Safe"
"17811","SA","2013-08-09",54,"Safe"
"17812","SA","2013-08-10",39,"Safe"
"17813","SA","2013-08-11",50,"Safe"
"17814","SA","2013-08-12",69,"MinorHazard"
"17815","SA","2013-08-13",59,"Safe"
"17816","SA","2013-08-14",78,"MinorHazard"
"17817","SA","2013-08-15",46,"Safe"
"17818","SA","2013-08-16",80,"MinorHazard"
"17819","SA","2013-08-17",63,"MinorHazard"
"17820","SA","2013-08-18",85,"MinorHazard"
"17821","SA","2013-08-19",65,"MinorHazard"
"17822","SA","2013-08-20",54,"Safe"
"17823","SA","2013-08-21",57,"Safe"
"17824","SA","2013-08-22",59,"Safe"
"17825","SA","2013-08-23",54,"Safe"
"17826","SA","2013-08-24",39,"Safe"
"17827","SA","2013-08-25",37,"Safe"
"17828","SA","2013-08-26",35,"Safe"
"17829","SA","2013-08-27",59,"Safe"
"17830","SA","2013-08-28",67,"MinorHazard"
"17831","SA","2013-08-29",94,"Damaging"
"17832","SA","2013-08-30",72,"MinorHazard"
"17833","SA","2013-08-31",46,"Safe"
"17834","SA","2013-09-01",50,"Safe"
"17835","SA","2013-09-02",41,"Safe"
"17836","SA","2013-09-03",52,"Safe"
"17837","SA","2013-09-04",54,"Safe"
"17838","SA","2013-09-05",46,"Safe"
"17839","SA","2013-09-06",39,"Safe"
"17840","SA","2013-09-07",35,"Safe"
"17841","SA","2013-09-08",57,"Safe"
"17842","SA","2013-09-09",80,"MinorHazard"
"17843","SA","2013-09-10",50,"Safe"
"17844","SA","2013-09-11",48,"Safe"
"17845","SA","2013-09-12",63,"MinorHazard"
"17846","SA","2013-09-13",57,"Safe"
"17847","SA","2013-09-14",35,"Safe"
"17848","SA","2013-09-15",65,"MinorHazard"
"17849","SA","2013-09-16",80,"MinorHazard"
"17850","SA","2013-09-17",72,"MinorHazard"
"17851","SA","2013-09-18",72,"MinorHazard"
"17852","SA","2013-09-19",72,"MinorHazard"
"17853","SA","2013-09-20",52,"Safe"
"17854","SA","2013-09-21",50,"Safe"
"17855","SA","2013-09-22",43,"Safe"
"17856","SA","2013-09-23",67,"MinorHazard"
"17857","SA","2013-09-24",57,"Safe"
"17858","SA","2013-09-25",85,"MinorHazard"
"17859","SA","2013-09-26",83,"MinorHazard"
"17860","SA","2013-09-27",59,"Safe"
"17861","SA","2013-09-28",78,"MinorHazard"
"17862","SA","2013-09-29",63,"MinorHazard"
"17863","SA","2013-09-30",100,"Damaging"
"17864","SA","2013-10-01",81,"MinorHazard"
"17865","SA","2013-10-02",104,"Damaging"
"17866","SA","2013-10-03",43,"Safe"
"17867","SA","2013-10-04",50,"Safe"
"17868","SA","2013-10-05",57,"Safe"
"17869","SA","2013-10-06",48,"Safe"
"17870","SA","2013-10-07",44,"Safe"
"17871","SA","2013-10-08",48,"Safe"
"17872","SA","2013-10-09",74,"MinorHazard"
"17873","SA","2013-10-10",63,"MinorHazard"
"17874","SA","2013-10-11",50,"Safe"
"17875","SA","2013-10-12",65,"MinorHazard"
"17876","SA","2013-10-13",76,"MinorHazard"
"17877","SA","2013-10-14",46,"Safe"
"17878","SA","2013-10-15",52,"Safe"
"17879","SA","2013-10-16",76,"MinorHazard"
"17880","SA","2013-10-17",76,"MinorHazard"
"17881","SA","2013-10-18",61,"Safe"
"17882","SA","2013-10-19",56,"Safe"
"17883","SA","2013-10-20",61,"Safe"
"17884","SA","2013-10-21",59,"Safe"
"17885","SA","2013-10-22",91,"Damaging"
"17886","SA","2013-10-23",59,"Safe"
"17887","SA","2013-10-24",56,"Safe"
"17888","SA","2013-10-25",46,"Safe"
"17889","SA","2013-10-26",39,"Safe"
"17890","SA","2013-10-27",57,"Safe"
"17891","SA","2013-10-28",59,"Safe"
"17892","SA","2013-10-29",44,"Safe"
"17893","SA","2013-10-30",44,"Safe"
"17894","SA","2013-10-31",31,"Safe"
"17895","SA","2013-11-01",48,"Safe"
"17896","SA","2013-11-02",48,"Safe"
"17897","SA","2013-11-03",57,"Safe"
"17898","SA","2013-11-04",44,"Safe"
"17899","SA","2013-11-05",39,"Safe"
"17900","SA","2013-11-06",54,"Safe"
"17901","SA","2013-11-07",65,"MinorHazard"
"17902","SA","2013-11-08",63,"MinorHazard"
"17903","SA","2013-11-09",50,"Safe"
"17904","SA","2013-11-10",48,"Safe"
"17905","SA","2013-11-11",48,"Safe"
"17906","SA","2013-11-12",56,"Safe"
"17907","SA","2013-11-13",50,"Safe"
"17908","SA","2013-11-14",48,"Safe"
"17909","SA","2013-11-15",52,"Safe"
"17910","SA","2013-11-16",54,"Safe"
"17911","SA","2013-11-17",46,"Safe"
"17912","SA","2013-11-18",41,"Safe"
"17913","SA","2013-11-19",69,"MinorHazard"
"17914","SA","2013-11-20",57,"Safe"
"17915","SA","2013-11-21",44,"Safe"
"17916","SA","2013-11-22",46,"Safe"
"17917","SA","2013-11-23",52,"Safe"
"17918","SA","2013-11-24",39,"Safe"
"17919","SA","2013-11-25",37,"Safe"
"17920","SA","2013-11-26",35,"Safe"
"17921","SA","2013-11-27",59,"Safe"
"17922","SA","2013-11-28",57,"Safe"
"17923","SA","2013-11-29",52,"Safe"
"17924","SA","2013-11-30",50,"Safe"
"17925","SA","2013-12-01",54,"Safe"
"17926","SA","2013-12-02",37,"Safe"
"17927","SA","2013-12-03",83,"MinorHazard"
"17928","SA","2013-12-04",83,"MinorHazard"
"17929","SA","2013-12-05",61,"Safe"
"17930","SA","2013-12-06",35,"Safe"
"17931","SA","2013-12-07",43,"Safe"
"17932","SA","2013-12-08",57,"Safe"
"17933","SA","2013-12-09",63,"MinorHazard"
"17934","SA","2013-12-10",72,"MinorHazard"
"17935","SA","2013-12-11",54,"Safe"
"17936","SA","2013-12-12",46,"Safe"
"17937","SA","2013-12-13",48,"Safe"
"17938","SA","2013-12-14",44,"Safe"
"17939","SA","2013-12-15",41,"Safe"
"17940","SA","2013-12-16",43,"Safe"
"17941","SA","2013-12-17",41,"Safe"
"17942","SA","2013-12-18",43,"Safe"
"17943","SA","2013-12-19",76,"MinorHazard"
"17944","SA","2013-12-20",74,"MinorHazard"
"17945","SA","2013-12-21",72,"MinorHazard"
"17946","SA","2013-12-22",44,"Safe"
"17947","SA","2013-12-23",56,"Safe"
"17948","SA","2013-12-24",44,"Safe"
"17949","SA","2013-12-25",57,"Safe"
"17950","SA","2013-12-26",57,"Safe"
"17951","SA","2013-12-27",41,"Safe"
"17952","SA","2013-12-28",63,"MinorHazard"
"17953","SA","2013-12-29",48,"Safe"
"17954","SA","2013-12-30",39,"Safe"
"17955","SA","2013-12-31",43,"Safe"
"17956","SA","2014-01-01",74,"MinorHazard"
"17957","SA","2014-01-02",69,"MinorHazard"
"17958","SA","2014-01-03",70,"MinorHazard"
"17959","SA","2014-01-04",56,"Safe"
"17960","SA","2014-01-05",80,"MinorHazard"
"17961","SA","2014-01-06",56,"Safe"
"17962","SA","2014-01-07",52,"Safe"
"17963","SA","2014-01-08",50,"Safe"
"17964","SA","2014-01-09",41,"Safe"
"17965","SA","2014-01-10",48,"Safe"
"17966","SA","2014-01-11",56,"Safe"
"17967","SA","2014-01-12",50,"Safe"
"17968","SA","2014-01-13",61,"Safe"
"17969","SA","2014-01-14",80,"MinorHazard"
"17970","SA","2014-01-15",57,"Safe"
"17971","SA","2014-01-16",56,"Safe"
"17972","SA","2014-01-17",81,"MinorHazard"
"17973","SA","2014-01-18",54,"Safe"
"17974","SA","2014-01-19",57,"Safe"
"17975","SA","2014-01-20",54,"Safe"
"17976","SA","2014-01-21",48,"Safe"
"17977","SA","2014-01-22",50,"Safe"
"17978","SA","2014-01-23",54,"Safe"
"17979","SA","2014-01-24",56,"Safe"
"17980","SA","2014-01-25",46,"Safe"
"17981","SA","2014-01-26",50,"Safe"
"17982","SA","2014-01-27",41,"Safe"
"17983","SA","2014-01-28",81,"MinorHazard"
"17984","SA","2014-01-29",50,"Safe"
"17985","SA","2014-01-30",43,"Safe"
"17986","SA","2014-01-31",67,"MinorHazard"
"17987","SA","2014-02-01",69,"MinorHazard"
"17988","SA","2014-02-02",57,"Safe"
"17989","SA","2014-02-03",69,"MinorHazard"
"17990","SA","2014-02-04",70,"MinorHazard"
"17991","SA","2014-02-05",48,"Safe"
"17992","SA","2014-02-06",56,"Safe"
"17993","SA","2014-02-07",39,"Safe"
"17994","SA","2014-02-08",65,"MinorHazard"
"17995","SA","2014-02-09",70,"MinorHazard"
"17996","SA","2014-02-10",50,"Safe"
"17997","SA","2014-02-11",44,"Safe"
"17998","SA","2014-02-12",70,"MinorHazard"
"17999","SA","2014-02-13",65,"MinorHazard"
"18000","SA","2014-02-14",87,"MinorHazard"
"18001","SA","2014-02-15",59,"Safe"
"18002","SA","2014-02-16",46,"Safe"
"18003","SA","2014-02-17",52,"Safe"
"18004","SA","2014-02-18",46,"Safe"
"18005","SA","2014-02-19",65,"MinorHazard"
"18006","SA","2014-02-20",61,"Safe"
"18007","SA","2014-02-21",48,"Safe"
"18008","SA","2014-02-22",44,"Safe"
"18009","SA","2014-02-23",37,"Safe"
"18010","SA","2014-02-24",37,"Safe"
"18011","SA","2014-02-25",54,"Safe"
"18012","SA","2014-02-26",48,"Safe"
"18013","SA","2014-02-27",50,"Safe"
"18014","SA","2014-02-28",48,"Safe"
"18015","SA","2014-03-01",46,"Safe"
"18016","SA","2014-03-02",44,"Safe"
"18017","SA","2014-03-03",44,"Safe"
"18018","SA","2014-03-04",50,"Safe"
"18019","SA","2014-03-05",52,"Safe"
"18020","SA","2014-03-06",50,"Safe"
"18021","SA","2014-03-07",52,"Safe"
"18022","SA","2014-03-08",48,"Safe"
"18023","SA","2014-03-09",52,"Safe"
"18024","SA","2014-03-10",43,"Safe"
"18025","SA","2014-03-11",65,"MinorHazard"
"18026","SA","2014-03-12",46,"Safe"
"18027","SA","2014-03-13",43,"Safe"
"18028","SA","2014-03-14",46,"Safe"
"18029","SA","2014-03-15",69,"MinorHazard"
"18030","SA","2014-03-16",54,"Safe"
"18031","SA","2014-03-17",48,"Safe"
"18032","SA","2014-03-18",44,"Safe"
"18033","SA","2014-03-19",35,"Safe"
"18034","SA","2014-03-20",37,"Safe"
"18035","SA","2014-03-21",70,"MinorHazard"
"18036","SA","2014-03-22",48,"Safe"
"18037","SA","2014-03-23",61,"Safe"
"18038","SA","2014-03-24",43,"Safe"
"18039","SA","2014-03-25",44,"Safe"
"18040","SA","2014-03-26",39,"Safe"
"18041","SA","2014-03-27",35,"Safe"
"18042","SA","2014-03-28",41,"Safe"
"18043","SA","2014-03-29",35,"Safe"
"18044","SA","2014-03-30",33,"Safe"
"18045","SA","2014-03-31",41,"Safe"
"18046","SA","2014-04-01",63,"MinorHazard"
"18047","SA","2014-04-02",48,"Safe"
"18048","SA","2014-04-03",44,"Safe"
"18049","SA","2014-04-04",39,"Safe"
"18050","SA","2014-04-05",41,"Safe"
"18051","SA","2014-04-06",35,"Safe"
"18052","SA","2014-04-07",59,"Safe"
"18053","SA","2014-04-08",33,"Safe"
"18054","SA","2014-04-09",39,"Safe"
"18055","SA","2014-04-10",50,"Safe"
"18056","SA","2014-04-11",50,"Safe"
"18057","SA","2014-04-12",37,"Safe"
"18058","SA","2014-04-13",39,"Safe"
"18059","SA","2014-04-14",44,"Safe"
"18060","SA","2014-04-15",35,"Safe"
"18061","SA","2014-04-16",37,"Safe"
"18062","SA","2014-04-17",39,"Safe"
"18063","SA","2014-04-18",59,"Safe"
"18064","SA","2014-04-19",35,"Safe"
"18065","SA","2014-04-20",41,"Safe"
"18066","SA","2014-04-21",56,"Safe"
"18067","SA","2014-04-22",46,"Safe"
"18068","SA","2014-04-23",41,"Safe"
"18069","SA","2014-04-24",37,"Safe"
"18070","SA","2014-04-25",43,"Safe"
"18071","SA","2014-04-26",52,"Safe"
"18072","SA","2014-04-27",43,"Safe"
"18073","SA","2014-04-28",56,"Safe"
"18074","SA","2014-04-29",65,"MinorHazard"
"18075","SA","2014-04-30",35,"Safe"
"18076","SA","2014-05-01",43,"Safe"
"18077","SA","2014-05-02",69,"MinorHazard"
"18078","SA","2014-05-03",57,"Safe"
"18079","SA","2014-05-04",33,"Safe"
"18080","SA","2014-05-05",39,"Safe"
"18081","SA","2014-05-06",30,"Safe"
"18082","SA","2014-05-07",39,"Safe"
"18083","SA","2014-05-08",41,"Safe"
"18084","SA","2014-05-09",52,"Safe"
"18085","SA","2014-05-10",31,"Safe"
"18086","SA","2014-05-11",31,"Safe"
"18087","SA","2014-05-12",39,"Safe"
"18088","SA","2014-05-13",31,"Safe"
"18089","SA","2014-05-14",39,"Safe"
"18090","SA","2014-05-15",44,"Safe"
"18091","SA","2014-05-16",41,"Safe"
"18092","SA","2014-05-17",33,"Safe"
"18093","SA","2014-05-18",37,"Safe"
"18094","SA","2014-05-19",30,"Safe"
"18095","SA","2014-05-20",31,"Safe"
"18096","SA","2014-05-21",35,"Safe"
"18097","SA","2014-05-22",44,"Safe"
"18098","SA","2014-05-23",33,"Safe"
"18099","SA","2014-05-24",37,"Safe"
"18100","SA","2014-05-25",50,"Safe"
"18101","SA","2014-05-26",43,"Safe"
"18102","SA","2014-05-27",65,"MinorHazard"
"18103","SA","2014-05-28",46,"Safe"
"18104","SA","2014-05-29",35,"Safe"
"18105","SA","2014-05-30",44,"Safe"
"18106","SA","2014-05-31",39,"Safe"
"18107","SA","2014-06-01",33,"Safe"
"18108","SA","2014-06-02",33,"Safe"
"18109","SA","2014-06-03",31,"Safe"
"18110","SA","2014-06-04",33,"Safe"
"18111","SA","2014-06-05",33,"Safe"
"18112","SA","2014-06-06",31,"Safe"
"18113","SA","2014-06-07",35,"Safe"
"18114","SA","2014-06-08",33,"Safe"
"18115","SA","2014-06-09",31,"Safe"
"18116","SA","2014-06-10",46,"Safe"
"18117","SA","2014-06-11",39,"Safe"
"18118","SA","2014-06-12",46,"Safe"
"18119","SA","2014-06-13",63,"MinorHazard"
"18120","SA","2014-06-14",46,"Safe"
"18121","SA","2014-06-15",33,"Safe"
"18122","SA","2014-06-16",44,"Safe"
"18123","SA","2014-06-17",22,"Safe"
"18124","SA","2014-06-18",46,"Safe"
"18125","SA","2014-06-19",44,"Safe"
"18126","SA","2014-06-20",50,"Safe"
"18127","SA","2014-06-21",35,"Safe"
"18128","SA","2014-06-22",70,"MinorHazard"
"18129","SA","2014-06-23",72,"MinorHazard"
"18130","SA","2014-06-24",96,"Damaging"
"18131","SA","2014-06-25",72,"MinorHazard"
"18132","SA","2014-06-26",56,"Safe"
"18133","SA","2014-06-27",81,"MinorHazard"
"18134","SA","2014-06-28",69,"MinorHazard"
"18135","SA","2014-06-29",52,"Safe"
"18136","SA","2014-06-30",48,"Safe"
"18137","SA","2014-07-01",24,"Safe"
"18138","SA","2014-07-02",33,"Safe"
"18139","SA","2014-07-03",50,"Safe"
"18140","SA","2014-07-04",61,"Safe"
"18141","SA","2014-07-05",50,"Safe"
"18142","SA","2014-07-06",44,"Safe"
"18143","SA","2014-07-07",52,"Safe"
"18144","SA","2014-07-08",72,"MinorHazard"
"18145","SA","2014-07-09",78,"MinorHazard"
"18146","SA","2014-07-10",50,"Safe"
"18147","SA","2014-07-11",50,"Safe"
"18148","SA","2014-07-12",54,"Safe"
"18149","SA","2014-07-13",41,"Safe"
"18150","SA","2014-07-14",44,"Safe"
"18151","SA","2014-07-15",57,"Safe"
"18152","SA","2014-07-16",74,"MinorHazard"
"18153","SA","2014-07-17",74,"MinorHazard"
"18154","SA","2014-07-18",39,"Safe"
"18155","SA","2014-07-19",28,"Safe"
"18156","SA","2014-07-20",39,"Safe"
"18157","SA","2014-07-21",35,"Safe"
"18158","SA","2014-07-22",46,"Safe"
"18159","SA","2014-07-23",59,"Safe"
"18160","SA","2014-07-24",59,"Safe"
"18161","SA","2014-07-25",59,"Safe"
"18162","SA","2014-07-26",30,"Safe"
"18163","SA","2014-07-27",44,"Safe"
"18164","SA","2014-07-28",57,"Safe"
"18165","SA","2014-07-29",85,"MinorHazard"
"18166","SA","2014-07-30",69,"MinorHazard"
"18167","SA","2014-07-31",85,"MinorHazard"
"18168","SA","2014-08-01",80,"MinorHazard"
"18169","SA","2014-08-02",28,"Safe"
"18170","SA","2014-08-03",31,"Safe"
"18171","SA","2014-08-04",37,"Safe"
"18172","SA","2014-08-05",33,"Safe"
"18173","SA","2014-08-06",48,"Safe"
"18174","SA","2014-08-07",28,"Safe"
"18175","SA","2014-08-08",57,"Safe"
"18176","SA","2014-08-09",41,"Safe"
"18177","SA","2014-08-10",57,"Safe"
"18178","SA","2014-08-11",35,"Safe"
"18179","SA","2014-08-12",43,"Safe"
"18180","SA","2014-08-13",50,"Safe"
"18181","SA","2014-08-14",57,"Safe"
"18182","SA","2014-08-15",48,"Safe"
"18183","SA","2014-08-16",52,"Safe"
"18184","SA","2014-08-17",46,"Safe"
"18185","SA","2014-08-18",39,"Safe"
"18186","SA","2014-08-19",31,"Safe"
"18187","SA","2014-08-20",35,"Safe"
"18188","SA","2014-08-21",31,"Safe"
"18189","SA","2014-08-22",43,"Safe"
"18190","SA","2014-08-23",65,"MinorHazard"
"18191","SA","2014-08-24",50,"Safe"
"18192","SA","2014-08-25",33,"Safe"
"18193","SA","2014-08-26",35,"Safe"
"18194","SA","2014-08-27",31,"Safe"
"18195","SA","2014-08-28",37,"Safe"
"18196","SA","2014-08-29",46,"Safe"
"18197","SA","2014-08-30",46,"Safe"
"18198","SA","2014-08-31",56,"Safe"
"18199","SA","2014-09-01",59,"Safe"
"18200","SA","2014-09-02",43,"Safe"
"18201","SA","2014-09-03",39,"Safe"
"18202","SA","2014-09-04",50,"Safe"
"18203","SA","2014-09-05",37,"Safe"
"18204","SA","2014-09-06",37,"Safe"
"18205","SA","2014-09-07",52,"Safe"
"18206","SA","2014-09-08",85,"MinorHazard"
"18207","SA","2014-09-09",81,"MinorHazard"
"18208","SA","2014-09-10",63,"MinorHazard"
"18209","SA","2014-09-11",70,"MinorHazard"
"18210","SA","2014-09-12",31,"Safe"
"18211","SA","2014-09-13",35,"Safe"
"18212","SA","2014-09-14",52,"Safe"
"18213","SA","2014-09-15",59,"Safe"
"18214","SA","2014-09-16",44,"Safe"
"18215","SA","2014-09-17",52,"Safe"
"18216","SA","2014-09-18",35,"Safe"
"18217","SA","2014-09-19",43,"Safe"
"18218","SA","2014-09-20",43,"Safe"
"18219","SA","2014-09-21",46,"Safe"
"18220","SA","2014-09-22",56,"Safe"
"18221","SA","2014-09-23",81,"MinorHazard"
"18222","SA","2014-09-24",48,"Safe"
"18223","SA","2014-09-25",44,"Safe"
"18224","SA","2014-09-26",48,"Safe"
"18225","SA","2014-09-27",50,"Safe"
"18226","SA","2014-09-28",83,"MinorHazard"
"18227","SA","2014-09-29",72,"MinorHazard"
"18228","SA","2014-09-30",81,"MinorHazard"
"18229","SA","2014-10-01",44,"Safe"
"18230","SA","2014-10-02",33,"Safe"
"18231","SA","2014-10-03",35,"Safe"
"18232","SA","2014-10-04",50,"Safe"
"18233","SA","2014-10-05",44,"Safe"
"18234","SA","2014-10-06",85,"MinorHazard"
"18235","SA","2014-10-07",43,"Safe"
"18236","SA","2014-10-08",31,"Safe"
"18237","SA","2014-10-09",44,"Safe"
"18238","SA","2014-10-10",57,"Safe"
"18239","SA","2014-10-11",57,"Safe"
"18240","SA","2014-10-12",56,"Safe"
"18241","SA","2014-10-13",70,"MinorHazard"
"18242","SA","2014-10-14",43,"Safe"
"18243","SA","2014-10-15",41,"Safe"
"18244","SA","2014-10-16",48,"Safe"
"18245","SA","2014-10-17",39,"Safe"
"18246","SA","2014-10-18",54,"Safe"
"18247","SA","2014-10-19",50,"Safe"
"18248","SA","2014-10-20",52,"Safe"
"18249","SA","2014-10-21",54,"Safe"
"18250","SA","2014-10-22",44,"Safe"
"18251","SA","2014-10-23",44,"Safe"
"18252","SA","2014-10-24",57,"Safe"
"18253","SA","2014-10-25",50,"Safe"
"18254","SA","2014-10-26",57,"Safe"
"18255","SA","2014-10-27",69,"MinorHazard"
"18256","SA","2014-10-28",61,"Safe"
"18257","SA","2014-10-29",46,"Safe"
"18258","SA","2014-10-30",52,"Safe"
"18259","SA","2014-10-31",124,"Damaging"
"18260","SA","2014-11-01",83,"MinorHazard"
"18261","SA","2014-11-02",44,"Safe"
"18262","SA","2014-11-03",48,"Safe"
"18263","SA","2014-11-04",54,"Safe"
"18264","SA","2014-11-05",44,"Safe"
"18265","SA","2014-11-06",37,"Safe"
"18266","SA","2014-11-07",56,"Safe"
"18267","SA","2014-11-08",59,"Safe"
"18268","SA","2014-11-09",46,"Safe"
"18269","SA","2014-11-10",46,"Safe"
"18270","SA","2014-11-11",46,"Safe"
"18271","SA","2014-11-12",39,"Safe"
"18272","SA","2014-11-13",69,"MinorHazard"
"18273","SA","2014-11-14",57,"Safe"
"18274","SA","2014-11-15",70,"MinorHazard"
"18275","SA","2014-11-16",48,"Safe"
"18276","SA","2014-11-17",43,"Safe"
"18277","SA","2014-11-18",37,"Safe"
"18278","SA","2014-11-19",54,"Safe"
"18279","SA","2014-11-20",54,"Safe"
"18280","SA","2014-11-21",41,"Safe"
"18281","SA","2014-11-22",61,"Safe"
"18282","SA","2014-11-23",61,"Safe"
"18283","SA","2014-11-24",61,"Safe"
"18284","SA","2014-11-25",50,"Safe"
"18285","SA","2014-11-26",52,"Safe"
"18286","SA","2014-11-27",48,"Safe"
"18287","SA","2014-11-28",41,"Safe"
"18288","SA","2014-11-29",41,"Safe"
"18289","SA","2014-11-30",52,"Safe"
"18290","SA","2014-12-01",43,"Safe"
"18291","SA","2014-12-02",80,"MinorHazard"
"18292","SA","2014-12-03",52,"Safe"
"18293","SA","2014-12-04",43,"Safe"
"18294","SA","2014-12-05",52,"Safe"
"18295","SA","2014-12-06",52,"Safe"
"18296","SA","2014-12-07",39,"Safe"
"18297","SA","2014-12-08",48,"Safe"
"18298","SA","2014-12-09",46,"Safe"
"18299","SA","2014-12-10",65,"MinorHazard"
"18300","SA","2014-12-11",59,"Safe"
"18301","SA","2014-12-12",46,"Safe"
"18302","SA","2014-12-13",61,"Safe"
"18303","SA","2014-12-14",46,"Safe"
"18304","SA","2014-12-15",43,"Safe"
"18305","SA","2014-12-16",80,"MinorHazard"
"18306","SA","2014-12-17",48,"Safe"
"18307","SA","2014-12-18",63,"MinorHazard"
"18308","SA","2014-12-19",44,"Safe"
"18309","SA","2014-12-20",39,"Safe"
"18310","SA","2014-12-21",44,"Safe"
"18311","SA","2014-12-22",59,"Safe"
"18312","SA","2014-12-23",54,"Safe"
"18313","SA","2014-12-24",43,"Safe"
"18314","SA","2014-12-25",59,"Safe"
"18315","SA","2014-12-26",50,"Safe"
"18316","SA","2014-12-27",46,"Safe"
"18317","SA","2014-12-28",46,"Safe"
"18318","SA","2014-12-29",74,"MinorHazard"
"18319","SA","2014-12-30",63,"MinorHazard"
"18320","SA","2014-12-31",43,"Safe"
"18321","SA","2015-01-01",41,"Safe"
"18322","SA","2015-01-02",61,"Safe"
"18323","SA","2015-01-03",76,"MinorHazard"
"18324","SA","2015-01-04",57,"Safe"
"18325","SA","2015-01-05",52,"Safe"
"18326","SA","2015-01-06",72,"MinorHazard"
"18327","SA","2015-01-07",72,"MinorHazard"
"18328","SA","2015-01-08",72,"MinorHazard"
"18329","SA","2015-01-09",46,"Safe"
"18330","SA","2015-01-10",56,"Safe"
"18331","SA","2015-01-11",44,"Safe"
"18332","SA","2015-01-12",46,"Safe"
"18333","SA","2015-01-13",70,"MinorHazard"
"18334","SA","2015-01-14",52,"Safe"
"18335","SA","2015-01-15",46,"Safe"
"18336","SA","2015-01-16",63,"MinorHazard"
"18337","SA","2015-01-17",57,"Safe"
"18338","SA","2015-01-18",54,"Safe"
"18339","SA","2015-01-19",44,"Safe"
"18340","SA","2015-01-20",69,"MinorHazard"
"18341","SA","2015-01-21",54,"Safe"
"18342","SA","2015-01-22",48,"Safe"
"18343","SA","2015-01-23",41,"Safe"
"18344","SA","2015-01-24",67,"MinorHazard"
"18345","SA","2015-01-25",59,"Safe"
"18346","SA","2015-01-26",46,"Safe"
"18347","SA","2015-01-27",54,"Safe"
"18348","SA","2015-01-28",54,"Safe"
"18349","SA","2015-01-29",54,"Safe"
"18350","SA","2015-01-30",52,"Safe"
"18351","SA","2015-01-31",54,"Safe"
"18352","SA","2015-02-01",54,"Safe"
"18353","SA","2015-02-02",56,"Safe"
"18354","SA","2015-02-03",48,"Safe"
"18355","SA","2015-02-04",52,"Safe"
"18356","SA","2015-02-05",50,"Safe"
"18357","SA","2015-02-06",52,"Safe"
"18358","SA","2015-02-07",52,"Safe"
"18359","SA","2015-02-08",54,"Safe"
"18360","SA","2015-02-09",44,"Safe"
"18361","SA","2015-02-10",52,"Safe"
"18362","SA","2015-02-11",59,"Safe"
"18363","SA","2015-02-12",50,"Safe"
"18364","SA","2015-02-13",50,"Safe"
"18365","SA","2015-02-14",57,"Safe"
"18366","SA","2015-02-15",63,"MinorHazard"
"18367","SA","2015-02-16",63,"MinorHazard"
"18368","SA","2015-02-17",48,"Safe"
"18369","SA","2015-02-18",44,"Safe"
"18370","SA","2015-02-19",41,"Safe"
"18371","SA","2015-02-20",37,"Safe"
"18372","SA","2015-02-21",54,"Safe"
"18373","SA","2015-02-22",56,"Safe"
"18374","SA","2015-02-23",56,"Safe"
"18375","SA","2015-02-24",52,"Safe"
"18376","SA","2015-02-25",41,"Safe"
"18377","SA","2015-02-26",39,"Safe"
"18378","SA","2015-02-27",41,"Safe"
"18379","SA","2015-02-28",59,"Safe"
"18380","SA","2015-03-01",56,"Safe"
"18381","SA","2015-03-02",56,"Safe"
"18382","SA","2015-03-03",48,"Safe"
"18383","SA","2015-03-04",61,"Safe"
"18384","SA","2015-03-05",61,"Safe"
"18385","SA","2015-03-06",52,"Safe"
"18386","SA","2015-03-07",46,"Safe"
"18387","SA","2015-03-08",43,"Safe"
"18388","SA","2015-03-09",41,"Safe"
"18389","SA","2015-03-10",39,"Safe"
"18390","SA","2015-03-11",50,"Safe"
"18391","SA","2015-03-12",48,"Safe"
"18392","SA","2015-03-13",48,"Safe"
"18393","SA","2015-03-14",52,"Safe"
"18394","SA","2015-03-15",44,"Safe"
"18395","SA","2015-03-16",46,"Safe"
"18396","SA","2015-03-17",56,"Safe"
"18397","SA","2015-03-18",41,"Safe"
"18398","SA","2015-03-19",59,"Safe"
"18399","SA","2015-03-20",48,"Safe"
"18400","SA","2015-03-21",48,"Safe"
"18401","SA","2015-03-22",52,"Safe"
"18402","SA","2015-03-23",70,"MinorHazard"
"18403","SA","2015-03-24",48,"Safe"
"18404","SA","2015-03-25",63,"MinorHazard"
"18405","SA","2015-03-26",72,"MinorHazard"
"18406","SA","2015-03-27",41,"Safe"
"18407","SA","2015-03-28",31,"Safe"
"18408","SA","2015-03-29",33,"Safe"
"18409","SA","2015-03-30",37,"Safe"
"18410","SA","2015-03-31",31,"Safe"
"18411","SA","2015-04-01",61,"Safe"
"18412","SA","2015-04-02",50,"Safe"
"18413","SA","2015-04-03",52,"Safe"
"18414","SA","2015-04-04",35,"Safe"
"18415","SA","2015-04-05",57,"Safe"
"18416","SA","2015-04-06",63,"MinorHazard"
"18417","SA","2015-04-07",57,"Safe"
"18418","SA","2015-04-08",35,"Safe"
"18419","SA","2015-04-09",35,"Safe"
"18420","SA","2015-04-10",33,"Safe"
"18421","SA","2015-04-11",39,"Safe"
"18422","SA","2015-04-12",41,"Safe"
"18423","SA","2015-04-13",30,"Safe"
"18424","SA","2015-04-14",52,"Safe"
"18425","SA","2015-04-16",56,"Safe"
"18426","SA","2015-04-17",44,"Safe"
"18427","SA","2015-04-18",54,"Safe"
"18428","SA","2015-04-19",56,"Safe"
"18429","SA","2015-04-20",43,"Safe"
"18430","SA","2015-04-21",37,"Safe"
"18431","SA","2015-04-22",35,"Safe"
"18432","SA","2015-04-23",30,"Safe"
"18433","SA","2015-04-24",65,"MinorHazard"
"18434","SA","2015-04-25",59,"Safe"
"18435","SA","2015-04-26",41,"Safe"
"18436","SA","2015-04-27",37,"Safe"
"18437","SA","2015-04-28",35,"Safe"
"18438","SA","2015-04-29",37,"Safe"
"18439","SA","2015-04-30",35,"Safe"
"18440","SA","2015-05-01",33,"Safe"
"18441","SA","2015-05-02",57,"Safe"
"18442","SA","2015-05-03",30,"Safe"
"18443","SA","2015-05-04",67,"MinorHazard"
"18444","SA","2015-05-05",81,"MinorHazard"
"18445","SA","2015-05-06",63,"MinorHazard"
"18446","SA","2015-05-07",59,"Safe"
"18447","SA","2015-05-08",56,"Safe"
"18448","SA","2015-05-09",70,"MinorHazard"
"18449","SA","2015-05-10",65,"MinorHazard"
"18450","SA","2015-05-11",63,"MinorHazard"
"18451","SA","2015-05-12",78,"MinorHazard"
"18452","SA","2015-05-13",61,"Safe"
"18453","SA","2015-05-14",43,"Safe"
"18454","SA","2015-05-15",35,"Safe"
"18455","SA","2015-05-16",28,"Safe"
"18456","SA","2015-05-17",52,"Safe"
"18457","SA","2015-05-19",54,"Safe"
"18458","SA","2015-05-20",54,"Safe"
"18459","SA","2015-05-22",39,"Safe"
"18460","SA","2015-05-23",37,"Safe"
"18461","SA","2015-05-24",33,"Safe"
"18462","SA","2015-05-25",26,"Safe"
"18463","SA","2015-05-26",52,"Safe"
"18464","SA","2015-05-27",41,"Safe"
"18465","SA","2015-05-28",57,"Safe"
"18466","SA","2015-05-29",35,"Safe"
"18467","SA","2015-05-30",52,"Safe"
"18468","SA","2015-05-31",50,"Safe"
"18469","SA","2015-06-01",41,"Safe"
"18470","SA","2015-06-02",31,"Safe"
"18471","SA","2015-06-03",31,"Safe"
"18472","SA","2015-06-04",72,"MinorHazard"
"18473","SA","2015-06-05",39,"Safe"
"18474","SA","2015-06-06",39,"Safe"
"18475","SA","2015-06-07",63,"MinorHazard"
"18476","SA","2015-06-08",67,"MinorHazard"
"18477","SA","2015-06-09",52,"Safe"
"18478","SA","2015-06-10",39,"Safe"
"18479","SA","2015-06-11",37,"Safe"
"18480","SA","2015-06-12",28,"Safe"
"18481","SA","2015-06-13",35,"Safe"
"18482","SA","2015-06-14",33,"Safe"
"18483","SA","2015-06-15",31,"Safe"
"18484","SA","2015-06-16",41,"Safe"
"18485","SA","2015-06-17",48,"Safe"
"18486","SA","2015-06-18",44,"Safe"
"18487","SA","2015-06-19",50,"Safe"
"18488","SA","2015-06-20",31,"Safe"
"18489","SA","2015-06-21",48,"Safe"
"18490","SA","2015-06-22",65,"MinorHazard"
"18491","SA","2015-06-23",50,"Safe"
"18492","SA","2015-06-24",48,"Safe"
"18493","SA","2015-06-25",39,"Safe"
"18494","SA","2015-06-26",41,"Safe"
"18495","SA","2015-06-27",37,"Safe"
"18496","SA","2015-06-28",26,"Safe"
"18497","SA","2015-06-29",24,"Safe"
"18498","SA","2015-06-30",28,"Safe"
"18499","SA","2015-07-01",39,"Safe"
"18500","SA","2015-07-02",46,"Safe"
"18501","SA","2015-07-03",30,"Safe"
"18502","SA","2015-07-04",31,"Safe"
"18503","SA","2015-07-05",35,"Safe"
"18504","SA","2015-07-06",46,"Safe"
"18505","SA","2015-07-07",31,"Safe"
"18506","SA","2015-07-08",31,"Safe"
"18507","SA","2015-07-09",41,"Safe"
"18508","SA","2015-07-10",48,"Safe"
"18509","SA","2015-07-11",72,"MinorHazard"
"18510","SA","2015-07-12",72,"MinorHazard"
"18511","SA","2015-07-13",57,"Safe"
"18512","SA","2015-07-14",70,"MinorHazard"
"18513","SA","2015-07-15",50,"Safe"
"18514","SA","2015-07-16",48,"Safe"
"18515","SA","2015-07-17",41,"Safe"
"18516","SA","2015-07-18",30,"Safe"
"18517","SA","2015-07-19",28,"Safe"
"18518","SA","2015-07-20",43,"Safe"
"18519","SA","2015-07-21",65,"MinorHazard"
"18520","SA","2015-07-22",57,"Safe"
"18521","SA","2015-07-23",43,"Safe"
"18522","SA","2015-07-24",61,"Safe"
"18523","SA","2015-07-25",72,"MinorHazard"
"18524","SA","2015-07-26",70,"MinorHazard"
"18525","SA","2015-07-27",43,"Safe"
"18526","SA","2015-07-28",44,"Safe"
"18527","SA","2015-07-29",54,"Safe"
"18528","SA","2015-07-30",70,"MinorHazard"
"18529","SA","2015-07-31",44,"Safe"
"18530","SA","2015-08-01",54,"Safe"
"18531","SA","2015-08-02",74,"MinorHazard"
"18532","SA","2015-08-03",61,"Safe"
"18533","SA","2015-08-04",48,"Safe"
"18534","SA","2015-08-05",54,"Safe"
"18535","SA","2015-08-06",41,"Safe"
"18536","SA","2015-08-07",26,"Safe"
"18537","SA","2015-08-08",41,"Safe"
"18538","SA","2015-08-09",63,"MinorHazard"
"18539","SA","2015-08-10",67,"MinorHazard"
"18540","SA","2015-08-11",81,"MinorHazard"
"18541","SA","2015-08-12",72,"MinorHazard"
"18542","SA","2015-08-13",37,"Safe"
"18543","SA","2015-08-14",37,"Safe"
"18544","SA","2015-08-15",26,"Safe"
"18545","SA","2015-08-16",54,"Safe"
"18546","SA","2015-08-17",50,"Safe"
"18547","SA","2015-08-18",28,"Safe"
"18548","SA","2015-08-19",61,"Safe"
"18549","SA","2015-08-20",69,"MinorHazard"
"18550","SA","2015-08-21",56,"Safe"
"18551","SA","2015-08-22",33,"Safe"
"18552","SA","2015-08-23",59,"Safe"
"18553","SA","2015-08-24",56,"Safe"
"18554","SA","2015-08-25",48,"Safe"
"18555","SA","2015-08-26",33,"Safe"
"18556","SA","2015-08-27",48,"Safe"
"18557","SA","2015-08-28",41,"Safe"
"18558","SA","2015-08-29",35,"Safe"
"18559","SA","2015-08-30",30,"Safe"
"18560","SA","2015-08-31",35,"Safe"
"18561","SA","2015-09-01",57,"Safe"
"18562","SA","2015-09-02",81,"MinorHazard"
"18563","SA","2015-09-03",46,"Safe"
"18564","SA","2015-09-04",30,"Safe"
"18565","SA","2015-09-05",26,"Safe"
"18566","SA","2015-09-06",69,"MinorHazard"
"18567","SA","2015-09-07",59,"Safe"
"18568","SA","2015-09-08",43,"Safe"
"18569","SA","2015-09-09",33,"Safe"
"18570","SA","2015-09-10",31,"Safe"
"18571","SA","2015-09-11",46,"Safe"
"18572","SA","2015-09-12",41,"Safe"
"18573","SA","2015-09-13",63,"MinorHazard"
"18574","SA","2015-09-14",57,"Safe"
"18575","SA","2015-09-15",54,"Safe"
"18576","SA","2015-09-16",57,"Safe"
"18577","SA","2015-09-17",39,"Safe"
"18578","SA","2015-09-18",35,"Safe"
"18579","SA","2015-09-19",30,"Safe"
"18580","SA","2015-09-20",57,"Safe"
"18581","SA","2015-09-21",54,"Safe"
"18582","SA","2015-09-22",50,"Safe"
"18583","SA","2015-09-23",41,"Safe"
"18584","SA","2015-09-24",39,"Safe"
"18585","SA","2015-09-25",39,"Safe"
"18586","SA","2015-09-26",37,"Safe"
"18587","SA","2015-09-27",35,"Safe"
"18588","SA","2015-09-28",39,"Safe"
"18589","SA","2015-09-29",41,"Safe"
"18590","SA","2015-09-30",52,"Safe"
"18591","SA","2015-10-01",50,"Safe"
"18592","SA","2015-10-02",43,"Safe"
"18593","SA","2015-10-03",57,"Safe"
"18594","SA","2015-10-04",44,"Safe"
"18595","SA","2015-10-05",76,"MinorHazard"
"18596","SA","2015-10-06",65,"MinorHazard"
"18597","SA","2015-10-07",61,"Safe"
"18598","SA","2015-10-08",43,"Safe"
"18599","SA","2015-10-09",48,"Safe"
"18600","SA","2015-10-10",59,"Safe"
"18601","SA","2015-10-11",41,"Safe"
"18602","SA","2015-10-12",44,"Safe"
"18603","SA","2015-10-13",35,"Safe"
"18604","SA","2015-10-14",41,"Safe"
"18605","SA","2015-10-15",57,"Safe"
"18606","SA","2015-10-16",46,"Safe"
"18607","SA","2015-10-17",43,"Safe"
"18608","SA","2015-10-18",44,"Safe"
"18609","SA","2015-10-19",52,"Safe"
"18610","SA","2015-10-20",54,"Safe"
"18611","SA","2015-10-21",54,"Safe"
"18612","SA","2015-10-22",46,"Safe"
"18613","SA","2015-10-23",48,"Safe"
"18614","SA","2015-10-24",52,"Safe"
"18615","SA","2015-10-25",59,"Safe"
"18616","SA","2015-10-26",56,"Safe"
"18617","SA","2015-10-27",48,"Safe"
"18618","SA","2015-10-28",43,"Safe"
"18619","SA","2015-10-29",48,"Safe"
"18620","SA","2015-10-30",46,"Safe"
"18621","SA","2015-10-31",57,"Safe"
"18622","SA","2015-11-01",61,"Safe"
"18623","SA","2015-11-02",37,"Safe"
"18624","SA","2015-11-03",80,"MinorHazard"
"18625","SA","2015-11-04",61,"Safe"
"18626","SA","2015-11-05",43,"Safe"
"18627","SA","2015-11-06",39,"Safe"
"18628","SA","2015-11-07",39,"Safe"
"18629","SA","2015-11-08",31,"Safe"
"18630","SA","2015-11-09",52,"Safe"
"18631","SA","2015-11-10",56,"Safe"
"18632","SA","2015-11-11",46,"Safe"
"18633","SA","2015-11-12",48,"Safe"
"18634","SA","2015-11-13",54,"Safe"
"18635","SA","2015-11-14",50,"Safe"
"18636","SA","2015-11-15",44,"Safe"
"18637","SA","2015-11-16",44,"Safe"
"18638","SA","2015-11-17",57,"Safe"
"18639","SA","2015-11-18",57,"Safe"
"18640","SA","2015-11-19",69,"MinorHazard"
"18641","SA","2015-11-22",48,"Safe"
"18642","SA","2015-11-23",41,"Safe"
"18643","SA","2015-11-24",50,"Safe"
"18644","SA","2015-11-25",74,"MinorHazard"
"18645","SA","2015-11-26",65,"MinorHazard"
"18646","SA","2015-11-27",43,"Safe"
"18647","SA","2015-11-28",44,"Safe"
"18648","SA","2015-11-29",37,"Safe"
"18649","SA","2015-11-30",70,"MinorHazard"
"18650","SA","2015-12-01",70,"MinorHazard"
"18651","SA","2015-12-02",50,"Safe"
"18652","SA","2015-12-03",41,"Safe"
"18653","SA","2015-12-04",41,"Safe"
"18654","SA","2015-12-05",44,"Safe"
"18655","SA","2015-12-06",72,"MinorHazard"
"18656","SA","2015-12-07",122,"Damaging"
"18657","SA","2015-12-08",74,"MinorHazard"
"18658","SA","2015-12-09",43,"Safe"
"18659","SA","2015-12-10",50,"Safe"
"18660","SA","2015-12-11",61,"Safe"
"18661","SA","2015-12-12",43,"Safe"
"18662","SA","2015-12-13",48,"Safe"
"18663","SA","2015-12-14",43,"Safe"
"18664","SA","2015-12-15",65,"MinorHazard"
"18665","SA","2015-12-16",41,"Safe"
"18666","SA","2015-12-17",41,"Safe"
"18667","SA","2015-12-18",48,"Safe"
"18668","SA","2015-12-19",72,"MinorHazard"
"18669","SA","2015-12-20",61,"Safe"
"18670","SA","2015-12-21",67,"MinorHazard"
"18671","SA","2015-12-22",43,"Safe"
"18672","SA","2015-12-23",43,"Safe"
"18673","SA","2015-12-24",50,"Safe"
"18674","SA","2015-12-25",72,"MinorHazard"
"18675","SA","2015-12-26",65,"MinorHazard"
"18676","SA","2015-12-27",50,"Safe"
"18677","SA","2015-12-28",48,"Safe"
"18678","SA","2015-12-29",43,"Safe"
"18679","SA","2015-12-30",50,"Safe"
"18680","SA","2015-12-31",57,"Safe"
"18681","SA","2016-01-01",61,"Safe"
"18682","SA","2016-01-02",57,"Safe"
"18683","SA","2016-01-03",50,"Safe"
"18684","SA","2016-01-04",54,"Safe"
"18685","SA","2016-01-05",48,"Safe"
"18686","SA","2016-01-06",56,"Safe"
"18687","SA","2016-01-07",52,"Safe"
"18688","SA","2016-01-08",48,"Safe"
"18689","SA","2016-01-09",41,"Safe"
"18690","SA","2016-01-10",52,"Safe"
"18691","SA","2016-01-11",72,"MinorHazard"
"18692","SA","2016-01-12",52,"Safe"
"18693","SA","2016-01-13",61,"Safe"
"18694","SA","2016-01-14",61,"Safe"
"18695","SA","2016-01-15",59,"Safe"
"18696","SA","2016-01-16",44,"Safe"
"18697","SA","2016-01-17",50,"Safe"
"18698","SA","2016-01-18",43,"Safe"
"18699","SA","2016-01-19",61,"Safe"
"18700","SA","2016-01-20",48,"Safe"
"18701","SA","2016-01-21",69,"MinorHazard"
"18702","SA","2016-01-22",65,"MinorHazard"
"18703","SA","2016-01-23",56,"Safe"
"18704","SA","2016-01-24",44,"Safe"
"18705","SA","2016-01-25",44,"Safe"
"18706","SA","2016-01-26",43,"Safe"
"18707","SA","2016-01-27",50,"Safe"
"18708","SA","2016-01-28",61,"Safe"
"18709","SA","2016-01-29",63,"MinorHazard"
"18710","SA","2016-01-30",59,"Safe"
"18711","SA","2016-01-31",59,"Safe"
"18712","SA","2016-02-01",81,"MinorHazard"
"18713","SA","2016-02-02",65,"MinorHazard"
"18714","SA","2016-02-03",57,"Safe"
"18715","SA","2016-02-04",65,"MinorHazard"
"18716","SA","2016-02-05",50,"Safe"
"18717","SA","2016-02-06",50,"Safe"
"18718","SA","2016-02-07",50,"Safe"
"18719","SA","2016-02-08",48,"Safe"
"18720","SA","2016-02-09",43,"Safe"
"18721","SA","2016-02-10",44,"Safe"
"18722","SA","2016-02-11",76,"MinorHazard"
"18723","SA","2016-02-12",52,"Safe"
"18724","SA","2016-02-13",46,"Safe"
"18725","SA","2016-02-14",56,"Safe"
"18726","SA","2016-02-15",54,"Safe"
"18727","SA","2016-02-16",50,"Safe"
"18728","SA","2016-02-17",48,"Safe"
"18729","SA","2016-02-18",44,"Safe"
"18730","SA","2016-02-19",56,"Safe"
"18731","SA","2016-02-20",54,"Safe"
"18732","SA","2016-02-21",44,"Safe"
"18733","SA","2016-02-22",37,"Safe"
"18734","SA","2016-02-23",54,"Safe"
"18735","SA","2016-02-24",54,"Safe"
"18736","SA","2016-02-25",52,"Safe"
"18737","SA","2016-02-26",52,"Safe"
"18738","SA","2016-02-27",50,"Safe"
"18739","SA","2016-02-28",43,"Safe"
"18740","SA","2016-02-29",33,"Safe"
"18741","SA","2016-03-01",46,"Safe"
"18742","SA","2016-03-02",48,"Safe"
"18743","SA","2016-03-03",44,"Safe"
"18744","SA","2016-03-04",43,"Safe"
"18745","SA","2016-03-05",50,"Safe"
"18746","SA","2016-03-06",54,"Safe"
"18747","SA","2016-03-07",69,"MinorHazard"
"18748","SA","2016-03-08",72,"MinorHazard"
"18749","SA","2016-03-09",50,"Safe"
"18750","SA","2016-03-10",28,"Safe"
"18751","SA","2016-03-11",33,"Safe"
"18752","SA","2016-03-12",43,"Safe"
"18753","SA","2016-03-13",35,"Safe"
"18754","SA","2016-03-14",50,"Safe"
"18755","SA","2016-03-15",50,"Safe"
"18756","SA","2016-03-16",33,"Safe"
"18757","SA","2016-03-17",74,"MinorHazard"
"18758","SA","2016-03-18",67,"MinorHazard"
"18759","SA","2016-03-19",48,"Safe"
"18760","SA","2016-03-20",37,"Safe"
"18761","SA","2016-03-21",33,"Safe"
"18762","SA","2016-03-22",33,"Safe"
"18763","SA","2016-03-23",33,"Safe"
"18764","SA","2016-03-24",43,"Safe"
"18765","SA","2016-03-25",52,"Safe"
"18766","SA","2016-03-26",44,"Safe"
"18767","SA","2016-03-27",39,"Safe"
"18768","SA","2016-03-28",43,"Safe"
"18769","SA","2016-03-29",41,"Safe"
"18770","SA","2016-03-30",37,"Safe"
"18771","SA","2016-03-31",41,"Safe"
"18772","SA","2016-04-01",61,"Safe"
"18773","SA","2016-04-02",43,"Safe"
"18774","SA","2016-04-03",39,"Safe"
"18775","SA","2016-04-04",37,"Safe"
"18776","SA","2016-04-05",52,"Safe"
"18777","SA","2016-04-06",56,"Safe"
"18778","SA","2016-04-07",31,"Safe"
"18779","SA","2016-04-08",41,"Safe"
"18780","SA","2016-04-09",46,"Safe"
"18781","SA","2016-04-10",52,"Safe"
"18782","SA","2016-04-11",37,"Safe"
"18783","SA","2016-04-12",39,"Safe"
"18784","SA","2016-04-13",37,"Safe"
"18785","SA","2016-04-14",33,"Safe"
"18786","SA","2016-04-15",39,"Safe"
"18787","SA","2016-04-16",46,"Safe"
"18788","SA","2016-04-17",44,"Safe"
"18789","SA","2016-04-18",33,"Safe"
"18790","SA","2016-04-19",46,"Safe"
"18791","SA","2016-04-20",50,"Safe"
"18792","SA","2016-04-21",48,"Safe"
"18793","SA","2016-04-22",44,"Safe"
"18794","SA","2016-04-23",37,"Safe"
"18795","SA","2016-04-24",33,"Safe"
"18796","SA","2016-04-25",44,"Safe"
"18797","SA","2016-04-26",48,"Safe"
"18798","SA","2016-04-27",63,"MinorHazard"
"18799","SA","2016-04-28",50,"Safe"
"18800","SA","2016-04-29",46,"Safe"
"18801","SA","2016-04-30",65,"MinorHazard"
"18802","SA","2016-05-01",70,"MinorHazard"
"18803","SA","2016-05-02",72,"MinorHazard"
"18804","SA","2016-05-03",70,"MinorHazard"
"18805","SA","2016-05-04",41,"Safe"
"18806","SA","2016-05-05",61,"Safe"
"18807","SA","2016-05-06",41,"Safe"
"18808","SA","2016-05-07",61,"Safe"
"18809","SA","2016-05-08",50,"Safe"
"18810","SA","2016-05-09",81,"MinorHazard"
"18811","SA","2016-05-10",63,"MinorHazard"
"18812","SA","2016-05-11",61,"Safe"
"18813","SA","2016-05-12",57,"Safe"
"18814","SA","2016-05-13",44,"Safe"
"18815","SA","2016-05-14",52,"Safe"
"18816","SA","2016-05-15",50,"Safe"
"18817","SA","2016-05-16",57,"Safe"
"18818","SA","2016-05-17",43,"Safe"
"18819","SA","2016-05-18",43,"Safe"
"18820","SA","2016-05-19",57,"Safe"
"18821","SA","2016-05-20",30,"Safe"
"18822","SA","2016-05-21",44,"Safe"
"18823","SA","2016-05-22",69,"MinorHazard"
"18824","SA","2016-05-23",48,"Safe"
"18825","SA","2016-05-24",41,"Safe"
"18826","SA","2016-05-25",46,"Safe"
"18827","SA","2016-05-26",41,"Safe"
"18828","SA","2016-05-27",76,"MinorHazard"
"18829","SA","2016-05-28",37,"Safe"
"18830","SA","2016-05-29",37,"Safe"
"18831","SA","2016-05-30",46,"Safe"
"18832","SA","2016-05-31",37,"Safe"
"18833","SA","2016-06-01",22,"Safe"
"18834","SA","2016-06-02",22,"Safe"
"18835","SA","2016-06-03",28,"Safe"
"18836","SA","2016-06-04",31,"Safe"
"18837","SA","2016-06-05",54,"Safe"
"18838","SA","2016-06-06",65,"MinorHazard"
"18839","SA","2016-06-07",46,"Safe"
"18840","SA","2016-06-08",70,"MinorHazard"
"18841","SA","2016-06-09",80,"MinorHazard"
"18842","SA","2016-06-10",48,"Safe"
"18843","SA","2016-06-11",48,"Safe"
"18844","SA","2016-06-12",30,"Safe"
"18845","SA","2016-06-13",41,"Safe"
"18846","SA","2016-06-14",37,"Safe"
"18847","SA","2016-06-15",43,"Safe"
"18848","SA","2016-06-16",46,"Safe"
"18849","SA","2016-06-17",48,"Safe"
"18850","SA","2016-06-18",44,"Safe"
"18851","SA","2016-06-19",33,"Safe"
"18852","SA","2016-06-20",33,"Safe"
"18853","SA","2016-06-21",65,"MinorHazard"
"18854","SA","2016-06-22",48,"Safe"
"18855","SA","2016-06-23",67,"MinorHazard"
"18856","SA","2016-06-24",69,"MinorHazard"
"18857","SA","2016-06-25",31,"Safe"
"18858","SA","2016-06-26",48,"Safe"
"18859","SA","2016-06-27",37,"Safe"
"18860","SA","2016-06-28",35,"Safe"
"18861","SA","2016-06-29",57,"Safe"
"18862","SA","2016-06-30",76,"MinorHazard"
"18863","SA","2016-07-01",39,"Safe"
"18864","SA","2016-07-02",39,"Safe"
"18865","SA","2016-07-03",37,"Safe"
"18866","SA","2016-07-04",54,"Safe"
"18867","SA","2016-07-05",57,"Safe"
"18868","SA","2016-07-06",43,"Safe"
"18869","SA","2016-07-07",26,"Safe"
"18870","SA","2016-07-08",28,"Safe"
"18871","SA","2016-07-09",61,"Safe"
"18872","SA","2016-07-10",72,"MinorHazard"
"18873","SA","2016-07-11",83,"MinorHazard"
"18874","SA","2016-07-12",104,"Damaging"
"18875","SA","2016-07-13",67,"MinorHazard"
"18876","SA","2016-07-14",50,"Safe"
"18877","SA","2016-07-15",30,"Safe"
"18878","SA","2016-07-16",30,"Safe"
"18879","SA","2016-07-17",52,"Safe"
"18880","SA","2016-07-18",43,"Safe"
"18881","SA","2016-07-19",33,"Safe"
"18882","SA","2016-07-20",30,"Safe"
"18883","SA","2016-07-21",52,"Safe"
"18884","SA","2016-07-22",85,"MinorHazard"
"18885","SA","2016-07-23",72,"MinorHazard"
"18886","SA","2016-07-24",69,"MinorHazard"
"18887","SA","2016-07-25",91,"Damaging"
"18888","SA","2016-07-26",69,"MinorHazard"
"18889","SA","2016-07-27",54,"Safe"
"18890","SA","2016-07-28",50,"Safe"
"18891","SA","2016-07-29",41,"Safe"
"18892","SA","2016-07-30",52,"Safe"
"18893","SA","2016-07-31",44,"Safe"
"18894","SA","2016-08-01",57,"Safe"
"18895","SA","2016-08-02",48,"Safe"
"18896","SA","2016-08-03",81,"MinorHazard"
"18897","SA","2016-08-04",28,"Safe"
"18898","SA","2016-08-05",31,"Safe"
"18899","SA","2016-08-06",39,"Safe"
"18900","SA","2016-08-07",44,"Safe"
"18901","SA","2016-08-08",50,"Safe"
"18902","SA","2016-08-09",80,"MinorHazard"
"18903","SA","2016-08-10",72,"MinorHazard"
"18904","SA","2016-08-11",41,"Safe"
"18905","SA","2016-08-12",69,"MinorHazard"
"18906","SA","2016-08-13",52,"Safe"
"18907","SA","2016-08-14",37,"Safe"
"18908","SA","2016-08-15",46,"Safe"
"18909","SA","2016-08-16",57,"Safe"
"18910","SA","2016-08-17",46,"Safe"
"18911","SA","2016-08-18",67,"MinorHazard"
"18912","SA","2016-08-19",76,"MinorHazard"
"18913","SA","2016-08-20",56,"Safe"
"18914","SA","2016-08-21",37,"Safe"
"18915","SA","2016-08-22",30,"Safe"
"18916","SA","2016-08-23",30,"Safe"
"18917","SA","2016-08-24",35,"Safe"
"18918","SA","2016-08-25",35,"Safe"
"18919","SA","2016-08-26",37,"Safe"
"18920","SA","2016-08-27",50,"Safe"
"18921","SA","2016-08-28",67,"MinorHazard"
"18922","SA","2016-08-29",69,"MinorHazard"
"18923","SA","2016-08-30",50,"Safe"
"18924","SA","2016-08-31",46,"Safe"
"18925","SA","2016-09-01",31,"Safe"
"18926","SA","2016-09-02",52,"Safe"
"18927","SA","2016-09-03",59,"Safe"
"18928","SA","2016-09-04",44,"Safe"
"18929","SA","2016-09-05",35,"Safe"
"18930","SA","2016-09-06",39,"Safe"
"18931","SA","2016-09-07",52,"Safe"
"18932","SA","2016-09-08",65,"MinorHazard"
"18933","SA","2016-09-09",56,"Safe"
"18934","SA","2016-09-10",35,"Safe"
"18935","SA","2016-09-11",39,"Safe"
"18936","SA","2016-09-12",48,"Safe"
"18937","SA","2016-09-13",59,"Safe"
"18938","SA","2016-09-14",72,"MinorHazard"
"18939","SA","2016-09-15",43,"Safe"
"18940","SA","2016-09-16",50,"Safe"
"18941","SA","2016-09-17",50,"Safe"
"18942","SA","2016-09-18",44,"Safe"
"18943","SA","2016-09-19",48,"Safe"
"18944","SA","2016-09-20",80,"MinorHazard"
"18945","SA","2016-09-21",52,"Safe"
"18946","SA","2016-09-22",28,"Safe"
"18947","SA","2016-09-23",50,"Safe"
"18948","SA","2016-09-24",74,"MinorHazard"
"18949","SA","2016-09-25",37,"Safe"
"18950","SA","2016-09-26",59,"Safe"
"18951","SA","2016-09-27",44,"Safe"
"18952","SA","2016-09-28",96,"Damaging"
"18953","SA","2016-09-29",91,"Damaging"
"18954","SA","2016-09-30",70,"MinorHazard"
"18955","SA","2016-10-01",57,"Safe"
"18956","SA","2016-10-02",67,"MinorHazard"
"18957","SA","2016-10-03",83,"MinorHazard"
"18958","SA","2016-10-04",93,"Damaging"
"18959","SA","2016-10-05",69,"MinorHazard"
"18960","SA","2016-10-06",57,"Safe"
"18961","SA","2016-10-07",63,"MinorHazard"
"18962","SA","2016-10-08",37,"Safe"
"18963","SA","2016-10-09",76,"MinorHazard"
"18964","SA","2016-10-10",65,"MinorHazard"
"18965","SA","2016-10-11",50,"Safe"
"18966","SA","2016-10-12",50,"Safe"
"18967","SA","2016-10-13",30,"Safe"
"18968","SA","2016-10-14",46,"Safe"
"18969","SA","2016-10-15",72,"MinorHazard"
"18970","SA","2016-10-16",80,"MinorHazard"
"18971","SA","2016-10-17",56,"Safe"
"18972","SA","2016-10-18",67,"MinorHazard"
"18973","SA","2016-10-19",41,"Safe"
"18974","SA","2016-10-20",85,"MinorHazard"
"18975","SA","2016-10-21",57,"Safe"
"18976","SA","2016-10-22",54,"Safe"
"18977","SA","2016-10-23",37,"Safe"
"18978","SA","2016-10-24",46,"Safe"
"18979","SA","2016-10-25",67,"MinorHazard"
"18980","SA","2016-10-26",50,"Safe"
"18981","SA","2016-10-27",44,"Safe"
"18982","SA","2016-10-28",39,"Safe"
"18983","SA","2016-10-29",56,"Safe"
"18984","SA","2016-10-30",89,"MinorHazard"
"18985","SA","2016-10-31",56,"Safe"
"18986","SA","2016-11-01",54,"Safe"
"18987","SA","2016-11-02",48,"Safe"
"18988","SA","2016-11-03",41,"Safe"
"18989","SA","2016-11-04",72,"MinorHazard"
"18990","SA","2016-11-05",70,"MinorHazard"
"18991","SA","2016-11-06",44,"Safe"
"18992","SA","2016-11-07",67,"MinorHazard"
"18993","SA","2016-11-08",48,"Safe"
"18994","SA","2016-11-09",46,"Safe"
"18995","SA","2016-11-10",41,"Safe"
"18996","SA","2016-11-11",74,"MinorHazard"
"18997","SA","2016-11-12",72,"MinorHazard"
"18998","SA","2016-11-13",83,"MinorHazard"
"18999","SA","2016-11-14",46,"Safe"
"19000","SA","2016-11-15",43,"Safe"
"19001","SA","2016-11-16",35,"Safe"
"19002","SA","2016-11-17",67,"MinorHazard"
"19003","SA","2016-11-18",43,"Safe"
"19004","SA","2016-11-19",41,"Safe"
"19005","SA","2016-11-20",43,"Safe"
"19006","SA","2016-11-21",63,"MinorHazard"
"19007","SA","2016-11-22",57,"Safe"
"19008","SA","2016-11-23",52,"Safe"
"19009","SA","2016-11-24",44,"Safe"
"19010","SA","2016-11-25",44,"Safe"
"19011","SA","2016-11-26",43,"Safe"
"19012","SA","2016-11-27",39,"Safe"
"19013","SA","2016-11-28",57,"Safe"
"19014","SA","2016-11-29",48,"Safe"
"19015","SA","2016-11-30",69,"MinorHazard"
"19016","SA","2016-12-01",56,"Safe"
"19017","SA","2016-12-02",50,"Safe"
"19018","SA","2016-12-03",37,"Safe"
"19019","SA","2016-12-04",80,"MinorHazard"
"19020","SA","2016-12-05",52,"Safe"
"19021","SA","2016-12-06",37,"Safe"
"19022","SA","2016-12-07",56,"Safe"
"19023","SA","2016-12-08",78,"MinorHazard"
"19024","SA","2016-12-09",43,"Safe"
"19025","SA","2016-12-10",35,"Safe"
"19026","SA","2016-12-11",35,"Safe"
"19027","SA","2016-12-12",54,"Safe"
"19028","SA","2016-12-13",67,"MinorHazard"
"19029","SA","2016-12-14",59,"Safe"
"19030","SA","2016-12-15",50,"Safe"
"19031","SA","2016-12-16",48,"Safe"
"19032","SA","2016-12-17",56,"Safe"
"19033","SA","2016-12-18",46,"Safe"
"19034","SA","2016-12-19",59,"Safe"
"19035","SA","2016-12-20",52,"Safe"
"19036","SA","2016-12-21",50,"Safe"
"19037","SA","2016-12-22",43,"Safe"
"19038","SA","2016-12-23",76,"MinorHazard"
"19039","SA","2016-12-24",41,"Safe"
"19040","SA","2016-12-25",48,"Safe"
"19041","SA","2016-12-26",61,"Safe"
"19042","SA","2016-12-27",93,"Damaging"
"19043","SA","2016-12-28",81,"MinorHazard"
"19044","SA","2016-12-29",48,"Safe"
"19045","SA","2016-12-30",54,"Safe"
"19046","SA","2016-12-31",57,"Safe"
"19047","SA","2017-01-01",57,"Safe"
"19048","SA","2017-01-02",54,"Safe"
"19049","SA","2017-01-03",48,"Safe"
"19050","SA","2017-01-04",46,"Safe"
"19051","SA","2017-01-05",59,"Safe"
"19052","SA","2017-01-06",39,"Safe"
"19053","SA","2017-01-07",69,"MinorHazard"
"19054","SA","2017-01-08",50,"Safe"
"19055","SA","2017-01-09",50,"Safe"
"19056","SA","2017-01-10",39,"Safe"
"19057","SA","2017-01-11",56,"Safe"
"19058","SA","2017-01-12",39,"Safe"
"19059","SA","2017-01-13",61,"Safe"
"19060","SA","2017-01-14",61,"Safe"
"19061","SA","2017-01-15",46,"Safe"
"19062","SA","2017-01-16",50,"Safe"
"19063","SA","2017-01-17",57,"Safe"
"19064","SA","2017-01-18",67,"MinorHazard"
"19065","SA","2017-01-19",74,"MinorHazard"
"19066","SA","2017-01-20",54,"Safe"
"19067","SA","2017-01-21",39,"Safe"
"19068","SA","2017-01-22",48,"Safe"
"19069","SA","2017-01-23",91,"Damaging"
"19070","SA","2017-01-24",52,"Safe"
"19071","SA","2017-01-25",44,"Safe"
"19072","SA","2017-01-26",43,"Safe"
"19073","SA","2017-01-27",35,"Safe"
"19074","SA","2017-01-28",35,"Safe"
"19075","SA","2017-01-29",31,"Safe"
"19076","SA","2017-01-30",59,"Safe"
"19077","SA","2017-01-31",48,"Safe"
"19078","SA","2017-02-01",43,"Safe"
"19079","SA","2017-02-03",39,"Safe"
"19080","SA","2017-02-04",54,"Safe"
"19081","SA","2017-02-05",52,"Safe"
"19082","SA","2017-02-06",52,"Safe"
"19083","SA","2017-02-08",54,"Safe"
"19084","SA","2017-02-09",46,"Safe"
"19085","SA","2017-02-10",43,"Safe"
"19086","SA","2017-02-11",54,"Safe"
"19087","SA","2017-02-12",61,"Safe"
"19088","SA","2017-02-13",61,"Safe"
"19089","SA","2017-02-14",37,"Safe"
"19090","SA","2017-02-15",59,"Safe"
"19091","SA","2017-02-16",48,"Safe"
"19092","SA","2017-02-17",52,"Safe"
"19093","SA","2017-02-18",63,"MinorHazard"
"19094","SA","2017-02-19",57,"Safe"
"19095","SA","2017-02-20",41,"Safe"
"19096","SA","2017-02-21",43,"Safe"
"19097","SA","2017-02-22",80,"MinorHazard"
"19098","SA","2017-02-23",57,"Safe"
"19099","SA","2017-02-24",46,"Safe"
"19100","SA","2017-02-25",54,"Safe"
"19101","SA","2017-02-26",43,"Safe"
"19102","SA","2017-02-27",37,"Safe"
"19103","SA","2017-02-28",43,"Safe"
"19104","SA","2017-03-01",57,"Safe"
"19105","SA","2017-03-02",48,"Safe"
"19106","SA","2017-03-03",41,"Safe"
"19107","SA","2017-03-04",48,"Safe"
"19108","SA","2017-03-05",48,"Safe"
"19109","SA","2017-03-06",44,"Safe"
"19110","SA","2017-03-07",41,"Safe"
"19111","SA","2017-03-08",35,"Safe"
"19112","SA","2017-03-09",43,"Safe"
"19113","SA","2017-03-11",54,"Safe"
"19114","SA","2017-03-12",61,"Safe"
"19115","SA","2017-03-13",44,"Safe"
"19116","SA","2017-03-14",35,"Safe"
"19117","SA","2017-03-16",59,"Safe"
"19118","SA","2017-03-17",48,"Safe"
"19119","SA","2017-03-18",35,"Safe"
"19120","SA","2017-03-19",39,"Safe"
"19121","SA","2017-03-20",54,"Safe"
"19122","SA","2017-03-21",54,"Safe"
"19123","SA","2017-03-22",48,"Safe"
"19124","SA","2017-03-23",46,"Safe"
"19125","SA","2017-03-24",35,"Safe"
"19126","SA","2017-03-25",35,"Safe"
"19127","SA","2017-03-26",50,"Safe"
"19128","SA","2017-03-27",61,"Safe"
"19129","SA","2017-03-28",44,"Safe"
"19130","SA","2017-03-29",61,"Safe"
"19131","SA","2017-03-30",54,"Safe"
"19132","SA","2017-03-31",43,"Safe"
"19133","SA","2017-04-01",46,"Safe"
"19134","SA","2017-04-02",43,"Safe"
"19135","SA","2017-04-03",35,"Safe"
"19136","SA","2017-04-04",35,"Safe"
"19137","SA","2017-04-05",37,"Safe"
"19138","SA","2017-04-06",35,"Safe"
"19139","SA","2017-04-07",54,"Safe"
"19140","SA","2017-04-08",54,"Safe"
"19141","SA","2017-04-09",65,"MinorHazard"
"19142","SA","2017-04-10",43,"Safe"
"19143","SA","2017-04-11",31,"Safe"
"19144","SA","2017-04-12",30,"Safe"
"19145","SA","2017-04-13",31,"Safe"
"19146","SA","2017-04-14",33,"Safe"
"19147","SA","2017-04-15",30,"Safe"
"19148","SA","2017-04-16",31,"Safe"
"19149","SA","2017-04-17",28,"Safe"
"19150","SA","2017-04-18",46,"Safe"
"19151","SA","2017-04-19",46,"Safe"
"19152","SA","2017-04-20",43,"Safe"
"19153","SA","2017-04-21",26,"Safe"
"19154","SA","2017-04-22",26,"Safe"
"19155","SA","2017-04-23",28,"Safe"
"19156","SA","2017-04-24",37,"Safe"
"19157","SA","2017-04-25",65,"MinorHazard"
"19158","SA","2017-04-26",65,"MinorHazard"
"19159","SA","2017-04-27",39,"Safe"
"19160","SA","2017-04-28",46,"Safe"
"19161","SA","2017-04-29",31,"Safe"
"19162","SA","2017-04-30",31,"Safe"
"19163","SA","2017-05-01",43,"Safe"
"19164","SA","2017-05-02",46,"Safe"
"19165","SA","2017-05-03",31,"Safe"
"19166","SA","2017-05-04",22,"Safe"
"19167","SA","2017-05-05",35,"Safe"
"19168","SA","2017-05-06",57,"Safe"
"19169","SA","2017-05-07",43,"Safe"
"19170","SA","2017-05-08",33,"Safe"
"19171","SA","2017-05-09",31,"Safe"
"19172","SA","2017-05-10",28,"Safe"
"19173","SA","2017-05-11",20,"Safe"
"19174","SA","2017-05-12",35,"Safe"
"19175","SA","2017-05-13",35,"Safe"
"19176","SA","2017-05-14",31,"Safe"
"19177","SA","2017-05-15",44,"Safe"
"19178","SA","2017-05-16",69,"MinorHazard"
"19179","SA","2017-05-17",43,"Safe"
"19180","SA","2017-05-18",30,"Safe"
"19181","SA","2017-05-19",35,"Safe"
"19182","SA","2017-05-20",39,"Safe"
"19183","SA","2017-05-21",39,"Safe"
"19184","SA","2017-05-22",63,"MinorHazard"
"19185","SA","2017-05-23",44,"Safe"
"19186","SA","2017-05-24",52,"Safe"
"19187","SA","2017-05-25",46,"Safe"
"19188","SA","2017-05-26",30,"Safe"
"19189","SA","2017-05-27",61,"Safe"
"19190","SA","2017-05-28",56,"Safe"
"19191","SA","2017-05-29",48,"Safe"
"19192","SA","2017-05-30",57,"Safe"
"19193","SA","2017-05-31",31,"Safe"
"19194","SA","2017-06-01",30,"Safe"
"19195","SA","2017-06-02",28,"Safe"
"19196","SA","2017-06-03",26,"Safe"
"19197","SA","2017-06-04",30,"Safe"
"19198","SA","2017-06-05",50,"Safe"
"19199","SA","2017-06-06",35,"Safe"
"19200","SA","2017-06-07",31,"Safe"
"19201","SA","2017-06-08",39,"Safe"
"19202","SA","2017-06-09",39,"Safe"
"19203","SA","2017-06-10",26,"Safe"
"19204","SA","2017-06-11",31,"Safe"
"19205","SA","2017-06-12",30,"Safe"
"19206","SA","2017-06-13",26,"Safe"
"19207","SA","2017-06-14",37,"Safe"
"19208","SA","2017-06-15",26,"Safe"
"19209","SA","2017-06-16",24,"Safe"
"19210","SA","2017-06-17",33,"Safe"
"19211","SA","2017-06-18",28,"Safe"
"19212","SA","2017-06-19",50,"Safe"
"19213","SA","2017-06-20",41,"Safe"
"19214","SA","2017-06-21",22,"Safe"
"19215","SA","2017-06-22",31,"Safe"
"19216","SA","2017-06-23",37,"Safe"
"19217","SA","2017-06-24",33,"Safe"
"19218","SA","2009-02-13",57,"Safe"
"19219","SA","2009-03-10",52,"Safe"
"19220","SA","2009-03-11",48,"Safe"
"19221","SA","2009-08-19",52,"Safe"
"19222","SA","2010-03-15",43,"Safe"
"19223","SA","2010-04-27",35,"Safe"
"19224","SA","2010-08-16",61,"Safe"
"19225","SA","2011-03-16",46,"Safe"
"19226","SA","2011-03-18",44,"Safe"
"19227","SA","2011-08-25",59,"Safe"
"19228","SA","2012-02-13",37,"Safe"
"19229","SA","2012-06-28",50,"Safe"
"19230","SA","2015-04-15",39,"Safe"
"19231","SA","2015-05-18",41,"Safe"
"19232","SA","2015-05-21",48,"Safe"
"19233","SA","2015-11-20",61,"Safe"
"19234","SA","2015-11-21",50,"Safe"
"19235","SA","2017-02-07",46,"Safe"
"19236","SA","2017-03-10",37,"Safe"
"19237","SA","2017-03-15",65,"MinorHazard"
"19238","SA","2017-02-02",48,"Safe"
"19239","TAS","2008-07-01",81,"MinorHazard"
"19240","TAS","2008-07-02",83,"MinorHazard"
"19241","TAS","2008-07-03",100,"Damaging"
"19242","TAS","2008-07-04",28,"Safe"
"19243","TAS","2008-07-05",28,"Safe"
"19244","TAS","2008-07-06",41,"Safe"
"19245","TAS","2008-07-07",39,"Safe"
"19246","TAS","2008-07-08",24,"Safe"
"19247","TAS","2008-07-09",35,"Safe"
"19248","TAS","2008-07-10",44,"Safe"
"19249","TAS","2008-07-11",52,"Safe"
"19250","TAS","2008-07-12",43,"Safe"
"19251","TAS","2008-07-13",30,"Safe"
"19252","TAS","2008-07-14",28,"Safe"
"19253","TAS","2008-07-15",26,"Safe"
"19254","TAS","2008-07-16",17,"Safe"
"19255","TAS","2008-07-17",20,"Safe"
"19256","TAS","2008-07-18",46,"Safe"
"19257","TAS","2008-07-19",41,"Safe"
"19258","TAS","2008-07-20",28,"Safe"
"19259","TAS","2008-07-21",65,"MinorHazard"
"19260","TAS","2008-07-22",52,"Safe"
"19261","TAS","2008-07-23",30,"Safe"
"19262","TAS","2008-07-24",30,"Safe"
"19263","TAS","2008-07-25",30,"Safe"
"19264","TAS","2008-07-26",30,"Safe"
"19265","TAS","2008-07-27",37,"Safe"
"19266","TAS","2008-07-28",39,"Safe"
"19267","TAS","2008-07-29",28,"Safe"
"19268","TAS","2008-07-30",28,"Safe"
"19269","TAS","2008-07-31",35,"Safe"
"19270","TAS","2008-08-01",33,"Safe"
"19271","TAS","2008-08-02",57,"Safe"
"19272","TAS","2008-08-03",33,"Safe"
"19273","TAS","2008-08-04",35,"Safe"
"19274","TAS","2008-08-05",35,"Safe"
"19275","TAS","2008-08-06",28,"Safe"
"19276","TAS","2008-08-07",20,"Safe"
"19277","TAS","2008-08-08",24,"Safe"
"19278","TAS","2008-08-09",28,"Safe"
"19279","TAS","2008-08-10",22,"Safe"
"19280","TAS","2008-08-11",50,"Safe"
"19281","TAS","2008-08-12",63,"MinorHazard"
"19282","TAS","2008-08-13",78,"MinorHazard"
"19283","TAS","2008-08-14",57,"Safe"
"19284","TAS","2008-08-15",44,"Safe"
"19285","TAS","2008-08-16",61,"Safe"
"19286","TAS","2008-08-17",33,"Safe"
"19287","TAS","2008-08-18",56,"Safe"
"19288","TAS","2008-08-19",91,"Damaging"
"19289","TAS","2008-08-20",39,"Safe"
"19290","TAS","2008-08-21",54,"Safe"
"19291","TAS","2008-08-22",28,"Safe"
"19292","TAS","2008-08-23",50,"Safe"
"19293","TAS","2008-08-24",33,"Safe"
"19294","TAS","2008-08-25",35,"Safe"
"19295","TAS","2008-08-26",37,"Safe"
"19296","TAS","2008-08-27",26,"Safe"
"19297","TAS","2008-08-28",22,"Safe"
"19298","TAS","2008-08-29",31,"Safe"
"19299","TAS","2008-08-30",52,"Safe"
"19300","TAS","2008-08-31",54,"Safe"
"19301","TAS","2008-09-01",63,"MinorHazard"
"19302","TAS","2008-09-02",74,"MinorHazard"
"19303","TAS","2008-09-03",33,"Safe"
"19304","TAS","2008-09-04",31,"Safe"
"19305","TAS","2008-09-05",39,"Safe"
"19306","TAS","2008-09-06",37,"Safe"
"19307","TAS","2008-09-07",50,"Safe"
"19308","TAS","2008-09-08",52,"Safe"
"19309","TAS","2008-09-09",31,"Safe"
"19310","TAS","2008-09-10",28,"Safe"
"19311","TAS","2008-09-11",52,"Safe"
"19312","TAS","2008-09-12",87,"MinorHazard"
"19313","TAS","2008-09-13",93,"Damaging"
"19314","TAS","2008-09-14",87,"MinorHazard"
"19315","TAS","2008-09-15",83,"MinorHazard"
"19316","TAS","2008-09-16",59,"Safe"
"19317","TAS","2008-09-17",43,"Safe"
"19318","TAS","2008-09-19",67,"MinorHazard"
"19319","TAS","2008-09-20",85,"MinorHazard"
"19320","TAS","2008-09-21",98,"Damaging"
"19321","TAS","2008-09-22",80,"MinorHazard"
"19322","TAS","2008-09-23",70,"MinorHazard"
"19323","TAS","2008-09-24",54,"Safe"
"19324","TAS","2008-09-26",106,"Damaging"
"19325","TAS","2008-09-27",39,"Safe"
"19326","TAS","2008-09-28",72,"MinorHazard"
"19327","TAS","2008-09-29",48,"Safe"
"19328","TAS","2008-09-30",56,"Safe"
"19329","TAS","2008-10-01",57,"Safe"
"19330","TAS","2008-10-02",59,"Safe"
"19331","TAS","2008-10-03",50,"Safe"
"19332","TAS","2008-10-04",48,"Safe"
"19333","TAS","2008-10-05",70,"MinorHazard"
"19334","TAS","2008-10-06",61,"Safe"
"19335","TAS","2008-10-07",87,"MinorHazard"
"19336","TAS","2008-10-08",59,"Safe"
"19337","TAS","2008-10-09",74,"MinorHazard"
"19338","TAS","2008-10-10",46,"Safe"
"19339","TAS","2008-10-11",33,"Safe"
"19340","TAS","2008-10-12",39,"Safe"
"19341","TAS","2008-10-13",87,"MinorHazard"
"19342","TAS","2008-10-14",50,"Safe"
"19343","TAS","2008-10-15",59,"Safe"
"19344","TAS","2008-10-16",33,"Safe"
"19345","TAS","2008-10-17",41,"Safe"
"19346","TAS","2008-10-18",44,"Safe"
"19347","TAS","2008-10-19",50,"Safe"
"19348","TAS","2008-10-22",48,"Safe"
"19349","TAS","2008-10-23",33,"Safe"
"19350","TAS","2008-10-24",37,"Safe"
"19351","TAS","2008-10-25",57,"Safe"
"19352","TAS","2008-10-26",57,"Safe"
"19353","TAS","2008-10-27",44,"Safe"
"19354","TAS","2008-10-30",30,"Safe"
"19355","TAS","2008-10-31",52,"Safe"
"19356","TAS","2008-11-01",37,"Safe"
"19357","TAS","2008-11-02",39,"Safe"
"19358","TAS","2008-11-03",56,"Safe"
"19359","TAS","2008-11-04",56,"Safe"
"19360","TAS","2008-11-05",35,"Safe"
"19361","TAS","2008-11-06",31,"Safe"
"19362","TAS","2008-11-07",48,"Safe"
"19363","TAS","2008-11-08",91,"Damaging"
"19364","TAS","2008-11-09",69,"MinorHazard"
"19365","TAS","2008-11-10",56,"Safe"
"19366","TAS","2008-11-11",54,"Safe"
"19367","TAS","2008-11-12",41,"Safe"
"19368","TAS","2008-11-13",89,"MinorHazard"
"19369","TAS","2008-11-14",50,"Safe"
"19370","TAS","2008-11-15",70,"MinorHazard"
"19371","TAS","2008-11-16",57,"Safe"
"19372","TAS","2008-11-17",41,"Safe"
"19373","TAS","2008-11-18",43,"Safe"
"19374","TAS","2008-11-19",28,"Safe"
"19375","TAS","2008-11-20",61,"Safe"
"19376","TAS","2008-11-21",48,"Safe"
"19377","TAS","2008-11-22",54,"Safe"
"19378","TAS","2008-11-23",54,"Safe"
"19379","TAS","2008-11-24",56,"Safe"
"19380","TAS","2008-11-25",33,"Safe"
"19381","TAS","2008-11-26",35,"Safe"
"19382","TAS","2008-11-27",46,"Safe"
"19383","TAS","2008-11-28",48,"Safe"
"19384","TAS","2008-11-29",39,"Safe"
"19385","TAS","2008-11-30",50,"Safe"
"19386","TAS","2008-12-01",61,"Safe"
"19387","TAS","2008-12-02",59,"Safe"
"19388","TAS","2008-12-03",67,"MinorHazard"
"19389","TAS","2008-12-04",48,"Safe"
"19390","TAS","2008-12-05",39,"Safe"
"19391","TAS","2008-12-06",54,"Safe"
"19392","TAS","2008-12-07",52,"Safe"
"19393","TAS","2008-12-08",43,"Safe"
"19394","TAS","2008-12-09",56,"Safe"
"19395","TAS","2008-12-10",37,"Safe"
"19396","TAS","2008-12-11",39,"Safe"
"19397","TAS","2008-12-12",65,"MinorHazard"
"19398","TAS","2008-12-13",74,"MinorHazard"
"19399","TAS","2008-12-14",57,"Safe"
"19400","TAS","2008-12-15",44,"Safe"
"19401","TAS","2008-12-16",43,"Safe"
"19402","TAS","2008-12-17",39,"Safe"
"19403","TAS","2008-12-18",50,"Safe"
"19404","TAS","2008-12-19",52,"Safe"
"19405","TAS","2008-12-20",35,"Safe"
"19406","TAS","2008-12-21",39,"Safe"
"19407","TAS","2008-12-22",104,"Damaging"
"19408","TAS","2008-12-23",48,"Safe"
"19409","TAS","2008-12-24",56,"Safe"
"19410","TAS","2008-12-25",43,"Safe"
"19411","TAS","2008-12-26",43,"Safe"
"19412","TAS","2008-12-27",50,"Safe"
"19413","TAS","2008-12-28",87,"MinorHazard"
"19414","TAS","2008-12-29",76,"MinorHazard"
"19415","TAS","2008-12-30",50,"Safe"
"19416","TAS","2008-12-31",57,"Safe"
"19417","TAS","2009-01-01",76,"MinorHazard"
"19418","TAS","2009-01-02",50,"Safe"
"19419","TAS","2009-01-03",41,"Safe"
"19420","TAS","2009-01-04",43,"Safe"
"19421","TAS","2009-01-05",80,"MinorHazard"
"19422","TAS","2009-01-06",65,"MinorHazard"
"19423","TAS","2009-01-07",54,"Safe"
"19424","TAS","2009-01-08",70,"MinorHazard"
"19425","TAS","2009-01-09",41,"Safe"
"19426","TAS","2009-01-10",43,"Safe"
"19427","TAS","2009-01-11",50,"Safe"
"19428","TAS","2009-01-12",39,"Safe"
"19429","TAS","2009-01-13",50,"Safe"
"19430","TAS","2009-01-14",52,"Safe"
"19431","TAS","2009-01-15",65,"MinorHazard"
"19432","TAS","2009-01-16",67,"MinorHazard"
"19433","TAS","2009-01-17",56,"Safe"
"19434","TAS","2009-01-18",41,"Safe"
"19435","TAS","2009-01-19",56,"Safe"
"19436","TAS","2009-01-20",54,"Safe"
"19437","TAS","2009-01-21",46,"Safe"
"19438","TAS","2009-01-22",124,"Damaging"
"19439","TAS","2009-01-23",57,"Safe"
"19440","TAS","2009-01-24",59,"Safe"
"19441","TAS","2009-01-25",52,"Safe"
"19442","TAS","2009-01-26",48,"Safe"
"19443","TAS","2009-01-27",44,"Safe"
"19444","TAS","2009-01-28",41,"Safe"
"19445","TAS","2009-01-29",44,"Safe"
"19446","TAS","2009-01-30",48,"Safe"
"19447","TAS","2009-01-31",43,"Safe"
"19448","TAS","2009-02-01",48,"Safe"
"19449","TAS","2009-02-02",50,"Safe"
"19450","TAS","2009-02-03",41,"Safe"
"19451","TAS","2009-02-04",37,"Safe"
"19452","TAS","2009-02-05",54,"Safe"
"19453","TAS","2009-02-06",44,"Safe"
"19454","TAS","2009-02-07",43,"Safe"
"19455","TAS","2009-02-08",70,"MinorHazard"
"19456","TAS","2009-02-09",46,"Safe"
"19457","TAS","2009-02-10",52,"Safe"
"19458","TAS","2009-02-11",48,"Safe"
"19459","TAS","2009-02-12",44,"Safe"
"19460","TAS","2009-02-13",31,"Safe"
"19461","TAS","2009-02-14",37,"Safe"
"19462","TAS","2009-02-15",41,"Safe"
"19463","TAS","2009-02-16",50,"Safe"
"19464","TAS","2009-02-17",39,"Safe"
"19465","TAS","2009-02-18",33,"Safe"
"19466","TAS","2009-02-19",39,"Safe"
"19467","TAS","2009-02-20",37,"Safe"
"19468","TAS","2009-02-21",54,"Safe"
"19469","TAS","2009-02-22",50,"Safe"
"19470","TAS","2009-02-23",100,"Damaging"
"19471","TAS","2009-02-24",74,"MinorHazard"
"19472","TAS","2009-02-25",52,"Safe"
"19473","TAS","2009-02-26",37,"Safe"
"19474","TAS","2009-02-27",44,"Safe"
"19475","TAS","2009-02-28",35,"Safe"
"19476","TAS","2009-03-01",37,"Safe"
"19477","TAS","2009-03-02",37,"Safe"
"19478","TAS","2009-03-03",80,"MinorHazard"
"19479","TAS","2009-03-04",89,"MinorHazard"
"19480","TAS","2009-03-05",61,"Safe"
"19481","TAS","2009-03-06",52,"Safe"
"19482","TAS","2009-03-07",50,"Safe"
"19483","TAS","2009-03-08",41,"Safe"
"19484","TAS","2009-03-09",33,"Safe"
"19485","TAS","2009-03-10",31,"Safe"
"19486","TAS","2009-03-11",31,"Safe"
"19487","TAS","2009-03-12",31,"Safe"
"19488","TAS","2009-03-13",35,"Safe"
"19489","TAS","2009-03-14",67,"MinorHazard"
"19490","TAS","2009-03-15",48,"Safe"
"19491","TAS","2009-03-16",56,"Safe"
"19492","TAS","2009-03-17",50,"Safe"
"19493","TAS","2009-03-18",39,"Safe"
"19494","TAS","2009-03-19",46,"Safe"
"19495","TAS","2009-03-20",31,"Safe"
"19496","TAS","2009-03-21",31,"Safe"
"19497","TAS","2009-03-22",33,"Safe"
"19498","TAS","2009-03-23",30,"Safe"
"19499","TAS","2009-03-24",24,"Safe"
"19500","TAS","2009-03-25",26,"Safe"
"19501","TAS","2009-03-26",81,"MinorHazard"
"19502","TAS","2009-03-27",54,"Safe"
"19503","TAS","2009-03-28",63,"MinorHazard"
"19504","TAS","2009-03-29",56,"Safe"
"19505","TAS","2009-03-30",41,"Safe"
"19506","TAS","2009-03-31",30,"Safe"
"19507","TAS","2009-04-01",39,"Safe"
"19508","TAS","2009-04-02",44,"Safe"
"19509","TAS","2009-04-03",37,"Safe"
"19510","TAS","2009-04-04",56,"Safe"
"19511","TAS","2009-04-05",61,"Safe"
"19512","TAS","2009-04-06",65,"MinorHazard"
"19513","TAS","2009-04-07",48,"Safe"
"19514","TAS","2009-04-08",28,"Safe"
"19515","TAS","2009-04-09",30,"Safe"
"19516","TAS","2009-04-10",46,"Safe"
"19517","TAS","2009-04-11",28,"Safe"
"19518","TAS","2009-04-12",50,"Safe"
"19519","TAS","2009-04-13",57,"Safe"
"19520","TAS","2009-04-14",56,"Safe"
"19521","TAS","2009-04-15",80,"MinorHazard"
"19522","TAS","2009-04-16",65,"MinorHazard"
"19523","TAS","2009-04-17",48,"Safe"
"19524","TAS","2009-04-18",50,"Safe"
"19525","TAS","2009-04-19",33,"Safe"
"19526","TAS","2009-04-20",50,"Safe"
"19527","TAS","2009-04-21",26,"Safe"
"19528","TAS","2009-04-22",30,"Safe"
"19529","TAS","2009-04-23",44,"Safe"
"19530","TAS","2009-04-24",56,"Safe"
"19531","TAS","2009-04-25",39,"Safe"
"19532","TAS","2009-04-26",69,"MinorHazard"
"19533","TAS","2009-04-27",50,"Safe"
"19534","TAS","2009-04-28",48,"Safe"
"19535","TAS","2009-04-29",30,"Safe"
"19536","TAS","2009-04-30",41,"Safe"
"19537","TAS","2009-05-01",50,"Safe"
"19538","TAS","2009-05-02",46,"Safe"
"19539","TAS","2009-05-03",52,"Safe"
"19540","TAS","2009-05-04",76,"MinorHazard"
"19541","TAS","2009-05-05",35,"Safe"
"19542","TAS","2009-05-06",54,"Safe"
"19543","TAS","2009-05-07",46,"Safe"
"19544","TAS","2009-05-08",37,"Safe"
"19545","TAS","2009-05-09",31,"Safe"
"19546","TAS","2009-05-10",24,"Safe"
"19547","TAS","2009-05-11",19,"Safe"
"19548","TAS","2009-05-12",33,"Safe"
"19549","TAS","2009-05-13",63,"MinorHazard"
"19550","TAS","2009-05-14",54,"Safe"
"19551","TAS","2009-05-15",80,"MinorHazard"
"19552","TAS","2009-05-16",80,"MinorHazard"
"19553","TAS","2009-05-17",109,"Damaging"
"19554","TAS","2009-05-18",30,"Safe"
"19555","TAS","2009-05-19",26,"Safe"
"19556","TAS","2009-05-20",43,"Safe"
"19557","TAS","2009-05-21",30,"Safe"
"19558","TAS","2009-05-22",31,"Safe"
"19559","TAS","2009-05-23",44,"Safe"
"19560","TAS","2009-05-24",46,"Safe"
"19561","TAS","2009-05-25",43,"Safe"
"19562","TAS","2009-05-26",44,"Safe"
"19563","TAS","2009-05-27",44,"Safe"
"19564","TAS","2009-05-28",46,"Safe"
"19565","TAS","2009-05-29",46,"Safe"
"19566","TAS","2009-05-30",37,"Safe"
"19567","TAS","2009-05-31",28,"Safe"
"19568","TAS","2009-06-01",37,"Safe"
"19569","TAS","2009-06-02",31,"Safe"
"19570","TAS","2009-06-03",17,"Safe"
"19571","TAS","2009-06-04",26,"Safe"
"19572","TAS","2009-06-05",33,"Safe"
"19573","TAS","2009-06-06",46,"Safe"
"19574","TAS","2009-06-07",54,"Safe"
"19575","TAS","2009-06-08",35,"Safe"
"19576","TAS","2009-06-09",69,"MinorHazard"
"19577","TAS","2009-06-10",54,"Safe"
"19578","TAS","2009-06-11",19,"Safe"
"19579","TAS","2009-06-12",48,"Safe"
"19580","TAS","2009-06-13",50,"Safe"
"19581","TAS","2009-06-14",41,"Safe"
"19582","TAS","2009-06-15",39,"Safe"
"19583","TAS","2009-06-16",33,"Safe"
"19584","TAS","2009-06-17",30,"Safe"
"19585","TAS","2009-06-18",31,"Safe"
"19586","TAS","2009-06-19",43,"Safe"
"19587","TAS","2009-06-20",57,"Safe"
"19588","TAS","2009-06-21",26,"Safe"
"19589","TAS","2009-06-22",31,"Safe"
"19590","TAS","2009-06-23",28,"Safe"
"19591","TAS","2009-06-24",33,"Safe"
"19592","TAS","2009-06-25",44,"Safe"
"19593","TAS","2009-06-26",43,"Safe"
"19594","TAS","2009-06-27",24,"Safe"
"19595","TAS","2009-06-28",31,"Safe"
"19596","TAS","2009-06-29",44,"Safe"
"19597","TAS","2009-06-30",70,"MinorHazard"
"19598","TAS","2009-07-01",50,"Safe"
"19599","TAS","2009-07-03",63,"MinorHazard"
"19600","TAS","2009-07-04",81,"MinorHazard"
"19601","TAS","2009-07-05",52,"Safe"
"19602","TAS","2009-07-06",63,"MinorHazard"
"19603","TAS","2009-07-07",24,"Safe"
"19604","TAS","2009-07-08",35,"Safe"
"19605","TAS","2009-07-09",37,"Safe"
"19606","TAS","2009-07-10",37,"Safe"
"19607","TAS","2009-07-11",48,"Safe"
"19608","TAS","2009-07-12",54,"Safe"
"19609","TAS","2009-07-13",52,"Safe"
"19610","TAS","2009-07-14",28,"Safe"
"19611","TAS","2009-07-15",41,"Safe"
"19612","TAS","2009-07-16",39,"Safe"
"19613","TAS","2009-07-17",28,"Safe"
"19614","TAS","2009-07-18",37,"Safe"
"19615","TAS","2009-07-19",44,"Safe"
"19616","TAS","2009-07-20",100,"Damaging"
"19617","TAS","2009-07-21",50,"Safe"
"19618","TAS","2009-07-22",59,"Safe"
"19619","TAS","2009-07-23",50,"Safe"
"19620","TAS","2009-07-24",54,"Safe"
"19621","TAS","2009-07-25",50,"Safe"
"19622","TAS","2009-07-26",46,"Safe"
"19623","TAS","2009-07-27",50,"Safe"
"19624","TAS","2009-07-28",57,"Safe"
"19625","TAS","2009-07-29",70,"MinorHazard"
"19626","TAS","2009-07-30",91,"Damaging"
"19627","TAS","2009-07-31",48,"Safe"
"19628","TAS","2009-08-01",100,"Damaging"
"19629","TAS","2009-08-02",70,"MinorHazard"
"19630","TAS","2009-08-03",63,"MinorHazard"
"19631","TAS","2009-08-04",94,"Damaging"
"19632","TAS","2009-08-05",63,"MinorHazard"
"19633","TAS","2009-08-06",59,"Safe"
"19634","TAS","2009-08-07",85,"MinorHazard"
"19635","TAS","2009-08-08",44,"Safe"
"19636","TAS","2009-08-09",33,"Safe"
"19637","TAS","2009-08-10",26,"Safe"
"19638","TAS","2009-08-11",54,"Safe"
"19639","TAS","2009-08-12",63,"MinorHazard"
"19640","TAS","2009-08-13",37,"Safe"
"19641","TAS","2009-08-14",30,"Safe"
"19642","TAS","2009-08-15",54,"Safe"
"19643","TAS","2009-08-16",89,"MinorHazard"
"19644","TAS","2009-08-17",57,"Safe"
"19645","TAS","2009-08-18",48,"Safe"
"19646","TAS","2009-08-19",72,"MinorHazard"
"19647","TAS","2009-08-20",54,"Safe"
"19648","TAS","2009-08-21",76,"MinorHazard"
"19649","TAS","2009-08-22",54,"Safe"
"19650","TAS","2009-08-23",83,"MinorHazard"
"19651","TAS","2009-08-24",76,"MinorHazard"
"19652","TAS","2009-08-25",61,"Safe"
"19653","TAS","2009-08-26",87,"MinorHazard"
"19654","TAS","2009-08-27",67,"MinorHazard"
"19655","TAS","2009-08-28",56,"Safe"
"19656","TAS","2009-08-29",33,"Safe"
"19657","TAS","2009-08-30",89,"MinorHazard"
"19658","TAS","2009-08-31",87,"MinorHazard"
"19659","TAS","2009-09-01",81,"MinorHazard"
"19660","TAS","2009-09-02",37,"Safe"
"19661","TAS","2009-09-03",61,"Safe"
"19662","TAS","2009-09-04",46,"Safe"
"19663","TAS","2009-09-05",52,"Safe"
"19664","TAS","2009-09-06",44,"Safe"
"19665","TAS","2009-09-07",31,"Safe"
"19666","TAS","2009-09-08",61,"Safe"
"19667","TAS","2009-09-09",61,"Safe"
"19668","TAS","2009-09-10",54,"Safe"
"19669","TAS","2009-09-11",57,"Safe"
"19670","TAS","2009-09-12",50,"Safe"
"19671","TAS","2009-09-13",69,"MinorHazard"
"19672","TAS","2009-09-14",85,"MinorHazard"
"19673","TAS","2009-09-15",59,"Safe"
"19674","TAS","2009-09-16",44,"Safe"
"19675","TAS","2009-09-17",54,"Safe"
"19676","TAS","2009-09-18",30,"Safe"
"19677","TAS","2009-09-19",69,"MinorHazard"
"19678","TAS","2009-09-20",74,"MinorHazard"
"19679","TAS","2009-09-21",70,"MinorHazard"
"19680","TAS","2009-09-22",56,"Safe"
"19681","TAS","2009-09-23",48,"Safe"
"19682","TAS","2009-09-24",50,"Safe"
"19683","TAS","2009-09-25",63,"MinorHazard"
"19684","TAS","2009-09-26",57,"Safe"
"19685","TAS","2009-09-27",83,"MinorHazard"
"19686","TAS","2009-09-28",50,"Safe"
"19687","TAS","2009-09-29",22,"Safe"
"19688","TAS","2009-09-30",91,"Damaging"
"19689","TAS","2009-10-01",59,"Safe"
"19690","TAS","2009-10-02",41,"Safe"
"19691","TAS","2009-10-03",39,"Safe"
"19692","TAS","2009-10-04",39,"Safe"
"19693","TAS","2009-10-05",52,"Safe"
"19694","TAS","2009-10-06",56,"Safe"
"19695","TAS","2009-10-07",52,"Safe"
"19696","TAS","2009-10-08",41,"Safe"
"19697","TAS","2009-10-09",41,"Safe"
"19698","TAS","2009-10-10",30,"Safe"
"19699","TAS","2009-10-11",24,"Safe"
"19700","TAS","2009-10-12",46,"Safe"
"19701","TAS","2009-10-13",54,"Safe"
"19702","TAS","2009-10-14",46,"Safe"
"19703","TAS","2009-10-15",39,"Safe"
"19704","TAS","2009-10-16",43,"Safe"
"19705","TAS","2009-10-17",31,"Safe"
"19706","TAS","2009-10-18",59,"Safe"
"19707","TAS","2009-10-19",43,"Safe"
"19708","TAS","2009-10-20",69,"MinorHazard"
"19709","TAS","2009-10-21",43,"Safe"
"19710","TAS","2009-10-22",35,"Safe"
"19711","TAS","2009-10-23",41,"Safe"
"19712","TAS","2009-10-24",52,"Safe"
"19713","TAS","2009-10-25",56,"Safe"
"19714","TAS","2009-10-26",39,"Safe"
"19715","TAS","2009-10-27",39,"Safe"
"19716","TAS","2009-10-28",41,"Safe"
"19717","TAS","2009-10-29",33,"Safe"
"19718","TAS","2009-10-30",61,"Safe"
"19719","TAS","2009-10-31",41,"Safe"
"19720","TAS","2009-11-01",35,"Safe"
"19721","TAS","2009-11-02",37,"Safe"
"19722","TAS","2009-11-03",80,"MinorHazard"
"19723","TAS","2009-11-04",54,"Safe"
"19724","TAS","2009-11-05",41,"Safe"
"19725","TAS","2009-11-06",37,"Safe"
"19726","TAS","2009-11-07",35,"Safe"
"19727","TAS","2009-11-08",41,"Safe"
"19728","TAS","2009-11-09",39,"Safe"
"19729","TAS","2009-11-10",37,"Safe"
"19730","TAS","2009-11-11",35,"Safe"
"19731","TAS","2009-11-12",43,"Safe"
"19732","TAS","2009-11-13",56,"Safe"
"19733","TAS","2009-11-14",43,"Safe"
"19734","TAS","2009-11-15",43,"Safe"
"19735","TAS","2009-11-16",54,"Safe"
"19736","TAS","2009-11-17",43,"Safe"
"19737","TAS","2009-11-18",46,"Safe"
"19738","TAS","2009-11-19",52,"Safe"
"19739","TAS","2009-11-20",87,"MinorHazard"
"19740","TAS","2009-11-21",35,"Safe"
"19741","TAS","2009-11-22",63,"MinorHazard"
"19742","TAS","2009-11-23",78,"MinorHazard"
"19743","TAS","2009-11-24",72,"MinorHazard"
"19744","TAS","2009-11-25",63,"MinorHazard"
"19745","TAS","2009-11-26",37,"Safe"
"19746","TAS","2009-11-27",39,"Safe"
"19747","TAS","2009-11-28",50,"Safe"
"19748","TAS","2009-11-29",69,"MinorHazard"
"19749","TAS","2009-12-01",33,"Safe"
"19750","TAS","2009-12-02",33,"Safe"
"19751","TAS","2009-12-03",70,"MinorHazard"
"19752","TAS","2009-12-04",52,"Safe"
"19753","TAS","2009-12-05",43,"Safe"
"19754","TAS","2009-12-06",54,"Safe"
"19755","TAS","2009-12-07",41,"Safe"
"19756","TAS","2009-12-08",56,"Safe"
"19757","TAS","2009-12-09",67,"MinorHazard"
"19758","TAS","2009-12-10",63,"MinorHazard"
"19759","TAS","2009-12-11",61,"Safe"
"19760","TAS","2009-12-12",69,"MinorHazard"
"19761","TAS","2009-12-13",52,"Safe"
"19762","TAS","2009-12-14",39,"Safe"
"19763","TAS","2009-12-15",41,"Safe"
"19764","TAS","2009-12-16",72,"MinorHazard"
"19765","TAS","2009-12-17",43,"Safe"
"19766","TAS","2009-12-18",81,"MinorHazard"
"19767","TAS","2009-12-19",83,"MinorHazard"
"19768","TAS","2009-12-20",39,"Safe"
"19769","TAS","2009-12-21",48,"Safe"
"19770","TAS","2009-12-22",46,"Safe"
"19771","TAS","2009-12-23",37,"Safe"
"19772","TAS","2009-12-24",69,"MinorHazard"
"19773","TAS","2009-12-25",52,"Safe"
"19774","TAS","2009-12-26",39,"Safe"
"19775","TAS","2009-12-27",44,"Safe"
"19776","TAS","2009-12-28",54,"Safe"
"19777","TAS","2009-12-29",57,"Safe"
"19778","TAS","2009-12-30",39,"Safe"
"19779","TAS","2009-12-31",70,"MinorHazard"
"19780","TAS","2010-01-01",67,"MinorHazard"
"19781","TAS","2010-01-02",65,"MinorHazard"
"19782","TAS","2010-01-03",44,"Safe"
"19783","TAS","2010-01-04",48,"Safe"
"19784","TAS","2010-01-05",56,"Safe"
"19785","TAS","2010-01-06",56,"Safe"
"19786","TAS","2010-01-07",43,"Safe"
"19787","TAS","2010-01-08",61,"Safe"
"19788","TAS","2010-01-09",43,"Safe"
"19789","TAS","2010-01-10",41,"Safe"
"19790","TAS","2010-01-11",46,"Safe"
"19791","TAS","2010-01-12",83,"MinorHazard"
"19792","TAS","2010-01-14",37,"Safe"
"19793","TAS","2010-01-15",39,"Safe"
"19794","TAS","2010-01-16",56,"Safe"
"19795","TAS","2010-01-17",56,"Safe"
"19796","TAS","2010-01-18",48,"Safe"
"19797","TAS","2010-01-19",67,"MinorHazard"
"19798","TAS","2010-01-20",52,"Safe"
"19799","TAS","2010-01-21",46,"Safe"
"19800","TAS","2010-01-22",43,"Safe"
"19801","TAS","2010-01-23",61,"Safe"
"19802","TAS","2010-01-24",46,"Safe"
"19803","TAS","2010-01-25",39,"Safe"
"19804","TAS","2010-01-26",63,"MinorHazard"
"19805","TAS","2010-01-27",37,"Safe"
"19806","TAS","2010-01-28",39,"Safe"
"19807","TAS","2010-01-29",48,"Safe"
"19808","TAS","2010-01-30",39,"Safe"
"19809","TAS","2010-01-31",74,"MinorHazard"
"19810","TAS","2010-02-01",52,"Safe"
"19811","TAS","2010-02-02",33,"Safe"
"19812","TAS","2010-02-03",50,"Safe"
"19813","TAS","2010-02-04",52,"Safe"
"19814","TAS","2010-02-05",44,"Safe"
"19815","TAS","2010-02-06",46,"Safe"
"19816","TAS","2010-02-07",39,"Safe"
"19817","TAS","2010-02-08",39,"Safe"
"19818","TAS","2010-02-09",37,"Safe"
"19819","TAS","2010-02-10",39,"Safe"
"19820","TAS","2010-02-11",33,"Safe"
"19821","TAS","2010-02-12",46,"Safe"
"19822","TAS","2010-02-13",31,"Safe"
"19823","TAS","2010-02-14",26,"Safe"
"19824","TAS","2010-02-15",39,"Safe"
"19825","TAS","2010-02-16",35,"Safe"
"19826","TAS","2010-02-17",52,"Safe"
"19827","TAS","2010-02-18",37,"Safe"
"19828","TAS","2010-02-19",35,"Safe"
"19829","TAS","2010-02-20",72,"MinorHazard"
"19830","TAS","2010-02-21",93,"Damaging"
"19831","TAS","2010-02-22",54,"Safe"
"19832","TAS","2010-02-23",70,"MinorHazard"
"19833","TAS","2010-02-24",35,"Safe"
"19834","TAS","2010-02-25",35,"Safe"
"19835","TAS","2010-02-26",41,"Safe"
"19836","TAS","2010-02-27",59,"Safe"
"19837","TAS","2010-02-28",59,"Safe"
"19838","TAS","2010-03-01",46,"Safe"
"19839","TAS","2010-03-02",37,"Safe"
"19840","TAS","2010-03-03",37,"Safe"
"19841","TAS","2010-03-04",35,"Safe"
"19842","TAS","2010-03-05",35,"Safe"
"19843","TAS","2010-03-06",54,"Safe"
"19844","TAS","2010-03-07",31,"Safe"
"19845","TAS","2010-03-08",44,"Safe"
"19846","TAS","2010-03-09",87,"MinorHazard"
"19847","TAS","2010-03-10",63,"MinorHazard"
"19848","TAS","2010-03-11",30,"Safe"
"19849","TAS","2010-03-12",35,"Safe"
"19850","TAS","2010-03-13",35,"Safe"
"19851","TAS","2010-03-14",33,"Safe"
"19852","TAS","2010-03-15",43,"Safe"
"19853","TAS","2010-03-16",31,"Safe"
"19854","TAS","2010-03-17",46,"Safe"
"19855","TAS","2010-03-18",33,"Safe"
"19856","TAS","2010-03-19",63,"MinorHazard"
"19857","TAS","2010-03-20",48,"Safe"
"19858","TAS","2010-03-21",63,"MinorHazard"
"19859","TAS","2010-03-22",50,"Safe"
"19860","TAS","2010-03-23",56,"Safe"
"19861","TAS","2010-03-24",52,"Safe"
"19862","TAS","2010-03-25",50,"Safe"
"19863","TAS","2010-03-26",54,"Safe"
"19864","TAS","2010-03-27",30,"Safe"
"19865","TAS","2010-03-28",48,"Safe"
"19866","TAS","2010-03-29",56,"Safe"
"19867","TAS","2010-03-30",33,"Safe"
"19868","TAS","2010-03-31",31,"Safe"
"19869","TAS","2010-04-01",44,"Safe"
"19870","TAS","2010-04-02",37,"Safe"
"19871","TAS","2010-04-03",35,"Safe"
"19872","TAS","2010-04-04",31,"Safe"
"19873","TAS","2010-04-05",30,"Safe"
"19874","TAS","2010-04-06",31,"Safe"
"19875","TAS","2010-04-07",31,"Safe"
"19876","TAS","2010-04-08",48,"Safe"
"19877","TAS","2010-04-09",46,"Safe"
"19878","TAS","2010-04-10",39,"Safe"
"19879","TAS","2010-04-11",56,"Safe"
"19880","TAS","2010-04-12",65,"MinorHazard"
"19881","TAS","2010-04-13",59,"Safe"
"19882","TAS","2010-04-14",70,"MinorHazard"
"19883","TAS","2010-04-15",41,"Safe"
"19884","TAS","2010-04-16",20,"Safe"
"19885","TAS","2010-04-17",30,"Safe"
"19886","TAS","2010-04-18",33,"Safe"
"19887","TAS","2010-04-19",19,"Safe"
"19888","TAS","2010-04-20",41,"Safe"
"19889","TAS","2010-04-21",31,"Safe"
"19890","TAS","2010-04-22",31,"Safe"
"19891","TAS","2010-04-23",54,"Safe"
"19892","TAS","2010-04-24",76,"MinorHazard"
"19893","TAS","2010-04-25",50,"Safe"
"19894","TAS","2010-04-26",43,"Safe"
"19895","TAS","2010-04-27",52,"Safe"
"19896","TAS","2010-04-28",91,"Damaging"
"19897","TAS","2010-04-29",91,"Damaging"
"19898","TAS","2010-04-30",39,"Safe"
"19899","TAS","2010-05-01",57,"Safe"
"19900","TAS","2010-05-02",72,"MinorHazard"
"19901","TAS","2010-05-03",44,"Safe"
"19902","TAS","2010-05-04",81,"MinorHazard"
"19903","TAS","2010-05-05",43,"Safe"
"19904","TAS","2010-05-06",61,"Safe"
"19905","TAS","2010-05-07",70,"MinorHazard"
"19906","TAS","2010-05-08",52,"Safe"
"19907","TAS","2010-05-09",57,"Safe"
"19908","TAS","2010-05-10",72,"MinorHazard"
"19909","TAS","2010-05-11",59,"Safe"
"19910","TAS","2010-05-12",50,"Safe"
"19911","TAS","2010-05-13",31,"Safe"
"19912","TAS","2010-05-14",26,"Safe"
"19913","TAS","2010-05-15",33,"Safe"
"19914","TAS","2010-05-16",26,"Safe"
"19915","TAS","2010-05-17",28,"Safe"
"19916","TAS","2010-05-18",30,"Safe"
"19917","TAS","2010-05-19",31,"Safe"
"19918","TAS","2010-05-20",37,"Safe"
"19919","TAS","2010-05-21",37,"Safe"
"19920","TAS","2010-05-22",28,"Safe"
"19921","TAS","2010-05-23",31,"Safe"
"19922","TAS","2010-05-24",31,"Safe"
"19923","TAS","2010-05-25",22,"Safe"
"19924","TAS","2010-05-26",24,"Safe"
"19925","TAS","2010-05-27",31,"Safe"
"19926","TAS","2010-05-28",20,"Safe"
"19927","TAS","2010-05-29",30,"Safe"
"19928","TAS","2010-05-30",31,"Safe"
"19929","TAS","2010-05-31",28,"Safe"
"19930","TAS","2010-06-01",37,"Safe"
"19931","TAS","2010-06-02",46,"Safe"
"19932","TAS","2010-06-03",28,"Safe"
"19933","TAS","2010-06-04",39,"Safe"
"19934","TAS","2010-06-05",37,"Safe"
"19935","TAS","2010-06-06",48,"Safe"
"19936","TAS","2010-06-07",28,"Safe"
"19937","TAS","2010-06-08",41,"Safe"
"19938","TAS","2010-06-09",48,"Safe"
"19939","TAS","2010-06-10",46,"Safe"
"19940","TAS","2010-06-11",61,"Safe"
"19941","TAS","2010-06-12",46,"Safe"
"19942","TAS","2010-06-13",54,"Safe"
"19943","TAS","2010-06-14",30,"Safe"
"19944","TAS","2010-06-15",33,"Safe"
"19945","TAS","2010-06-16",70,"MinorHazard"
"19946","TAS","2010-06-17",74,"MinorHazard"
"19947","TAS","2010-06-18",50,"Safe"
"19948","TAS","2010-06-19",52,"Safe"
"19949","TAS","2010-06-20",43,"Safe"
"19950","TAS","2010-06-21",39,"Safe"
"19951","TAS","2010-06-22",24,"Safe"
"19952","TAS","2010-06-23",35,"Safe"
"19953","TAS","2010-06-24",57,"Safe"
"19954","TAS","2010-06-25",48,"Safe"
"19955","TAS","2010-06-26",59,"Safe"
"19956","TAS","2010-06-27",39,"Safe"
"19957","TAS","2010-06-28",39,"Safe"
"19958","TAS","2010-06-29",65,"MinorHazard"
"19959","TAS","2010-06-30",28,"Safe"
"19960","TAS","2010-07-01",24,"Safe"
"19961","TAS","2010-07-02",28,"Safe"
"19962","TAS","2010-07-03",31,"Safe"
"19963","TAS","2010-07-04",46,"Safe"
"19964","TAS","2010-07-05",39,"Safe"
"19965","TAS","2010-07-06",46,"Safe"
"19966","TAS","2010-07-07",30,"Safe"
"19967","TAS","2010-07-08",26,"Safe"
"19968","TAS","2010-07-09",35,"Safe"
"19969","TAS","2010-07-10",54,"Safe"
"19970","TAS","2010-07-11",72,"MinorHazard"
"19971","TAS","2010-07-12",52,"Safe"
"19972","TAS","2010-07-13",46,"Safe"
"19973","TAS","2010-07-14",43,"Safe"
"19974","TAS","2010-07-15",44,"Safe"
"19975","TAS","2010-07-16",41,"Safe"
"19976","TAS","2010-07-17",46,"Safe"
"19977","TAS","2010-07-18",48,"Safe"
"19978","TAS","2010-07-19",50,"Safe"
"19979","TAS","2010-07-20",41,"Safe"
"19980","TAS","2010-07-21",30,"Safe"
"19981","TAS","2010-07-22",30,"Safe"
"19982","TAS","2010-07-23",30,"Safe"
"19983","TAS","2010-07-24",39,"Safe"
"19984","TAS","2010-07-25",54,"Safe"
"19985","TAS","2010-07-26",50,"Safe"
"19986","TAS","2010-07-27",28,"Safe"
"19987","TAS","2010-07-28",22,"Safe"
"19988","TAS","2010-07-29",22,"Safe"
"19989","TAS","2010-07-30",35,"Safe"
"19990","TAS","2010-07-31",44,"Safe"
"19991","TAS","2010-08-01",46,"Safe"
"19992","TAS","2010-08-02",41,"Safe"
"19993","TAS","2010-08-03",30,"Safe"
"19994","TAS","2010-08-04",41,"Safe"
"19995","TAS","2010-08-05",46,"Safe"
"19996","TAS","2010-08-06",43,"Safe"
"19997","TAS","2010-08-07",30,"Safe"
"19998","TAS","2010-08-08",35,"Safe"
"19999","TAS","2010-08-09",31,"Safe"
"20000","TAS","2010-08-10",43,"Safe"
"20001","TAS","2010-08-11",80,"MinorHazard"
"20002","TAS","2010-08-12",69,"MinorHazard"
"20003","TAS","2010-08-13",33,"Safe"
"20004","TAS","2010-08-14",41,"Safe"
"20005","TAS","2010-08-15",50,"Safe"
"20006","TAS","2010-08-16",72,"MinorHazard"
"20007","TAS","2010-08-17",41,"Safe"
"20008","TAS","2010-08-18",37,"Safe"
"20009","TAS","2010-08-19",54,"Safe"
"20010","TAS","2010-08-20",83,"MinorHazard"
"20011","TAS","2010-08-21",54,"Safe"
"20012","TAS","2010-08-22",59,"Safe"
"20013","TAS","2010-08-23",54,"Safe"
"20014","TAS","2010-08-24",63,"MinorHazard"
"20015","TAS","2010-08-25",54,"Safe"
"20016","TAS","2010-08-26",70,"MinorHazard"
"20017","TAS","2010-08-27",59,"Safe"
"20018","TAS","2010-08-28",44,"Safe"
"20019","TAS","2010-08-29",24,"Safe"
"20020","TAS","2010-08-30",33,"Safe"
"20021","TAS","2010-08-31",56,"Safe"
"20022","TAS","2010-09-01",59,"Safe"
"20023","TAS","2010-09-02",44,"Safe"
"20024","TAS","2010-09-03",30,"Safe"
"20025","TAS","2010-09-04",24,"Safe"
"20026","TAS","2010-09-05",52,"Safe"
"20027","TAS","2010-09-06",41,"Safe"
"20028","TAS","2010-09-07",30,"Safe"
"20029","TAS","2010-09-08",46,"Safe"
"20030","TAS","2010-09-09",43,"Safe"
"20031","TAS","2010-09-10",63,"MinorHazard"
"20032","TAS","2010-09-11",54,"Safe"
"20033","TAS","2010-09-12",63,"MinorHazard"
"20034","TAS","2010-09-13",81,"MinorHazard"
"20035","TAS","2010-09-14",46,"Safe"
"20036","TAS","2010-09-15",94,"Damaging"
"20037","TAS","2010-09-16",85,"MinorHazard"
"20038","TAS","2010-09-17",93,"Damaging"
"20039","TAS","2010-09-18",93,"Damaging"
"20040","TAS","2010-09-19",69,"MinorHazard"
"20041","TAS","2010-09-20",59,"Safe"
"20042","TAS","2010-09-21",59,"Safe"
"20043","TAS","2010-09-22",54,"Safe"
"20044","TAS","2010-09-23",74,"MinorHazard"
"20045","TAS","2010-09-24",67,"MinorHazard"
"20046","TAS","2010-09-25",65,"MinorHazard"
"20047","TAS","2010-09-26",57,"Safe"
"20048","TAS","2010-09-27",78,"MinorHazard"
"20049","TAS","2010-09-28",67,"MinorHazard"
"20050","TAS","2010-09-29",67,"MinorHazard"
"20051","TAS","2010-09-30",46,"Safe"
"20052","TAS","2010-10-01",43,"Safe"
"20053","TAS","2010-10-02",28,"Safe"
"20054","TAS","2010-10-03",39,"Safe"
"20055","TAS","2010-10-04",61,"Safe"
"20056","TAS","2010-10-05",56,"Safe"
"20057","TAS","2010-10-06",52,"Safe"
"20058","TAS","2010-10-07",85,"MinorHazard"
"20059","TAS","2010-10-08",67,"MinorHazard"
"20060","TAS","2010-10-09",54,"Safe"
"20061","TAS","2010-10-10",43,"Safe"
"20062","TAS","2010-10-11",57,"Safe"
"20063","TAS","2010-10-12",50,"Safe"
"20064","TAS","2010-10-13",33,"Safe"
"20065","TAS","2010-10-14",39,"Safe"
"20066","TAS","2010-10-15",65,"MinorHazard"
"20067","TAS","2010-10-16",57,"Safe"
"20068","TAS","2010-10-17",44,"Safe"
"20069","TAS","2010-10-18",72,"MinorHazard"
"20070","TAS","2010-10-19",44,"Safe"
"20071","TAS","2010-10-20",46,"Safe"
"20072","TAS","2010-10-21",37,"Safe"
"20073","TAS","2010-10-22",72,"MinorHazard"
"20074","TAS","2010-10-23",59,"Safe"
"20075","TAS","2010-10-24",50,"Safe"
"20076","TAS","2010-10-25",33,"Safe"
"20077","TAS","2010-10-26",39,"Safe"
"20078","TAS","2010-10-27",39,"Safe"
"20079","TAS","2010-10-28",52,"Safe"
"20080","TAS","2010-10-29",54,"Safe"
"20081","TAS","2010-10-30",33,"Safe"
"20082","TAS","2010-10-31",65,"MinorHazard"
"20083","TAS","2010-11-01",50,"Safe"
"20084","TAS","2010-11-02",54,"Safe"
"20085","TAS","2010-11-03",44,"Safe"
"20086","TAS","2010-11-04",33,"Safe"
"20087","TAS","2010-11-05",28,"Safe"
"20088","TAS","2010-11-06",33,"Safe"
"20089","TAS","2010-11-07",61,"Safe"
"20090","TAS","2010-11-08",57,"Safe"
"20091","TAS","2010-11-09",39,"Safe"
"20092","TAS","2010-11-10",39,"Safe"
"20093","TAS","2010-11-11",39,"Safe"
"20094","TAS","2010-11-12",56,"Safe"
"20095","TAS","2010-11-13",48,"Safe"
"20096","TAS","2010-11-14",56,"Safe"
"20097","TAS","2010-11-15",35,"Safe"
"20098","TAS","2010-11-16",39,"Safe"
"20099","TAS","2010-11-17",65,"MinorHazard"
"20100","TAS","2010-11-18",56,"Safe"
"20101","TAS","2010-11-19",43,"Safe"
"20102","TAS","2010-11-20",37,"Safe"
"20103","TAS","2010-11-21",33,"Safe"
"20104","TAS","2010-11-22",33,"Safe"
"20105","TAS","2010-11-23",63,"MinorHazard"
"20106","TAS","2010-11-24",37,"Safe"
"20107","TAS","2010-11-25",33,"Safe"
"20108","TAS","2010-11-26",35,"Safe"
"20109","TAS","2010-11-27",46,"Safe"
"20110","TAS","2010-11-28",50,"Safe"
"20111","TAS","2010-11-29",41,"Safe"
"20112","TAS","2010-11-30",30,"Safe"
"20113","TAS","2010-12-01",37,"Safe"
"20114","TAS","2010-12-02",30,"Safe"
"20115","TAS","2010-12-03",31,"Safe"
"20116","TAS","2010-12-04",59,"Safe"
"20117","TAS","2010-12-05",35,"Safe"
"20118","TAS","2010-12-06",43,"Safe"
"20119","TAS","2010-12-07",50,"Safe"
"20120","TAS","2010-12-08",57,"Safe"
"20121","TAS","2010-12-09",39,"Safe"
"20122","TAS","2010-12-10",85,"MinorHazard"
"20123","TAS","2010-12-11",72,"MinorHazard"
"20124","TAS","2010-12-12",85,"MinorHazard"
"20125","TAS","2010-12-13",54,"Safe"
"20126","TAS","2010-12-14",31,"Safe"
"20127","TAS","2010-12-15",72,"MinorHazard"
"20128","TAS","2010-12-16",41,"Safe"
"20129","TAS","2010-12-17",57,"Safe"
"20130","TAS","2010-12-18",39,"Safe"
"20131","TAS","2010-12-19",33,"Safe"
"20132","TAS","2010-12-20",52,"Safe"
"20133","TAS","2010-12-21",57,"Safe"
"20134","TAS","2010-12-22",50,"Safe"
"20135","TAS","2010-12-23",65,"MinorHazard"
"20136","TAS","2010-12-24",43,"Safe"
"20137","TAS","2010-12-25",37,"Safe"
"20138","TAS","2010-12-26",48,"Safe"
"20139","TAS","2010-12-27",57,"Safe"
"20140","TAS","2010-12-28",46,"Safe"
"20141","TAS","2010-12-29",61,"Safe"
"20142","TAS","2010-12-30",41,"Safe"
"20143","TAS","2010-12-31",35,"Safe"
"20144","TAS","2011-01-01",63,"MinorHazard"
"20145","TAS","2011-01-02",48,"Safe"
"20146","TAS","2011-01-03",39,"Safe"
"20147","TAS","2011-01-04",39,"Safe"
"20148","TAS","2011-01-05",33,"Safe"
"20149","TAS","2011-01-06",41,"Safe"
"20150","TAS","2011-01-07",56,"Safe"
"20151","TAS","2011-01-08",59,"Safe"
"20152","TAS","2011-01-09",46,"Safe"
"20153","TAS","2011-01-10",48,"Safe"
"20154","TAS","2011-01-11",26,"Safe"
"20155","TAS","2011-01-12",43,"Safe"
"20156","TAS","2011-01-14",63,"MinorHazard"
"20157","TAS","2011-01-15",76,"MinorHazard"
"20158","TAS","2011-01-16",48,"Safe"
"20159","TAS","2011-01-17",61,"Safe"
"20160","TAS","2011-01-18",41,"Safe"
"20161","TAS","2011-01-19",33,"Safe"
"20162","TAS","2011-01-20",37,"Safe"
"20163","TAS","2011-01-21",50,"Safe"
"20164","TAS","2011-01-22",39,"Safe"
"20165","TAS","2011-01-23",31,"Safe"
"20166","TAS","2011-01-24",61,"Safe"
"20167","TAS","2011-01-25",41,"Safe"
"20168","TAS","2011-01-26",50,"Safe"
"20169","TAS","2011-01-27",74,"MinorHazard"
"20170","TAS","2011-01-28",43,"Safe"
"20171","TAS","2011-01-29",46,"Safe"
"20172","TAS","2011-01-30",67,"MinorHazard"
"20173","TAS","2011-01-31",33,"Safe"
"20174","TAS","2011-02-01",57,"Safe"
"20175","TAS","2011-02-02",35,"Safe"
"20176","TAS","2011-02-03",37,"Safe"
"20177","TAS","2011-02-04",35,"Safe"
"20178","TAS","2011-02-05",48,"Safe"
"20179","TAS","2011-02-06",54,"Safe"
"20180","TAS","2011-02-07",69,"MinorHazard"
"20181","TAS","2011-02-08",43,"Safe"
"20182","TAS","2011-02-09",39,"Safe"
"20183","TAS","2011-02-10",44,"Safe"
"20184","TAS","2011-02-11",48,"Safe"
"20185","TAS","2011-02-12",41,"Safe"
"20186","TAS","2011-02-13",50,"Safe"
"20187","TAS","2011-02-14",35,"Safe"
"20188","TAS","2011-02-15",31,"Safe"
"20189","TAS","2011-02-16",43,"Safe"
"20190","TAS","2011-02-17",54,"Safe"
"20191","TAS","2011-02-18",31,"Safe"
"20192","TAS","2011-02-19",67,"MinorHazard"
"20193","TAS","2011-02-20",83,"MinorHazard"
"20194","TAS","2011-02-21",54,"Safe"
"20195","TAS","2011-02-22",37,"Safe"
"20196","TAS","2011-02-23",30,"Safe"
"20197","TAS","2011-02-24",28,"Safe"
"20198","TAS","2011-02-25",30,"Safe"
"20199","TAS","2011-02-26",43,"Safe"
"20200","TAS","2011-02-27",33,"Safe"
"20201","TAS","2011-02-28",37,"Safe"
"20202","TAS","2011-03-01",69,"MinorHazard"
"20203","TAS","2011-03-02",57,"Safe"
"20204","TAS","2011-03-03",69,"MinorHazard"
"20205","TAS","2011-03-04",67,"MinorHazard"
"20206","TAS","2011-03-05",31,"Safe"
"20207","TAS","2011-03-06",30,"Safe"
"20208","TAS","2011-03-07",44,"Safe"
"20209","TAS","2011-03-08",44,"Safe"
"20210","TAS","2011-03-09",31,"Safe"
"20211","TAS","2011-03-10",31,"Safe"
"20212","TAS","2011-03-11",30,"Safe"
"20213","TAS","2011-03-12",43,"Safe"
"20214","TAS","2011-03-13",54,"Safe"
"20215","TAS","2011-03-14",48,"Safe"
"20216","TAS","2011-03-15",33,"Safe"
"20217","TAS","2011-03-16",39,"Safe"
"20218","TAS","2011-03-17",46,"Safe"
"20219","TAS","2011-03-18",41,"Safe"
"20220","TAS","2011-03-19",26,"Safe"
"20221","TAS","2011-03-20",43,"Safe"
"20222","TAS","2011-03-21",35,"Safe"
"20223","TAS","2011-03-22",54,"Safe"
"20224","TAS","2011-03-23",57,"Safe"
"20225","TAS","2011-03-24",72,"MinorHazard"
"20226","TAS","2011-03-25",65,"MinorHazard"
"20227","TAS","2011-03-26",43,"Safe"
"20228","TAS","2011-03-27",31,"Safe"
"20229","TAS","2011-03-29",41,"Safe"
"20230","TAS","2011-03-30",81,"MinorHazard"
"20231","TAS","2011-03-31",52,"Safe"
"20232","TAS","2011-05-01",31,"Safe"
"20233","TAS","2011-05-02",19,"Safe"
"20234","TAS","2011-05-04",61,"Safe"
"20235","TAS","2011-05-05",39,"Safe"
"20236","TAS","2011-05-06",22,"Safe"
"20237","TAS","2011-05-07",33,"Safe"
"20238","TAS","2011-05-08",46,"Safe"
"20239","TAS","2011-05-09",37,"Safe"
"20240","TAS","2011-05-10",35,"Safe"
"20241","TAS","2011-05-11",48,"Safe"
"20242","TAS","2011-05-12",41,"Safe"
"20243","TAS","2011-05-13",61,"Safe"
"20244","TAS","2011-05-14",52,"Safe"
"20245","TAS","2011-05-15",65,"MinorHazard"
"20246","TAS","2011-05-16",54,"Safe"
"20247","TAS","2011-05-17",37,"Safe"
"20248","TAS","2011-05-18",37,"Safe"
"20249","TAS","2011-05-19",39,"Safe"
"20250","TAS","2011-05-20",48,"Safe"
"20251","TAS","2011-05-21",37,"Safe"
"20252","TAS","2011-05-22",63,"MinorHazard"
"20253","TAS","2011-05-23",57,"Safe"
"20254","TAS","2011-05-24",52,"Safe"
"20255","TAS","2011-05-25",26,"Safe"
"20256","TAS","2011-05-26",44,"Safe"
"20257","TAS","2011-05-27",43,"Safe"
"20258","TAS","2011-05-28",37,"Safe"
"20259","TAS","2011-05-29",33,"Safe"
"20260","TAS","2011-05-30",26,"Safe"
"20261","TAS","2011-05-31",33,"Safe"
"20262","TAS","2011-06-01",44,"Safe"
"20263","TAS","2011-06-02",50,"Safe"
"20264","TAS","2011-06-03",44,"Safe"
"20265","TAS","2011-06-04",67,"MinorHazard"
"20266","TAS","2011-06-05",87,"MinorHazard"
"20267","TAS","2011-06-06",44,"Safe"
"20268","TAS","2011-06-07",74,"MinorHazard"
"20269","TAS","2011-06-08",78,"MinorHazard"
"20270","TAS","2011-06-09",65,"MinorHazard"
"20271","TAS","2011-06-10",41,"Safe"
"20272","TAS","2011-06-11",28,"Safe"
"20273","TAS","2011-06-12",26,"Safe"
"20274","TAS","2011-06-13",28,"Safe"
"20275","TAS","2011-06-14",35,"Safe"
"20276","TAS","2011-06-15",28,"Safe"
"20277","TAS","2011-06-16",50,"Safe"
"20278","TAS","2011-06-17",59,"Safe"
"20279","TAS","2011-06-18",48,"Safe"
"20280","TAS","2011-06-19",46,"Safe"
"20281","TAS","2011-06-20",87,"MinorHazard"
"20282","TAS","2011-06-21",74,"MinorHazard"
"20283","TAS","2011-06-22",50,"Safe"
"20284","TAS","2011-06-23",48,"Safe"
"20285","TAS","2011-06-24",76,"MinorHazard"
"20286","TAS","2011-06-25",52,"Safe"
"20287","TAS","2011-06-26",59,"Safe"
"20288","TAS","2011-06-27",50,"Safe"
"20289","TAS","2011-06-28",26,"Safe"
"20290","TAS","2011-06-29",37,"Safe"
"20291","TAS","2011-06-30",41,"Safe"
"20292","TAS","2011-07-01",39,"Safe"
"20293","TAS","2011-07-02",46,"Safe"
"20294","TAS","2011-07-03",44,"Safe"
"20295","TAS","2011-07-04",76,"MinorHazard"
"20296","TAS","2011-07-05",76,"MinorHazard"
"20297","TAS","2011-07-06",46,"Safe"
"20298","TAS","2011-07-07",85,"MinorHazard"
"20299","TAS","2011-07-08",96,"Damaging"
"20300","TAS","2011-07-09",100,"Damaging"
"20301","TAS","2011-07-10",83,"MinorHazard"
"20302","TAS","2011-07-11",87,"MinorHazard"
"20303","TAS","2011-07-12",94,"Damaging"
"20304","TAS","2011-07-13",74,"MinorHazard"
"20305","TAS","2011-07-14",37,"Safe"
"20306","TAS","2011-07-15",22,"Safe"
"20307","TAS","2011-07-16",39,"Safe"
"20308","TAS","2011-07-17",30,"Safe"
"20309","TAS","2011-07-18",28,"Safe"
"20310","TAS","2011-07-19",48,"Safe"
"20311","TAS","2011-07-20",57,"Safe"
"20312","TAS","2011-07-21",52,"Safe"
"20313","TAS","2011-07-22",31,"Safe"
"20314","TAS","2011-07-23",22,"Safe"
"20315","TAS","2011-07-24",50,"Safe"
"20316","TAS","2011-07-25",33,"Safe"
"20317","TAS","2011-07-26",43,"Safe"
"20318","TAS","2011-07-27",50,"Safe"
"20319","TAS","2011-07-28",63,"MinorHazard"
"20320","TAS","2011-07-29",43,"Safe"
"20321","TAS","2011-07-30",46,"Safe"
"20322","TAS","2011-07-31",46,"Safe"
"20323","TAS","2011-08-01",74,"MinorHazard"
"20324","TAS","2011-08-02",65,"MinorHazard"
"20325","TAS","2011-08-03",46,"Safe"
"20326","TAS","2011-08-04",59,"Safe"
"20327","TAS","2011-08-05",30,"Safe"
"20328","TAS","2011-08-06",37,"Safe"
"20329","TAS","2011-08-07",52,"Safe"
"20330","TAS","2011-08-08",43,"Safe"
"20331","TAS","2011-08-09",52,"Safe"
"20332","TAS","2011-08-10",54,"Safe"
"20333","TAS","2011-08-11",37,"Safe"
"20334","TAS","2011-08-12",20,"Safe"
"20335","TAS","2011-08-13",28,"Safe"
"20336","TAS","2011-08-14",26,"Safe"
"20337","TAS","2011-08-15",33,"Safe"
"20338","TAS","2011-08-16",37,"Safe"
"20339","TAS","2011-08-17",56,"Safe"
"20340","TAS","2011-08-18",50,"Safe"
"20341","TAS","2011-08-19",33,"Safe"
"20342","TAS","2011-08-20",26,"Safe"
"20343","TAS","2011-08-21",28,"Safe"
"20344","TAS","2011-08-22",30,"Safe"
"20345","TAS","2011-08-23",54,"Safe"
"20346","TAS","2011-08-24",63,"MinorHazard"
"20347","TAS","2011-08-25",109,"Damaging"
"20348","TAS","2011-08-26",46,"Safe"
"20349","TAS","2011-08-27",54,"Safe"
"20350","TAS","2011-08-28",81,"MinorHazard"
"20351","TAS","2011-08-29",72,"MinorHazard"
"20352","TAS","2011-08-30",54,"Safe"
"20353","TAS","2011-08-31",41,"Safe"
"20354","TAS","2011-09-01",54,"Safe"
"20355","TAS","2011-09-02",31,"Safe"
"20356","TAS","2011-09-03",50,"Safe"
"20357","TAS","2011-09-04",61,"Safe"
"20358","TAS","2011-09-05",41,"Safe"
"20359","TAS","2011-09-06",63,"MinorHazard"
"20360","TAS","2011-09-07",46,"Safe"
"20361","TAS","2011-09-08",59,"Safe"
"20362","TAS","2011-09-09",48,"Safe"
"20363","TAS","2011-09-10",50,"Safe"
"20364","TAS","2011-09-11",63,"MinorHazard"
"20365","TAS","2011-09-12",48,"Safe"
"20366","TAS","2011-09-13",72,"MinorHazard"
"20367","TAS","2011-09-14",72,"MinorHazard"
"20368","TAS","2011-09-15",48,"Safe"
"20369","TAS","2011-09-16",87,"MinorHazard"
"20370","TAS","2011-09-17",44,"Safe"
"20371","TAS","2011-09-18",31,"Safe"
"20372","TAS","2011-09-19",54,"Safe"
"20373","TAS","2011-09-20",74,"MinorHazard"
"20374","TAS","2011-09-21",78,"MinorHazard"
"20375","TAS","2011-09-22",78,"MinorHazard"
"20376","TAS","2011-09-23",76,"MinorHazard"
"20377","TAS","2011-09-24",35,"Safe"
"20378","TAS","2011-09-25",28,"Safe"
"20379","TAS","2011-09-26",33,"Safe"
"20380","TAS","2011-09-27",28,"Safe"
"20381","TAS","2011-09-28",44,"Safe"
"20382","TAS","2011-09-29",44,"Safe"
"20383","TAS","2011-09-30",46,"Safe"
"20384","TAS","2011-10-01",52,"Safe"
"20385","TAS","2011-10-02",33,"Safe"
"20386","TAS","2011-10-03",33,"Safe"
"20387","TAS","2011-10-04",31,"Safe"
"20388","TAS","2011-10-05",35,"Safe"
"20389","TAS","2011-10-06",15,"Safe"
"20390","TAS","2011-10-07",28,"Safe"
"20391","TAS","2011-10-08",31,"Safe"
"20392","TAS","2011-10-09",50,"Safe"
"20393","TAS","2011-10-10",61,"Safe"
"20394","TAS","2011-10-11",52,"Safe"
"20395","TAS","2011-10-12",39,"Safe"
"20396","TAS","2011-10-13",35,"Safe"
"20397","TAS","2011-10-14",35,"Safe"
"20398","TAS","2011-10-15",69,"MinorHazard"
"20399","TAS","2011-10-16",83,"MinorHazard"
"20400","TAS","2011-10-17",43,"Safe"
"20401","TAS","2011-10-18",46,"Safe"
"20402","TAS","2011-10-19",59,"Safe"
"20403","TAS","2011-10-20",56,"Safe"
"20404","TAS","2011-10-21",35,"Safe"
"20405","TAS","2011-10-22",33,"Safe"
"20406","TAS","2011-10-23",39,"Safe"
"20407","TAS","2011-10-24",54,"Safe"
"20408","TAS","2011-10-25",41,"Safe"
"20409","TAS","2011-10-26",28,"Safe"
"20410","TAS","2011-10-27",39,"Safe"
"20411","TAS","2011-10-28",48,"Safe"
"20412","TAS","2011-10-29",50,"Safe"
"20413","TAS","2011-10-30",44,"Safe"
"20414","TAS","2011-10-31",35,"Safe"
"20415","TAS","2011-11-01",50,"Safe"
"20416","TAS","2011-11-02",57,"Safe"
"20417","TAS","2011-11-03",52,"Safe"
"20418","TAS","2011-11-04",35,"Safe"
"20419","TAS","2011-11-05",39,"Safe"
"20420","TAS","2011-11-06",74,"MinorHazard"
"20421","TAS","2011-11-07",50,"Safe"
"20422","TAS","2011-11-08",52,"Safe"
"20423","TAS","2011-11-09",41,"Safe"
"20424","TAS","2011-11-10",72,"MinorHazard"
"20425","TAS","2011-11-11",50,"Safe"
"20426","TAS","2011-11-12",52,"Safe"
"20427","TAS","2011-11-13",33,"Safe"
"20428","TAS","2011-11-14",65,"MinorHazard"
"20429","TAS","2011-11-15",72,"MinorHazard"
"20430","TAS","2011-11-16",74,"MinorHazard"
"20431","TAS","2011-11-17",44,"Safe"
"20432","TAS","2011-11-18",46,"Safe"
"20433","TAS","2011-11-19",37,"Safe"
"20434","TAS","2011-11-20",76,"MinorHazard"
"20435","TAS","2011-11-21",61,"Safe"
"20436","TAS","2011-11-22",61,"Safe"
"20437","TAS","2011-11-23",50,"Safe"
"20438","TAS","2011-11-24",33,"Safe"
"20439","TAS","2011-11-25",39,"Safe"
"20440","TAS","2011-11-26",39,"Safe"
"20441","TAS","2011-11-27",56,"Safe"
"20442","TAS","2011-11-28",35,"Safe"
"20443","TAS","2011-11-29",63,"MinorHazard"
"20444","TAS","2011-11-30",63,"MinorHazard"
"20445","TAS","2011-12-01",63,"MinorHazard"
"20446","TAS","2011-12-02",33,"Safe"
"20447","TAS","2011-12-03",59,"Safe"
"20448","TAS","2011-12-04",57,"Safe"
"20449","TAS","2011-12-05",35,"Safe"
"20450","TAS","2011-12-06",33,"Safe"
"20451","TAS","2011-12-07",31,"Safe"
"20452","TAS","2011-12-08",33,"Safe"
"20453","TAS","2011-12-09",35,"Safe"
"20454","TAS","2011-12-10",44,"Safe"
"20455","TAS","2011-12-11",54,"Safe"
"20456","TAS","2011-12-12",46,"Safe"
"20457","TAS","2011-12-13",44,"Safe"
"20458","TAS","2011-12-14",43,"Safe"
"20459","TAS","2011-12-15",37,"Safe"
"20460","TAS","2011-12-16",33,"Safe"
"20461","TAS","2011-12-17",39,"Safe"
"20462","TAS","2011-12-18",54,"Safe"
"20463","TAS","2011-12-19",39,"Safe"
"20464","TAS","2011-12-20",50,"Safe"
"20465","TAS","2011-12-21",43,"Safe"
"20466","TAS","2011-12-22",30,"Safe"
"20467","TAS","2011-12-23",35,"Safe"
"20468","TAS","2011-12-24",37,"Safe"
"20469","TAS","2011-12-25",35,"Safe"
"20470","TAS","2011-12-26",65,"MinorHazard"
"20471","TAS","2011-12-27",52,"Safe"
"20472","TAS","2011-12-28",43,"Safe"
"20473","TAS","2011-12-29",39,"Safe"
"20474","TAS","2011-12-30",39,"Safe"
"20475","TAS","2011-12-31",39,"Safe"
"20476","TAS","2012-01-01",35,"Safe"
"20477","TAS","2012-01-02",39,"Safe"
"20478","TAS","2012-01-03",61,"Safe"
"20479","TAS","2012-01-04",67,"MinorHazard"
"20480","TAS","2012-01-05",54,"Safe"
"20481","TAS","2012-01-06",39,"Safe"
"20482","TAS","2012-01-07",46,"Safe"
"20483","TAS","2012-01-08",89,"MinorHazard"
"20484","TAS","2012-01-09",76,"MinorHazard"
"20485","TAS","2012-01-10",54,"Safe"
"20486","TAS","2012-01-11",63,"MinorHazard"
"20487","TAS","2012-01-12",44,"Safe"
"20488","TAS","2012-01-13",48,"Safe"
"20489","TAS","2012-01-14",46,"Safe"
"20490","TAS","2012-01-15",41,"Safe"
"20491","TAS","2012-01-16",48,"Safe"
"20492","TAS","2012-01-17",59,"Safe"
"20493","TAS","2012-01-18",59,"Safe"
"20494","TAS","2012-01-19",41,"Safe"
"20495","TAS","2012-01-20",37,"Safe"
"20496","TAS","2012-01-21",46,"Safe"
"20497","TAS","2012-01-22",37,"Safe"
"20498","TAS","2012-01-23",50,"Safe"
"20499","TAS","2012-01-24",56,"Safe"
"20500","TAS","2012-01-25",39,"Safe"
"20501","TAS","2012-01-26",57,"Safe"
"20502","TAS","2012-01-27",41,"Safe"
"20503","TAS","2012-01-28",39,"Safe"
"20504","TAS","2012-01-29",41,"Safe"
"20505","TAS","2012-01-30",89,"MinorHazard"
"20506","TAS","2012-01-31",70,"MinorHazard"
"20507","TAS","2012-02-01",30,"Safe"
"20508","TAS","2012-02-02",28,"Safe"
"20509","TAS","2012-02-03",30,"Safe"
"20510","TAS","2012-02-04",37,"Safe"
"20511","TAS","2012-02-05",78,"MinorHazard"
"20512","TAS","2012-02-06",69,"MinorHazard"
"20513","TAS","2012-02-07",41,"Safe"
"20514","TAS","2012-02-08",33,"Safe"
"20515","TAS","2012-02-09",31,"Safe"
"20516","TAS","2012-02-10",31,"Safe"
"20517","TAS","2012-02-11",39,"Safe"
"20518","TAS","2012-02-12",33,"Safe"
"20519","TAS","2012-02-13",39,"Safe"
"20520","TAS","2012-02-14",33,"Safe"
"20521","TAS","2012-02-15",35,"Safe"
"20522","TAS","2012-02-16",61,"Safe"
"20523","TAS","2012-02-17",39,"Safe"
"20524","TAS","2012-02-18",20,"Safe"
"20525","TAS","2012-02-19",31,"Safe"
"20526","TAS","2012-02-20",50,"Safe"
"20527","TAS","2012-02-21",31,"Safe"
"20528","TAS","2012-02-22",39,"Safe"
"20529","TAS","2012-02-23",59,"Safe"
"20530","TAS","2012-02-24",37,"Safe"
"20531","TAS","2012-02-25",59,"Safe"
"20532","TAS","2012-02-26",65,"MinorHazard"
"20533","TAS","2012-02-27",48,"Safe"
"20534","TAS","2012-02-28",48,"Safe"
"20535","TAS","2012-02-29",35,"Safe"
"20536","TAS","2012-03-01",56,"Safe"
"20537","TAS","2012-03-02",50,"Safe"
"20538","TAS","2012-03-03",33,"Safe"
"20539","TAS","2012-03-04",59,"Safe"
"20540","TAS","2012-03-05",54,"Safe"
"20541","TAS","2012-03-06",57,"Safe"
"20542","TAS","2012-03-07",52,"Safe"
"20543","TAS","2012-03-08",44,"Safe"
"20544","TAS","2012-03-09",44,"Safe"
"20545","TAS","2012-03-10",50,"Safe"
"20546","TAS","2012-03-11",44,"Safe"
"20547","TAS","2012-03-12",31,"Safe"
"20548","TAS","2012-03-13",30,"Safe"
"20549","TAS","2012-03-14",35,"Safe"
"20550","TAS","2012-03-15",28,"Safe"
"20551","TAS","2012-03-16",56,"Safe"
"20552","TAS","2012-03-17",46,"Safe"
"20553","TAS","2012-03-18",35,"Safe"
"20554","TAS","2012-03-19",43,"Safe"
"20555","TAS","2012-03-20",72,"MinorHazard"
"20556","TAS","2012-03-21",65,"MinorHazard"
"20557","TAS","2012-03-22",54,"Safe"
"20558","TAS","2012-03-23",69,"MinorHazard"
"20559","TAS","2012-03-24",48,"Safe"
"20560","TAS","2012-03-25",43,"Safe"
"20561","TAS","2012-03-26",31,"Safe"
"20562","TAS","2012-03-27",50,"Safe"
"20563","TAS","2012-03-28",22,"Safe"
"20564","TAS","2012-03-29",39,"Safe"
"20565","TAS","2012-03-30",28,"Safe"
"20566","TAS","2012-03-31",72,"MinorHazard"
"20567","TAS","2012-04-01",50,"Safe"
"20568","TAS","2012-04-02",52,"Safe"
"20569","TAS","2012-04-03",39,"Safe"
"20570","TAS","2012-04-04",50,"Safe"
"20571","TAS","2012-04-05",39,"Safe"
"20572","TAS","2012-04-06",61,"Safe"
"20573","TAS","2012-04-07",72,"MinorHazard"
"20574","TAS","2012-04-08",65,"MinorHazard"
"20575","TAS","2012-04-09",54,"Safe"
"20576","TAS","2012-04-10",39,"Safe"
"20577","TAS","2012-04-11",35,"Safe"
"20578","TAS","2012-04-12",65,"MinorHazard"
"20579","TAS","2012-04-13",43,"Safe"
"20580","TAS","2012-04-14",57,"Safe"
"20581","TAS","2012-04-15",43,"Safe"
"20582","TAS","2012-04-16",35,"Safe"
"20583","TAS","2012-04-17",24,"Safe"
"20584","TAS","2012-04-18",30,"Safe"
"20585","TAS","2012-04-19",46,"Safe"
"20586","TAS","2012-04-20",50,"Safe"
"20587","TAS","2012-04-21",31,"Safe"
"20588","TAS","2012-04-22",48,"Safe"
"20589","TAS","2012-04-23",48,"Safe"
"20590","TAS","2012-04-24",30,"Safe"
"20591","TAS","2012-04-25",48,"Safe"
"20592","TAS","2012-04-26",43,"Safe"
"20593","TAS","2012-04-27",48,"Safe"
"20594","TAS","2012-04-28",91,"Damaging"
"20595","TAS","2012-04-29",46,"Safe"
"20596","TAS","2012-04-30",31,"Safe"
"20597","TAS","2012-05-01",39,"Safe"
"20598","TAS","2012-05-02",50,"Safe"
"20599","TAS","2012-05-03",57,"Safe"
"20600","TAS","2012-05-04",24,"Safe"
"20601","TAS","2012-05-05",39,"Safe"
"20602","TAS","2012-05-06",35,"Safe"
"20603","TAS","2012-05-07",43,"Safe"
"20604","TAS","2012-05-08",28,"Safe"
"20605","TAS","2012-05-09",41,"Safe"
"20606","TAS","2012-05-10",41,"Safe"
"20607","TAS","2012-05-11",76,"MinorHazard"
"20608","TAS","2012-05-12",78,"MinorHazard"
"20609","TAS","2012-05-13",54,"Safe"
"20610","TAS","2012-05-14",43,"Safe"
"20611","TAS","2012-05-15",44,"Safe"
"20612","TAS","2012-05-16",37,"Safe"
"20613","TAS","2012-05-17",46,"Safe"
"20614","TAS","2012-05-18",56,"Safe"
"20615","TAS","2012-05-19",41,"Safe"
"20616","TAS","2012-05-20",50,"Safe"
"20617","TAS","2012-05-21",65,"MinorHazard"
"20618","TAS","2012-05-22",70,"MinorHazard"
"20619","TAS","2012-05-23",56,"Safe"
"20620","TAS","2012-05-24",50,"Safe"
"20621","TAS","2012-05-25",74,"MinorHazard"
"20622","TAS","2012-05-26",57,"Safe"
"20623","TAS","2012-05-27",52,"Safe"
"20624","TAS","2012-05-28",74,"MinorHazard"
"20625","TAS","2012-05-29",41,"Safe"
"20626","TAS","2012-05-30",41,"Safe"
"20627","TAS","2012-05-31",26,"Safe"
"20628","TAS","2012-06-01",39,"Safe"
"20629","TAS","2012-06-02",46,"Safe"
"20630","TAS","2012-06-03",50,"Safe"
"20631","TAS","2012-06-04",69,"MinorHazard"
"20632","TAS","2012-06-05",67,"MinorHazard"
"20633","TAS","2012-06-06",46,"Safe"
"20634","TAS","2012-06-07",46,"Safe"
"20635","TAS","2012-06-08",35,"Safe"
"20636","TAS","2012-06-09",33,"Safe"
"20637","TAS","2012-06-10",26,"Safe"
"20638","TAS","2012-06-11",24,"Safe"
"20639","TAS","2012-06-12",31,"Safe"
"20640","TAS","2012-06-13",35,"Safe"
"20641","TAS","2012-06-14",31,"Safe"
"20642","TAS","2012-06-15",24,"Safe"
"20643","TAS","2012-06-16",35,"Safe"
"20644","TAS","2012-06-17",46,"Safe"
"20645","TAS","2012-06-18",44,"Safe"
"20646","TAS","2012-06-19",59,"Safe"
"20647","TAS","2012-06-20",61,"Safe"
"20648","TAS","2012-06-21",54,"Safe"
"20649","TAS","2012-06-22",44,"Safe"
"20650","TAS","2012-06-23",65,"MinorHazard"
"20651","TAS","2012-06-24",70,"MinorHazard"
"20652","TAS","2012-06-25",76,"MinorHazard"
"20653","TAS","2012-06-26",31,"Safe"
"20654","TAS","2012-06-27",26,"Safe"
"20655","TAS","2012-06-28",43,"Safe"
"20656","TAS","2012-06-29",61,"Safe"
"20657","TAS","2012-06-30",31,"Safe"
"20658","TAS","2012-07-01",48,"Safe"
"20659","TAS","2012-07-02",43,"Safe"
"20660","TAS","2012-07-03",31,"Safe"
"20661","TAS","2012-07-04",31,"Safe"
"20662","TAS","2012-07-05",35,"Safe"
"20663","TAS","2012-07-06",31,"Safe"
"20664","TAS","2012-07-07",31,"Safe"
"20665","TAS","2012-07-08",35,"Safe"
"20666","TAS","2012-07-09",37,"Safe"
"20667","TAS","2012-07-10",31,"Safe"
"20668","TAS","2012-07-11",44,"Safe"
"20669","TAS","2012-07-12",48,"Safe"
"20670","TAS","2012-07-13",22,"Safe"
"20671","TAS","2012-07-14",30,"Safe"
"20672","TAS","2012-07-15",69,"MinorHazard"
"20673","TAS","2012-07-16",74,"MinorHazard"
"20674","TAS","2012-07-17",65,"MinorHazard"
"20675","TAS","2012-07-18",50,"Safe"
"20676","TAS","2012-07-19",43,"Safe"
"20677","TAS","2012-07-20",48,"Safe"
"20678","TAS","2012-07-21",52,"Safe"
"20679","TAS","2012-07-22",26,"Safe"
"20680","TAS","2012-07-23",30,"Safe"
"20681","TAS","2012-07-24",31,"Safe"
"20682","TAS","2012-07-25",39,"Safe"
"20683","TAS","2012-07-26",46,"Safe"
"20684","TAS","2012-07-27",30,"Safe"
"20685","TAS","2012-07-28",59,"Safe"
"20686","TAS","2012-07-29",54,"Safe"
"20687","TAS","2012-07-30",50,"Safe"
"20688","TAS","2012-07-31",37,"Safe"
"20689","TAS","2012-08-01",24,"Safe"
"20690","TAS","2012-08-02",30,"Safe"
"20691","TAS","2012-08-03",35,"Safe"
"20692","TAS","2012-08-04",37,"Safe"
"20693","TAS","2012-08-05",87,"MinorHazard"
"20694","TAS","2012-08-06",80,"MinorHazard"
"20695","TAS","2012-08-07",54,"Safe"
"20696","TAS","2012-08-08",63,"MinorHazard"
"20697","TAS","2012-08-09",67,"MinorHazard"
"20698","TAS","2012-08-10",44,"Safe"
"20699","TAS","2012-08-11",31,"Safe"
"20700","TAS","2012-08-12",33,"Safe"
"20701","TAS","2012-08-13",35,"Safe"
"20702","TAS","2012-08-14",46,"Safe"
"20703","TAS","2012-08-15",63,"MinorHazard"
"20704","TAS","2012-08-16",35,"Safe"
"20705","TAS","2012-08-17",30,"Safe"
"20706","TAS","2012-08-18",56,"Safe"
"20707","TAS","2012-08-19",33,"Safe"
"20708","TAS","2012-08-20",33,"Safe"
"20709","TAS","2012-08-21",41,"Safe"
"20710","TAS","2012-08-22",69,"MinorHazard"
"20711","TAS","2012-08-23",59,"Safe"
"20712","TAS","2012-08-24",41,"Safe"
"20713","TAS","2012-08-25",72,"MinorHazard"
"20714","TAS","2012-08-26",78,"MinorHazard"
"20715","TAS","2012-08-27",61,"Safe"
"20716","TAS","2012-08-28",41,"Safe"
"20717","TAS","2012-08-29",72,"MinorHazard"
"20718","TAS","2012-08-30",43,"Safe"
"20719","TAS","2012-08-31",65,"MinorHazard"
"20720","TAS","2012-09-01",33,"Safe"
"20721","TAS","2012-09-02",35,"Safe"
"20722","TAS","2012-09-03",59,"Safe"
"20723","TAS","2012-09-04",69,"MinorHazard"
"20724","TAS","2012-09-05",81,"MinorHazard"
"20725","TAS","2012-09-06",85,"MinorHazard"
"20726","TAS","2012-09-07",76,"MinorHazard"
"20727","TAS","2012-09-08",107,"Damaging"
"20728","TAS","2012-09-09",98,"Damaging"
"20729","TAS","2012-09-10",74,"MinorHazard"
"20730","TAS","2012-09-11",37,"Safe"
"20731","TAS","2012-09-12",87,"MinorHazard"
"20732","TAS","2012-09-13",61,"Safe"
"20733","TAS","2012-09-14",74,"MinorHazard"
"20734","TAS","2012-09-15",33,"Safe"
"20735","TAS","2012-09-16",43,"Safe"
"20736","TAS","2012-09-17",30,"Safe"
"20737","TAS","2012-09-18",28,"Safe"
"20738","TAS","2012-09-19",35,"Safe"
"20739","TAS","2012-09-20",37,"Safe"
"20740","TAS","2012-09-21",54,"Safe"
"20741","TAS","2012-09-22",33,"Safe"
"20742","TAS","2012-09-23",56,"Safe"
"20743","TAS","2012-09-24",57,"Safe"
"20744","TAS","2012-09-25",44,"Safe"
"20745","TAS","2012-09-26",54,"Safe"
"20746","TAS","2012-09-27",70,"MinorHazard"
"20747","TAS","2012-09-28",65,"MinorHazard"
"20748","TAS","2012-09-29",78,"MinorHazard"
"20749","TAS","2012-09-30",50,"Safe"
"20750","TAS","2012-10-01",41,"Safe"
"20751","TAS","2012-10-02",63,"MinorHazard"
"20752","TAS","2012-10-03",70,"MinorHazard"
"20753","TAS","2012-10-04",104,"Damaging"
"20754","TAS","2012-10-05",80,"MinorHazard"
"20755","TAS","2012-10-06",24,"Safe"
"20756","TAS","2012-10-07",43,"Safe"
"20757","TAS","2012-10-08",50,"Safe"
"20758","TAS","2012-10-09",46,"Safe"
"20759","TAS","2012-10-10",37,"Safe"
"20760","TAS","2012-10-11",39,"Safe"
"20761","TAS","2012-10-12",37,"Safe"
"20762","TAS","2012-10-13",28,"Safe"
"20763","TAS","2012-10-14",31,"Safe"
"20764","TAS","2012-10-15",57,"Safe"
"20765","TAS","2012-10-16",57,"Safe"
"20766","TAS","2012-10-17",57,"Safe"
"20767","TAS","2012-10-18",37,"Safe"
"20768","TAS","2012-10-19",56,"Safe"
"20769","TAS","2012-10-20",57,"Safe"
"20770","TAS","2012-10-21",44,"Safe"
"20771","TAS","2012-10-22",41,"Safe"
"20772","TAS","2012-10-23",57,"Safe"
"20773","TAS","2012-10-24",50,"Safe"
"20774","TAS","2012-10-25",39,"Safe"
"20775","TAS","2012-10-26",56,"Safe"
"20776","TAS","2012-10-27",48,"Safe"
"20777","TAS","2012-10-28",35,"Safe"
"20778","TAS","2012-10-29",35,"Safe"
"20779","TAS","2012-10-30",65,"MinorHazard"
"20780","TAS","2012-10-31",30,"Safe"
"20781","TAS","2012-11-01",56,"Safe"
"20782","TAS","2012-11-02",48,"Safe"
"20783","TAS","2012-11-03",41,"Safe"
"20784","TAS","2012-11-04",28,"Safe"
"20785","TAS","2012-11-05",35,"Safe"
"20786","TAS","2012-11-06",43,"Safe"
"20787","TAS","2012-11-07",39,"Safe"
"20788","TAS","2012-11-08",43,"Safe"
"20789","TAS","2012-11-09",43,"Safe"
"20790","TAS","2012-11-10",44,"Safe"
"20791","TAS","2012-11-11",41,"Safe"
"20792","TAS","2012-11-12",74,"MinorHazard"
"20793","TAS","2012-11-13",31,"Safe"
"20794","TAS","2012-11-14",37,"Safe"
"20795","TAS","2012-11-15",48,"Safe"
"20796","TAS","2012-11-16",52,"Safe"
"20797","TAS","2012-11-17",33,"Safe"
"20798","TAS","2012-11-18",31,"Safe"
"20799","TAS","2012-11-19",44,"Safe"
"20800","TAS","2012-11-20",52,"Safe"
"20801","TAS","2012-11-21",69,"MinorHazard"
"20802","TAS","2012-11-22",56,"Safe"
"20803","TAS","2012-11-23",37,"Safe"
"20804","TAS","2012-11-24",39,"Safe"
"20805","TAS","2012-11-25",37,"Safe"
"20806","TAS","2012-11-26",37,"Safe"
"20807","TAS","2012-11-27",31,"Safe"
"20808","TAS","2012-11-28",33,"Safe"
"20809","TAS","2012-11-29",41,"Safe"
"20810","TAS","2012-11-30",83,"MinorHazard"
"20811","TAS","2013-01-01",57,"Safe"
"20812","TAS","2013-01-02",43,"Safe"
"20813","TAS","2013-01-03",98,"Damaging"
"20814","TAS","2013-01-04",83,"MinorHazard"
"20815","TAS","2013-01-05",43,"Safe"
"20816","TAS","2013-01-06",50,"Safe"
"20817","TAS","2013-01-07",43,"Safe"
"20818","TAS","2013-01-08",69,"MinorHazard"
"20819","TAS","2013-01-09",76,"MinorHazard"
"20820","TAS","2013-01-10",50,"Safe"
"20821","TAS","2013-01-11",65,"MinorHazard"
"20822","TAS","2013-01-12",61,"Safe"
"20823","TAS","2013-01-13",65,"MinorHazard"
"20824","TAS","2013-01-14",41,"Safe"
"20825","TAS","2013-01-15",48,"Safe"
"20826","TAS","2013-01-16",44,"Safe"
"20827","TAS","2013-01-17",39,"Safe"
"20828","TAS","2013-01-18",61,"Safe"
"20829","TAS","2013-01-19",61,"Safe"
"20830","TAS","2013-01-20",37,"Safe"
"20831","TAS","2013-01-21",43,"Safe"
"20832","TAS","2013-01-22",50,"Safe"
"20833","TAS","2013-01-23",41,"Safe"
"20834","TAS","2013-01-24",50,"Safe"
"20835","TAS","2013-01-25",59,"Safe"
"20836","TAS","2013-01-26",48,"Safe"
"20837","TAS","2013-01-27",46,"Safe"
"20838","TAS","2013-01-28",50,"Safe"
"20839","TAS","2013-01-29",43,"Safe"
"20840","TAS","2013-01-30",52,"Safe"
"20841","TAS","2013-01-31",33,"Safe"
"20842","TAS","2013-03-01",37,"Safe"
"20843","TAS","2013-03-02",35,"Safe"
"20844","TAS","2013-03-03",35,"Safe"
"20845","TAS","2013-03-04",35,"Safe"
"20846","TAS","2013-03-05",31,"Safe"
"20847","TAS","2013-03-06",43,"Safe"
"20848","TAS","2013-03-07",41,"Safe"
"20849","TAS","2013-03-08",31,"Safe"
"20850","TAS","2013-03-09",31,"Safe"
"20851","TAS","2013-03-10",31,"Safe"
"20852","TAS","2013-03-11",28,"Safe"
"20853","TAS","2013-03-12",54,"Safe"
"20854","TAS","2013-03-13",87,"MinorHazard"
"20855","TAS","2013-03-14",63,"MinorHazard"
"20856","TAS","2013-03-15",44,"Safe"
"20857","TAS","2013-03-16",56,"Safe"
"20858","TAS","2013-03-17",57,"Safe"
"20859","TAS","2013-03-18",39,"Safe"
"20860","TAS","2013-03-19",28,"Safe"
"20861","TAS","2013-03-20",46,"Safe"
"20862","TAS","2013-03-21",65,"MinorHazard"
"20863","TAS","2013-03-22",65,"MinorHazard"
"20864","TAS","2013-03-23",46,"Safe"
"20865","TAS","2013-03-24",81,"MinorHazard"
"20866","TAS","2013-03-25",35,"Safe"
"20867","TAS","2013-03-26",41,"Safe"
"20868","TAS","2013-03-27",80,"MinorHazard"
"20869","TAS","2013-03-28",56,"Safe"
"20870","TAS","2013-03-29",57,"Safe"
"20871","TAS","2013-03-30",54,"Safe"
"20872","TAS","2013-03-31",89,"MinorHazard"
"20873","TAS","2013-04-01",57,"Safe"
"20874","TAS","2013-04-02",52,"Safe"
"20875","TAS","2013-04-03",41,"Safe"
"20876","TAS","2013-04-04",43,"Safe"
"20877","TAS","2013-04-05",30,"Safe"
"20878","TAS","2013-04-06",30,"Safe"
"20879","TAS","2013-04-07",39,"Safe"
"20880","TAS","2013-04-08",28,"Safe"
"20881","TAS","2013-04-09",24,"Safe"
"20882","TAS","2013-04-10",56,"Safe"
"20883","TAS","2013-04-11",30,"Safe"
"20884","TAS","2013-04-12",35,"Safe"
"20885","TAS","2013-04-13",69,"MinorHazard"
"20886","TAS","2013-04-14",63,"MinorHazard"
"20887","TAS","2013-04-15",28,"Safe"
"20888","TAS","2013-04-16",31,"Safe"
"20889","TAS","2013-04-17",31,"Safe"
"20890","TAS","2013-04-18",56,"Safe"
"20891","TAS","2013-04-19",57,"Safe"
"20892","TAS","2013-04-20",28,"Safe"
"20893","TAS","2013-04-21",28,"Safe"
"20894","TAS","2013-04-22",37,"Safe"
"20895","TAS","2013-04-23",54,"Safe"
"20896","TAS","2013-04-24",54,"Safe"
"20897","TAS","2013-04-25",96,"Damaging"
"20898","TAS","2013-04-26",67,"MinorHazard"
"20899","TAS","2013-04-27",96,"Damaging"
"20900","TAS","2013-04-28",72,"MinorHazard"
"20901","TAS","2013-04-29",46,"Safe"
"20902","TAS","2013-04-30",46,"Safe"
"20903","TAS","2013-05-01",50,"Safe"
"20904","TAS","2013-05-02",43,"Safe"
"20905","TAS","2013-05-03",102,"Damaging"
"20906","TAS","2013-05-04",63,"MinorHazard"
"20907","TAS","2013-05-05",31,"Safe"
"20908","TAS","2013-05-06",26,"Safe"
"20909","TAS","2013-05-07",31,"Safe"
"20910","TAS","2013-05-08",52,"Safe"
"20911","TAS","2013-05-09",41,"Safe"
"20912","TAS","2013-05-10",31,"Safe"
"20913","TAS","2013-05-11",39,"Safe"
"20914","TAS","2013-05-12",39,"Safe"
"20915","TAS","2013-05-13",37,"Safe"
"20916","TAS","2013-05-14",37,"Safe"
"20917","TAS","2013-05-15",35,"Safe"
"20918","TAS","2013-05-16",43,"Safe"
"20919","TAS","2013-05-17",43,"Safe"
"20920","TAS","2013-05-18",39,"Safe"
"20921","TAS","2013-05-19",44,"Safe"
"20922","TAS","2013-05-20",31,"Safe"
"20923","TAS","2013-05-21",24,"Safe"
"20924","TAS","2013-05-22",26,"Safe"
"20925","TAS","2013-05-23",31,"Safe"
"20926","TAS","2013-05-24",59,"Safe"
"20927","TAS","2013-05-25",81,"MinorHazard"
"20928","TAS","2013-05-26",72,"MinorHazard"
"20929","TAS","2013-05-27",26,"Safe"
"20930","TAS","2013-05-28",30,"Safe"
"20931","TAS","2013-05-29",30,"Safe"
"20932","TAS","2013-05-30",33,"Safe"
"20933","TAS","2013-05-31",41,"Safe"
"20934","TAS","2013-06-01",43,"Safe"
"20935","TAS","2013-06-02",46,"Safe"
"20936","TAS","2013-06-03",56,"Safe"
"20937","TAS","2013-06-04",54,"Safe"
"20938","TAS","2013-06-05",35,"Safe"
"20939","TAS","2013-06-06",61,"Safe"
"20940","TAS","2013-06-07",50,"Safe"
"20941","TAS","2013-06-08",59,"Safe"
"20942","TAS","2013-06-09",37,"Safe"
"20943","TAS","2013-06-10",56,"Safe"
"20944","TAS","2013-06-11",31,"Safe"
"20945","TAS","2013-06-12",35,"Safe"
"20946","TAS","2013-06-13",54,"Safe"
"20947","TAS","2013-06-14",65,"MinorHazard"
"20948","TAS","2013-06-15",56,"Safe"
"20949","TAS","2013-06-16",57,"Safe"
"20950","TAS","2013-06-17",44,"Safe"
"20951","TAS","2013-06-18",39,"Safe"
"20952","TAS","2013-06-19",35,"Safe"
"20953","TAS","2013-06-20",22,"Safe"
"20954","TAS","2013-06-21",35,"Safe"
"20955","TAS","2013-06-22",31,"Safe"
"20956","TAS","2013-06-23",28,"Safe"
"20957","TAS","2013-06-24",30,"Safe"
"20958","TAS","2013-06-25",30,"Safe"
"20959","TAS","2013-06-26",33,"Safe"
"20960","TAS","2013-06-27",28,"Safe"
"20961","TAS","2013-06-28",30,"Safe"
"20962","TAS","2013-06-29",44,"Safe"
"20963","TAS","2013-06-30",50,"Safe"
"20964","TAS","2013-07-01",98,"Damaging"
"20965","TAS","2013-07-02",70,"MinorHazard"
"20966","TAS","2013-07-03",72,"MinorHazard"
"20967","TAS","2013-07-04",91,"Damaging"
"20968","TAS","2013-07-05",80,"MinorHazard"
"20969","TAS","2013-07-06",72,"MinorHazard"
"20970","TAS","2013-07-07",44,"Safe"
"20971","TAS","2013-07-08",46,"Safe"
"20972","TAS","2013-07-09",33,"Safe"
"20973","TAS","2013-07-10",44,"Safe"
"20974","TAS","2013-07-11",37,"Safe"
"20975","TAS","2013-07-12",52,"Safe"
"20976","TAS","2013-07-13",24,"Safe"
"20977","TAS","2013-07-14",41,"Safe"
"20978","TAS","2013-07-15",31,"Safe"
"20979","TAS","2013-07-16",33,"Safe"
"20980","TAS","2013-07-17",43,"Safe"
"20981","TAS","2013-07-18",46,"Safe"
"20982","TAS","2013-07-19",80,"MinorHazard"
"20983","TAS","2013-07-20",37,"Safe"
"20984","TAS","2013-07-21",65,"MinorHazard"
"20985","TAS","2013-07-22",48,"Safe"
"20986","TAS","2013-07-23",54,"Safe"
"20987","TAS","2013-07-24",31,"Safe"
"20988","TAS","2013-07-25",39,"Safe"
"20989","TAS","2013-07-26",48,"Safe"
"20990","TAS","2013-07-27",44,"Safe"
"20991","TAS","2013-07-28",54,"Safe"
"20992","TAS","2013-07-29",52,"Safe"
"20993","TAS","2013-07-30",39,"Safe"
"20994","TAS","2013-07-31",33,"Safe"
"20995","TAS","2013-08-01",46,"Safe"
"20996","TAS","2013-08-02",57,"Safe"
"20997","TAS","2013-08-03",59,"Safe"
"20998","TAS","2013-08-04",59,"Safe"
"20999","TAS","2013-08-05",65,"MinorHazard"
"21000","TAS","2013-08-06",69,"MinorHazard"
"21001","TAS","2013-08-07",33,"Safe"
"21002","TAS","2013-08-08",30,"Safe"
"21003","TAS","2013-08-09",46,"Safe"
"21004","TAS","2013-08-10",83,"MinorHazard"
"21005","TAS","2013-08-11",56,"Safe"
"21006","TAS","2013-08-12",57,"Safe"
"21007","TAS","2013-08-13",96,"Damaging"
"21008","TAS","2013-08-14",57,"Safe"
"21009","TAS","2013-08-15",59,"Safe"
"21010","TAS","2013-08-16",61,"Safe"
"21011","TAS","2013-08-17",59,"Safe"
"21012","TAS","2013-08-18",83,"MinorHazard"
"21013","TAS","2013-08-19",93,"Damaging"
"21014","TAS","2013-08-20",46,"Safe"
"21015","TAS","2013-08-21",54,"Safe"
"21016","TAS","2013-08-22",52,"Safe"
"21017","TAS","2013-08-23",56,"Safe"
"21018","TAS","2013-08-24",52,"Safe"
"21019","TAS","2013-08-25",85,"MinorHazard"
"21020","TAS","2013-08-26",56,"Safe"
"21021","TAS","2013-08-27",56,"Safe"
"21022","TAS","2013-08-28",35,"Safe"
"21023","TAS","2013-08-29",56,"Safe"
"21024","TAS","2013-08-30",56,"Safe"
"21025","TAS","2013-08-31",50,"Safe"
"21026","TAS","2013-09-01",67,"MinorHazard"
"21027","TAS","2013-09-02",46,"Safe"
"21028","TAS","2013-09-03",41,"Safe"
"21029","TAS","2013-09-04",48,"Safe"
"21030","TAS","2013-09-05",72,"MinorHazard"
"21031","TAS","2013-09-06",70,"MinorHazard"
"21032","TAS","2013-09-07",57,"Safe"
"21033","TAS","2013-09-08",69,"MinorHazard"
"21034","TAS","2013-09-09",65,"MinorHazard"
"21035","TAS","2013-09-10",80,"MinorHazard"
"21036","TAS","2013-09-11",70,"MinorHazard"
"21037","TAS","2013-09-12",48,"Safe"
"21038","TAS","2013-09-13",28,"Safe"
"21039","TAS","2013-09-14",28,"Safe"
"21040","TAS","2013-09-15",30,"Safe"
"21041","TAS","2013-09-16",37,"Safe"
"21042","TAS","2013-09-17",35,"Safe"
"21043","TAS","2013-09-18",31,"Safe"
"21044","TAS","2013-09-19",33,"Safe"
"21045","TAS","2013-09-20",50,"Safe"
"21046","TAS","2013-09-21",41,"Safe"
"21047","TAS","2013-09-22",46,"Safe"
"21048","TAS","2013-09-23",61,"Safe"
"21049","TAS","2013-09-24",57,"Safe"
"21050","TAS","2013-09-25",69,"MinorHazard"
"21051","TAS","2013-09-26",59,"Safe"
"21052","TAS","2013-09-27",63,"MinorHazard"
"21053","TAS","2013-09-28",52,"Safe"
"21054","TAS","2013-09-29",72,"MinorHazard"
"21055","TAS","2013-09-30",81,"MinorHazard"
"21056","TAS","2013-10-01",81,"MinorHazard"
"21057","TAS","2013-10-02",81,"MinorHazard"
"21058","TAS","2013-10-03",57,"Safe"
"21059","TAS","2013-10-04",57,"Safe"
"21060","TAS","2013-10-05",102,"Damaging"
"21061","TAS","2013-10-06",44,"Safe"
"21062","TAS","2013-10-07",31,"Safe"
"21063","TAS","2013-10-08",54,"Safe"
"21064","TAS","2013-10-09",70,"MinorHazard"
"21065","TAS","2013-10-10",65,"MinorHazard"
"21066","TAS","2013-10-11",80,"MinorHazard"
"21067","TAS","2013-10-12",87,"MinorHazard"
"21068","TAS","2013-10-13",78,"MinorHazard"
"21069","TAS","2013-10-14",48,"Safe"
"21070","TAS","2013-10-15",67,"MinorHazard"
"21071","TAS","2013-10-16",96,"Damaging"
"21072","TAS","2013-10-17",87,"MinorHazard"
"21073","TAS","2013-10-18",78,"MinorHazard"
"21074","TAS","2013-10-19",80,"MinorHazard"
"21075","TAS","2013-10-20",48,"Safe"
"21076","TAS","2013-10-21",35,"Safe"
"21077","TAS","2013-10-22",28,"Safe"
"21078","TAS","2013-10-23",43,"Safe"
"21079","TAS","2013-10-24",67,"MinorHazard"
"21080","TAS","2013-10-25",93,"Damaging"
"21081","TAS","2013-10-26",83,"MinorHazard"
"21082","TAS","2013-10-27",56,"Safe"
"21083","TAS","2013-10-28",44,"Safe"
"21084","TAS","2013-10-29",46,"Safe"
"21085","TAS","2013-10-30",63,"MinorHazard"
"21086","TAS","2013-10-31",39,"Safe"
"21087","TAS","2013-11-01",41,"Safe"
"21088","TAS","2013-11-02",46,"Safe"
"21089","TAS","2013-11-03",80,"MinorHazard"
"21090","TAS","2013-11-04",52,"Safe"
"21091","TAS","2013-11-05",33,"Safe"
"21092","TAS","2013-11-06",41,"Safe"
"21093","TAS","2013-11-07",52,"Safe"
"21094","TAS","2013-11-08",61,"Safe"
"21095","TAS","2013-11-09",54,"Safe"
"21096","TAS","2013-11-10",35,"Safe"
"21097","TAS","2013-11-11",35,"Safe"
"21098","TAS","2013-11-12",56,"Safe"
"21099","TAS","2013-11-13",52,"Safe"
"21100","TAS","2013-11-14",52,"Safe"
"21101","TAS","2013-11-15",43,"Safe"
"21102","TAS","2013-11-16",35,"Safe"
"21103","TAS","2013-11-17",35,"Safe"
"21104","TAS","2013-11-18",39,"Safe"
"21105","TAS","2013-11-19",57,"Safe"
"21106","TAS","2013-11-20",35,"Safe"
"21107","TAS","2013-11-21",56,"Safe"
"21108","TAS","2013-11-22",37,"Safe"
"21109","TAS","2013-11-23",57,"Safe"
"21110","TAS","2013-11-24",72,"MinorHazard"
"21111","TAS","2013-11-25",39,"Safe"
"21112","TAS","2013-11-26",35,"Safe"
"21113","TAS","2013-11-27",33,"Safe"
"21114","TAS","2013-11-28",57,"Safe"
"21115","TAS","2013-11-29",50,"Safe"
"21116","TAS","2013-11-30",41,"Safe"
"21117","TAS","2013-12-01",50,"Safe"
"21118","TAS","2013-12-02",50,"Safe"
"21119","TAS","2013-12-03",48,"Safe"
"21120","TAS","2013-12-04",48,"Safe"
"21121","TAS","2013-12-05",54,"Safe"
"21122","TAS","2013-12-06",59,"Safe"
"21123","TAS","2013-12-07",39,"Safe"
"21124","TAS","2013-12-08",83,"MinorHazard"
"21125","TAS","2013-12-09",50,"Safe"
"21126","TAS","2013-12-10",65,"MinorHazard"
"21127","TAS","2013-12-11",57,"Safe"
"21128","TAS","2013-12-12",50,"Safe"
"21129","TAS","2013-12-13",61,"Safe"
"21130","TAS","2013-12-14",52,"Safe"
"21131","TAS","2013-12-15",57,"Safe"
"21132","TAS","2013-12-16",33,"Safe"
"21133","TAS","2013-12-17",35,"Safe"
"21134","TAS","2013-12-18",37,"Safe"
"21135","TAS","2013-12-19",59,"Safe"
"21136","TAS","2013-12-20",50,"Safe"
"21137","TAS","2013-12-21",35,"Safe"
"21138","TAS","2013-12-22",28,"Safe"
"21139","TAS","2013-12-23",59,"Safe"
"21140","TAS","2013-12-24",50,"Safe"
"21141","TAS","2013-12-25",43,"Safe"
"21142","TAS","2013-12-26",35,"Safe"
"21143","TAS","2013-12-27",35,"Safe"
"21144","TAS","2013-12-28",83,"MinorHazard"
"21145","TAS","2013-12-29",78,"MinorHazard"
"21146","TAS","2013-12-30",57,"Safe"
"21147","TAS","2013-12-31",56,"Safe"
"21148","TAS","2014-01-01",72,"MinorHazard"
"21149","TAS","2014-01-02",113,"Damaging"
"21150","TAS","2014-01-03",61,"Safe"
"21151","TAS","2014-01-04",104,"Damaging"
"21152","TAS","2014-01-05",80,"MinorHazard"
"21153","TAS","2014-01-06",74,"MinorHazard"
"21154","TAS","2014-01-07",50,"Safe"
"21155","TAS","2014-01-08",31,"Safe"
"21156","TAS","2014-01-09",39,"Safe"
"21157","TAS","2014-01-10",50,"Safe"
"21158","TAS","2014-01-11",46,"Safe"
"21159","TAS","2014-01-12",54,"Safe"
"21160","TAS","2014-01-13",39,"Safe"
"21161","TAS","2014-01-14",31,"Safe"
"21162","TAS","2014-01-15",37,"Safe"
"21163","TAS","2014-01-16",35,"Safe"
"21164","TAS","2014-01-17",65,"MinorHazard"
"21165","TAS","2014-01-18",41,"Safe"
"21166","TAS","2014-01-19",37,"Safe"
"21167","TAS","2014-01-20",48,"Safe"
"21168","TAS","2014-01-21",65,"MinorHazard"
"21169","TAS","2014-01-22",39,"Safe"
"21170","TAS","2014-01-23",37,"Safe"
"21171","TAS","2014-01-24",57,"Safe"
"21172","TAS","2014-01-25",57,"Safe"
"21173","TAS","2014-01-26",39,"Safe"
"21174","TAS","2014-01-27",52,"Safe"
"21175","TAS","2014-01-28",87,"MinorHazard"
"21176","TAS","2014-01-29",50,"Safe"
"21177","TAS","2014-01-30",41,"Safe"
"21178","TAS","2014-01-31",41,"Safe"
"21179","TAS","2014-02-01",41,"Safe"
"21180","TAS","2014-02-02",37,"Safe"
"21181","TAS","2014-02-03",59,"Safe"
"21182","TAS","2014-02-04",46,"Safe"
"21183","TAS","2014-02-05",39,"Safe"
"21184","TAS","2014-02-06",35,"Safe"
"21185","TAS","2014-02-07",35,"Safe"
"21186","TAS","2014-02-08",31,"Safe"
"21187","TAS","2014-02-09",130,"Destructive"
"21188","TAS","2014-02-10",43,"Safe"
"21189","TAS","2014-02-11",31,"Safe"
"21190","TAS","2014-02-12",28,"Safe"
"21191","TAS","2014-02-13",41,"Safe"
"21192","TAS","2014-02-14",39,"Safe"
"21193","TAS","2014-02-15",43,"Safe"
"21194","TAS","2014-02-16",50,"Safe"
"21195","TAS","2014-02-17",31,"Safe"
"21196","TAS","2014-02-18",37,"Safe"
"21197","TAS","2014-02-19",52,"Safe"
"21198","TAS","2014-02-20",63,"MinorHazard"
"21199","TAS","2014-02-21",67,"MinorHazard"
"21200","TAS","2014-02-22",54,"Safe"
"21201","TAS","2014-02-23",44,"Safe"
"21202","TAS","2014-02-24",39,"Safe"
"21203","TAS","2014-02-25",43,"Safe"
"21204","TAS","2014-02-26",59,"Safe"
"21205","TAS","2014-02-27",65,"MinorHazard"
"21206","TAS","2014-02-28",35,"Safe"
"21207","TAS","2014-03-01",37,"Safe"
"21208","TAS","2014-03-02",33,"Safe"
"21209","TAS","2014-03-03",31,"Safe"
"21210","TAS","2014-03-04",46,"Safe"
"21211","TAS","2014-03-05",63,"MinorHazard"
"21212","TAS","2014-03-06",31,"Safe"
"21213","TAS","2014-03-07",31,"Safe"
"21214","TAS","2014-03-08",48,"Safe"
"21215","TAS","2014-03-09",46,"Safe"
"21216","TAS","2014-03-10",48,"Safe"
"21217","TAS","2014-03-11",63,"MinorHazard"
"21218","TAS","2014-03-12",50,"Safe"
"21219","TAS","2014-03-13",56,"Safe"
"21220","TAS","2014-03-14",31,"Safe"
"21221","TAS","2014-03-15",76,"MinorHazard"
"21222","TAS","2014-03-16",56,"Safe"
"21223","TAS","2014-03-17",67,"MinorHazard"
"21224","TAS","2014-03-18",78,"MinorHazard"
"21225","TAS","2014-03-19",54,"Safe"
"21226","TAS","2014-03-20",46,"Safe"
"21227","TAS","2014-03-21",48,"Safe"
"21228","TAS","2014-03-22",43,"Safe"
"21229","TAS","2014-03-23",54,"Safe"
"21230","TAS","2014-03-24",33,"Safe"
"21231","TAS","2014-03-25",28,"Safe"
"21232","TAS","2014-03-26",26,"Safe"
"21233","TAS","2014-03-27",28,"Safe"
"21234","TAS","2014-03-28",31,"Safe"
"21235","TAS","2014-03-29",24,"Safe"
"21236","TAS","2014-03-30",24,"Safe"
"21237","TAS","2014-03-31",35,"Safe"
"21238","TAS","2014-04-01",44,"Safe"
"21239","TAS","2014-04-02",102,"Damaging"
"21240","TAS","2014-04-03",54,"Safe"
"21241","TAS","2014-04-04",30,"Safe"
"21242","TAS","2014-04-05",28,"Safe"
"21243","TAS","2014-04-06",28,"Safe"
"21244","TAS","2014-04-07",39,"Safe"
"21245","TAS","2014-04-08",43,"Safe"
"21246","TAS","2014-04-09",24,"Safe"
"21247","TAS","2014-04-10",28,"Safe"
"21248","TAS","2014-04-11",61,"Safe"
"21249","TAS","2014-04-12",44,"Safe"
"21250","TAS","2014-04-13",35,"Safe"
"21251","TAS","2014-04-14",37,"Safe"
"21252","TAS","2014-04-15",28,"Safe"
"21253","TAS","2014-04-16",26,"Safe"
"21254","TAS","2014-04-17",30,"Safe"
"21255","TAS","2014-04-18",54,"Safe"
"21256","TAS","2014-04-19",39,"Safe"
"21257","TAS","2014-04-20",57,"Safe"
"21258","TAS","2014-04-21",35,"Safe"
"21259","TAS","2014-04-22",52,"Safe"
"21260","TAS","2014-04-23",48,"Safe"
"21261","TAS","2014-04-24",61,"Safe"
"21262","TAS","2014-04-25",52,"Safe"
"21263","TAS","2014-04-26",87,"MinorHazard"
"21264","TAS","2014-04-27",35,"Safe"
"21265","TAS","2014-04-28",44,"Safe"
"21266","TAS","2014-04-29",65,"MinorHazard"
"21267","TAS","2014-04-30",39,"Safe"
"21268","TAS","2014-05-01",39,"Safe"
"21269","TAS","2014-05-02",48,"Safe"
"21270","TAS","2014-05-03",63,"MinorHazard"
"21271","TAS","2014-05-04",59,"Safe"
"21272","TAS","2014-05-05",52,"Safe"
"21273","TAS","2014-05-06",72,"MinorHazard"
"21274","TAS","2014-05-07",37,"Safe"
"21275","TAS","2014-05-08",35,"Safe"
"21276","TAS","2014-05-09",41,"Safe"
"21277","TAS","2014-05-10",37,"Safe"
"21278","TAS","2014-05-11",59,"Safe"
"21279","TAS","2014-05-12",33,"Safe"
"21280","TAS","2014-05-13",50,"Safe"
"21281","TAS","2014-05-14",43,"Safe"
"21282","TAS","2014-05-15",72,"MinorHazard"
"21283","TAS","2014-05-16",63,"MinorHazard"
"21284","TAS","2014-05-17",74,"MinorHazard"
"21285","TAS","2014-05-18",35,"Safe"
"21286","TAS","2014-05-19",50,"Safe"
"21287","TAS","2014-05-20",57,"Safe"
"21288","TAS","2014-05-21",50,"Safe"
"21289","TAS","2014-05-22",50,"Safe"
"21290","TAS","2014-05-23",57,"Safe"
"21291","TAS","2014-05-24",48,"Safe"
"21292","TAS","2014-05-25",28,"Safe"
"21293","TAS","2014-05-26",37,"Safe"
"21294","TAS","2014-05-27",37,"Safe"
"21295","TAS","2014-05-28",54,"Safe"
"21296","TAS","2014-05-29",33,"Safe"
"21297","TAS","2014-05-30",31,"Safe"
"21298","TAS","2014-05-31",37,"Safe"
"21299","TAS","2014-06-01",35,"Safe"
"21300","TAS","2014-06-02",35,"Safe"
"21301","TAS","2014-06-03",28,"Safe"
"21302","TAS","2014-06-04",39,"Safe"
"21303","TAS","2014-06-05",33,"Safe"
"21304","TAS","2014-06-06",35,"Safe"
"21305","TAS","2014-06-07",46,"Safe"
"21306","TAS","2014-06-08",37,"Safe"
"21307","TAS","2014-06-09",30,"Safe"
"21308","TAS","2014-06-10",35,"Safe"
"21309","TAS","2014-06-11",44,"Safe"
"21310","TAS","2014-06-12",28,"Safe"
"21311","TAS","2014-06-13",30,"Safe"
"21312","TAS","2014-06-14",37,"Safe"
"21313","TAS","2014-06-15",24,"Safe"
"21314","TAS","2014-06-16",28,"Safe"
"21315","TAS","2014-06-17",52,"Safe"
"21316","TAS","2014-06-18",43,"Safe"
"21317","TAS","2014-06-19",35,"Safe"
"21318","TAS","2014-06-20",43,"Safe"
"21319","TAS","2014-06-21",31,"Safe"
"21320","TAS","2014-06-22",39,"Safe"
"21321","TAS","2014-06-23",61,"Safe"
"21322","TAS","2014-06-24",52,"Safe"
"21323","TAS","2014-06-25",52,"Safe"
"21324","TAS","2014-06-26",76,"MinorHazard"
"21325","TAS","2014-06-27",57,"Safe"
"21326","TAS","2014-06-28",50,"Safe"
"21327","TAS","2014-06-29",46,"Safe"
"21328","TAS","2014-06-30",54,"Safe"
"21329","TAS","2014-07-01",43,"Safe"
"21330","TAS","2014-07-02",63,"MinorHazard"
"21331","TAS","2014-07-03",80,"MinorHazard"
"21332","TAS","2014-07-04",28,"Safe"
"21333","TAS","2014-07-05",26,"Safe"
"21334","TAS","2014-07-06",33,"Safe"
"21335","TAS","2014-07-07",22,"Safe"
"21336","TAS","2014-07-08",37,"Safe"
"21337","TAS","2014-07-09",31,"Safe"
"21338","TAS","2014-07-10",46,"Safe"
"21339","TAS","2014-07-11",56,"Safe"
"21340","TAS","2014-07-12",44,"Safe"
"21341","TAS","2014-07-13",46,"Safe"
"21342","TAS","2014-07-14",41,"Safe"
"21343","TAS","2014-07-15",33,"Safe"
"21344","TAS","2014-07-16",41,"Safe"
"21345","TAS","2014-07-17",81,"MinorHazard"
"21346","TAS","2014-07-18",69,"MinorHazard"
"21347","TAS","2014-07-19",24,"Safe"
"21348","TAS","2014-07-20",20,"Safe"
"21349","TAS","2014-07-21",33,"Safe"
"21350","TAS","2014-07-22",35,"Safe"
"21351","TAS","2014-07-23",24,"Safe"
"21352","TAS","2014-07-24",31,"Safe"
"21353","TAS","2014-07-25",24,"Safe"
"21354","TAS","2014-07-26",20,"Safe"
"21355","TAS","2014-07-27",39,"Safe"
"21356","TAS","2014-07-28",69,"MinorHazard"
"21357","TAS","2014-07-29",91,"Damaging"
"21358","TAS","2014-07-30",87,"MinorHazard"
"21359","TAS","2014-07-31",98,"Damaging"
"21360","TAS","2014-08-01",65,"MinorHazard"
"21361","TAS","2014-08-02",52,"Safe"
"21362","TAS","2014-08-03",50,"Safe"
"21363","TAS","2014-08-04",54,"Safe"
"21364","TAS","2014-08-05",57,"Safe"
"21365","TAS","2014-08-06",113,"Damaging"
"21366","TAS","2014-08-07",43,"Safe"
"21367","TAS","2014-08-08",48,"Safe"
"21368","TAS","2014-08-09",59,"Safe"
"21369","TAS","2014-08-10",52,"Safe"
"21370","TAS","2014-08-11",48,"Safe"
"21371","TAS","2014-08-12",33,"Safe"
"21372","TAS","2014-08-13",30,"Safe"
"21373","TAS","2014-08-14",22,"Safe"
"21374","TAS","2014-08-15",30,"Safe"
"21375","TAS","2014-08-16",24,"Safe"
"21376","TAS","2014-08-17",24,"Safe"
"21377","TAS","2014-08-18",33,"Safe"
"21378","TAS","2014-08-19",31,"Safe"
"21379","TAS","2014-08-20",24,"Safe"
"21380","TAS","2014-08-21",30,"Safe"
"21381","TAS","2014-08-22",37,"Safe"
"21382","TAS","2014-08-23",37,"Safe"
"21383","TAS","2014-08-24",37,"Safe"
"21384","TAS","2014-08-25",24,"Safe"
"21385","TAS","2014-08-26",33,"Safe"
"21386","TAS","2014-08-27",35,"Safe"
"21387","TAS","2014-08-28",24,"Safe"
"21388","TAS","2014-08-29",24,"Safe"
"21389","TAS","2014-08-30",35,"Safe"
"21390","TAS","2014-08-31",52,"Safe"
"21391","TAS","2014-09-01",52,"Safe"
"21392","TAS","2014-09-02",46,"Safe"
"21393","TAS","2014-09-03",37,"Safe"
"21394","TAS","2014-09-04",26,"Safe"
"21395","TAS","2014-09-05",30,"Safe"
"21396","TAS","2014-09-06",24,"Safe"
"21397","TAS","2014-09-07",35,"Safe"
"21398","TAS","2014-09-08",56,"Safe"
"21399","TAS","2014-09-09",80,"MinorHazard"
"21400","TAS","2014-09-10",65,"MinorHazard"
"21401","TAS","2014-09-11",63,"MinorHazard"
"21402","TAS","2014-09-12",52,"Safe"
"21403","TAS","2014-09-13",48,"Safe"
"21404","TAS","2014-09-14",56,"Safe"
"21405","TAS","2014-09-15",31,"Safe"
"21406","TAS","2014-09-16",28,"Safe"
"21407","TAS","2014-09-17",59,"Safe"
"21408","TAS","2014-09-18",54,"Safe"
"21409","TAS","2014-09-19",67,"MinorHazard"
"21410","TAS","2014-09-20",52,"Safe"
"21411","TAS","2014-09-21",37,"Safe"
"21412","TAS","2014-09-22",39,"Safe"
"21413","TAS","2014-09-23",46,"Safe"
"21414","TAS","2014-09-24",37,"Safe"
"21415","TAS","2014-09-25",41,"Safe"
"21416","TAS","2014-09-26",48,"Safe"
"21417","TAS","2014-09-27",50,"Safe"
"21418","TAS","2014-09-28",106,"Damaging"
"21419","TAS","2014-09-29",72,"MinorHazard"
"21420","TAS","2014-09-30",80,"MinorHazard"
"21421","TAS","2014-10-01",57,"Safe"
"21422","TAS","2014-10-02",67,"MinorHazard"
"21423","TAS","2014-10-03",46,"Safe"
"21424","TAS","2014-10-04",85,"MinorHazard"
"21425","TAS","2014-10-05",100,"Damaging"
"21426","TAS","2014-10-06",91,"Damaging"
"21427","TAS","2014-10-07",76,"MinorHazard"
"21428","TAS","2014-10-08",48,"Safe"
"21429","TAS","2014-10-09",46,"Safe"
"21430","TAS","2014-10-10",52,"Safe"
"21431","TAS","2014-10-11",44,"Safe"
"21432","TAS","2014-10-12",69,"MinorHazard"
"21433","TAS","2014-10-14",35,"Safe"
"21434","TAS","2014-10-15",50,"Safe"
"21435","TAS","2014-10-16",57,"Safe"
"21436","TAS","2014-10-17",33,"Safe"
"21437","TAS","2014-10-18",57,"Safe"
"21438","TAS","2014-10-19",54,"Safe"
"21439","TAS","2014-10-20",31,"Safe"
"21440","TAS","2014-10-21",31,"Safe"
"21441","TAS","2014-10-22",48,"Safe"
"21442","TAS","2014-10-23",54,"Safe"
"21443","TAS","2014-10-24",41,"Safe"
"21444","TAS","2014-10-25",44,"Safe"
"21445","TAS","2014-10-26",30,"Safe"
"21446","TAS","2014-10-27",59,"Safe"
"21447","TAS","2014-10-28",94,"Damaging"
"21448","TAS","2014-10-29",63,"MinorHazard"
"21449","TAS","2014-10-30",46,"Safe"
"21450","TAS","2014-10-31",52,"Safe"
"21451","TAS","2014-11-01",76,"MinorHazard"
"21452","TAS","2014-11-02",69,"MinorHazard"
"21453","TAS","2014-11-03",35,"Safe"
"21454","TAS","2014-11-04",50,"Safe"
"21455","TAS","2014-11-05",46,"Safe"
"21456","TAS","2014-11-06",46,"Safe"
"21457","TAS","2014-11-07",41,"Safe"
"21458","TAS","2014-11-08",61,"Safe"
"21459","TAS","2014-11-09",43,"Safe"
"21460","TAS","2014-11-10",65,"MinorHazard"
"21461","TAS","2014-11-11",50,"Safe"
"21462","TAS","2014-11-12",30,"Safe"
"21463","TAS","2014-11-13",35,"Safe"
"21464","TAS","2014-11-14",74,"MinorHazard"
"21465","TAS","2014-11-15",44,"Safe"
"21466","TAS","2014-11-16",48,"Safe"
"21467","TAS","2014-11-17",72,"MinorHazard"
"21468","TAS","2014-11-18",69,"MinorHazard"
"21469","TAS","2014-11-19",54,"Safe"
"21470","TAS","2014-11-20",41,"Safe"
"21471","TAS","2014-11-21",44,"Safe"
"21472","TAS","2014-11-22",63,"MinorHazard"
"21473","TAS","2014-11-23",43,"Safe"
"21474","TAS","2014-11-24",52,"Safe"
"21475","TAS","2014-11-25",69,"MinorHazard"
"21476","TAS","2014-11-26",52,"Safe"
"21477","TAS","2014-11-27",56,"Safe"
"21478","TAS","2014-11-28",31,"Safe"
"21479","TAS","2014-11-29",31,"Safe"
"21480","TAS","2014-11-30",37,"Safe"
"21481","TAS","2014-12-01",39,"Safe"
"21482","TAS","2014-12-02",52,"Safe"
"21483","TAS","2014-12-03",31,"Safe"
"21484","TAS","2014-12-04",31,"Safe"
"21485","TAS","2014-12-05",35,"Safe"
"21486","TAS","2014-12-06",50,"Safe"
"21487","TAS","2014-12-07",59,"Safe"
"21488","TAS","2014-12-08",33,"Safe"
"21489","TAS","2014-12-09",43,"Safe"
"21490","TAS","2014-12-10",28,"Safe"
"21491","TAS","2014-12-11",43,"Safe"
"21492","TAS","2014-12-12",35,"Safe"
"21493","TAS","2014-12-13",50,"Safe"
"21494","TAS","2014-12-14",46,"Safe"
"21495","TAS","2014-12-15",52,"Safe"
"21496","TAS","2014-12-16",59,"Safe"
"21497","TAS","2014-12-17",61,"Safe"
"21498","TAS","2014-12-18",59,"Safe"
"21499","TAS","2014-12-19",37,"Safe"
"21500","TAS","2014-12-20",48,"Safe"
"21501","TAS","2014-12-21",50,"Safe"
"21502","TAS","2014-12-22",28,"Safe"
"21503","TAS","2014-12-23",48,"Safe"
"21504","TAS","2014-12-24",35,"Safe"
"21505","TAS","2014-12-25",48,"Safe"
"21506","TAS","2014-12-26",54,"Safe"
"21507","TAS","2014-12-27",59,"Safe"
"21508","TAS","2014-12-28",41,"Safe"
"21509","TAS","2014-12-29",100,"Damaging"
"21510","TAS","2014-12-30",76,"MinorHazard"
"21511","TAS","2014-12-31",46,"Safe"
"21512","TAS","2015-01-01",56,"Safe"
"21513","TAS","2015-01-02",50,"Safe"
"21514","TAS","2015-01-03",44,"Safe"
"21515","TAS","2015-01-04",44,"Safe"
"21516","TAS","2015-01-05",41,"Safe"
"21517","TAS","2015-01-07",37,"Safe"
"21518","TAS","2015-01-08",52,"Safe"
"21519","TAS","2015-01-09",35,"Safe"
"21520","TAS","2015-01-10",33,"Safe"
"21521","TAS","2015-01-11",39,"Safe"
"21522","TAS","2015-01-12",35,"Safe"
"21523","TAS","2015-01-13",39,"Safe"
"21524","TAS","2015-01-14",61,"Safe"
"21525","TAS","2015-01-15",56,"Safe"
"21526","TAS","2015-01-16",76,"MinorHazard"
"21527","TAS","2015-01-17",89,"MinorHazard"
"21528","TAS","2015-01-18",80,"MinorHazard"
"21529","TAS","2015-01-19",37,"Safe"
"21530","TAS","2015-01-20",52,"Safe"
"21531","TAS","2015-01-21",37,"Safe"
"21532","TAS","2015-01-22",48,"Safe"
"21533","TAS","2015-01-23",59,"Safe"
"21534","TAS","2015-01-24",44,"Safe"
"21535","TAS","2015-01-25",65,"MinorHazard"
"21536","TAS","2015-01-26",41,"Safe"
"21537","TAS","2015-01-27",39,"Safe"
"21538","TAS","2015-01-28",48,"Safe"
"21539","TAS","2015-01-29",54,"Safe"
"21540","TAS","2015-01-30",61,"Safe"
"21541","TAS","2015-01-31",52,"Safe"
"21542","TAS","2015-02-01",44,"Safe"
"21543","TAS","2015-02-02",65,"MinorHazard"
"21544","TAS","2015-02-03",59,"Safe"
"21545","TAS","2015-02-04",44,"Safe"
"21546","TAS","2015-02-05",37,"Safe"
"21547","TAS","2015-02-06",39,"Safe"
"21548","TAS","2015-02-07",37,"Safe"
"21549","TAS","2015-02-08",52,"Safe"
"21550","TAS","2015-02-09",35,"Safe"
"21551","TAS","2015-02-10",31,"Safe"
"21552","TAS","2015-02-11",54,"Safe"
"21553","TAS","2015-02-12",54,"Safe"
"21554","TAS","2015-02-13",41,"Safe"
"21555","TAS","2015-02-14",37,"Safe"
"21556","TAS","2015-02-15",50,"Safe"
"21557","TAS","2015-02-16",54,"Safe"
"21558","TAS","2015-02-17",30,"Safe"
"21559","TAS","2015-02-18",35,"Safe"
"21560","TAS","2015-02-19",31,"Safe"
"21561","TAS","2015-02-20",46,"Safe"
"21562","TAS","2015-02-21",37,"Safe"
"21563","TAS","2015-02-22",56,"Safe"
"21564","TAS","2015-02-23",56,"Safe"
"21565","TAS","2015-02-24",43,"Safe"
"21566","TAS","2015-02-25",35,"Safe"
"21567","TAS","2015-02-26",54,"Safe"
"21568","TAS","2015-02-27",44,"Safe"
"21569","TAS","2015-02-28",37,"Safe"
"21570","TAS","2015-03-01",52,"Safe"
"21571","TAS","2015-03-02",52,"Safe"
"21572","TAS","2015-03-03",50,"Safe"
"21573","TAS","2015-03-04",80,"MinorHazard"
"21574","TAS","2015-03-05",76,"MinorHazard"
"21575","TAS","2015-03-06",93,"Damaging"
"21576","TAS","2015-03-07",54,"Safe"
"21577","TAS","2015-03-08",50,"Safe"
"21578","TAS","2015-03-09",46,"Safe"
"21579","TAS","2015-03-10",41,"Safe"
"21580","TAS","2015-03-11",56,"Safe"
"21581","TAS","2015-03-12",54,"Safe"
"21582","TAS","2015-03-13",39,"Safe"
"21583","TAS","2015-03-14",61,"Safe"
"21584","TAS","2015-03-15",37,"Safe"
"21585","TAS","2015-03-16",35,"Safe"
"21586","TAS","2015-03-17",35,"Safe"
"21587","TAS","2015-03-18",44,"Safe"
"21588","TAS","2015-03-19",67,"MinorHazard"
"21589","TAS","2015-03-20",56,"Safe"
"21590","TAS","2015-03-21",31,"Safe"
"21591","TAS","2015-03-22",44,"Safe"
"21592","TAS","2015-03-23",56,"Safe"
"21593","TAS","2015-03-24",48,"Safe"
"21594","TAS","2015-03-25",37,"Safe"
"21595","TAS","2015-03-26",43,"Safe"
"21596","TAS","2015-03-27",63,"MinorHazard"
"21597","TAS","2015-03-28",30,"Safe"
"21598","TAS","2015-03-29",46,"Safe"
"21599","TAS","2015-03-30",59,"Safe"
"21600","TAS","2015-03-31",35,"Safe"
"21601","TAS","2015-04-01",72,"MinorHazard"
"21602","TAS","2015-04-02",76,"MinorHazard"
"21603","TAS","2015-04-03",35,"Safe"
"21604","TAS","2015-04-04",26,"Safe"
"21605","TAS","2015-04-06",44,"Safe"
"21606","TAS","2015-04-07",39,"Safe"
"21607","TAS","2015-04-08",54,"Safe"
"21608","TAS","2015-04-09",31,"Safe"
"21609","TAS","2015-04-10",37,"Safe"
"21610","TAS","2015-04-11",39,"Safe"
"21611","TAS","2015-04-12",46,"Safe"
"21612","TAS","2015-04-13",30,"Safe"
"21613","TAS","2015-04-14",28,"Safe"
"21614","TAS","2015-04-16",50,"Safe"
"21615","TAS","2015-04-17",52,"Safe"
"21616","TAS","2015-04-18",61,"Safe"
"21617","TAS","2015-04-19",54,"Safe"
"21618","TAS","2015-04-20",26,"Safe"
"21619","TAS","2015-04-21",22,"Safe"
"21620","TAS","2015-04-22",48,"Safe"
"21621","TAS","2015-04-23",30,"Safe"
"21622","TAS","2015-04-24",22,"Safe"
"21623","TAS","2015-04-25",35,"Safe"
"21624","TAS","2015-04-26",35,"Safe"
"21625","TAS","2015-04-27",44,"Safe"
"21626","TAS","2015-04-28",41,"Safe"
"21627","TAS","2015-04-29",31,"Safe"
"21628","TAS","2015-04-30",20,"Safe"
"21629","TAS","2015-05-01",37,"Safe"
"21630","TAS","2015-05-02",46,"Safe"
"21631","TAS","2015-05-03",43,"Safe"
"21632","TAS","2015-05-04",43,"Safe"
"21633","TAS","2015-05-05",98,"Damaging"
"21634","TAS","2015-05-06",74,"MinorHazard"
"21635","TAS","2015-05-07",69,"MinorHazard"
"21636","TAS","2015-05-08",80,"MinorHazard"
"21637","TAS","2015-05-09",80,"MinorHazard"
"21638","TAS","2015-05-10",70,"MinorHazard"
"21639","TAS","2015-05-11",56,"Safe"
"21640","TAS","2015-05-12",72,"MinorHazard"
"21641","TAS","2015-05-13",91,"Damaging"
"21642","TAS","2015-05-14",74,"MinorHazard"
"21643","TAS","2015-05-15",41,"Safe"
"21644","TAS","2015-05-16",43,"Safe"
"21645","TAS","2015-05-17",56,"Safe"
"21646","TAS","2015-05-18",41,"Safe"
"21647","TAS","2015-05-19",44,"Safe"
"21648","TAS","2015-05-20",30,"Safe"
"21649","TAS","2015-05-21",37,"Safe"
"21650","TAS","2015-05-22",28,"Safe"
"21651","TAS","2015-05-23",48,"Safe"
"21652","TAS","2015-05-24",28,"Safe"
"21653","TAS","2015-05-25",37,"Safe"
"21654","TAS","2015-05-26",26,"Safe"
"21655","TAS","2015-05-27",33,"Safe"
"21656","TAS","2015-05-28",59,"Safe"
"21657","TAS","2015-05-29",61,"Safe"
"21658","TAS","2015-05-30",102,"Damaging"
"21659","TAS","2015-05-31",72,"MinorHazard"
"21660","TAS","2015-06-01",46,"Safe"
"21661","TAS","2015-06-02",37,"Safe"
"21662","TAS","2015-06-03",30,"Safe"
"21663","TAS","2015-06-04",33,"Safe"
"21664","TAS","2015-06-05",61,"Safe"
"21665","TAS","2015-06-06",59,"Safe"
"21666","TAS","2015-06-07",87,"MinorHazard"
"21667","TAS","2015-06-08",106,"Damaging"
"21668","TAS","2015-06-09",74,"MinorHazard"
"21669","TAS","2015-06-10",50,"Safe"
"21670","TAS","2015-06-11",57,"Safe"
"21671","TAS","2015-06-12",33,"Safe"
"21672","TAS","2015-06-13",28,"Safe"
"21673","TAS","2015-06-14",20,"Safe"
"21674","TAS","2015-06-15",20,"Safe"
"21675","TAS","2015-06-16",31,"Safe"
"21676","TAS","2015-06-17",54,"Safe"
"21677","TAS","2015-06-18",46,"Safe"
"21678","TAS","2015-06-19",30,"Safe"
"21679","TAS","2015-06-20",33,"Safe"
"21680","TAS","2015-06-21",28,"Safe"
"21681","TAS","2015-06-22",50,"Safe"
"21682","TAS","2015-06-23",31,"Safe"
"21683","TAS","2015-06-24",44,"Safe"
"21684","TAS","2015-06-25",54,"Safe"
"21685","TAS","2015-06-26",56,"Safe"
"21686","TAS","2015-06-27",70,"MinorHazard"
"21687","TAS","2015-06-28",61,"Safe"
"21688","TAS","2015-06-29",72,"MinorHazard"
"21689","TAS","2015-06-30",35,"Safe"
"21690","TAS","2015-07-01",69,"MinorHazard"
"21691","TAS","2015-07-02",67,"MinorHazard"
"21692","TAS","2015-07-03",63,"MinorHazard"
"21693","TAS","2015-07-04",48,"Safe"
"21694","TAS","2015-07-05",41,"Safe"
"21695","TAS","2015-07-06",41,"Safe"
"21696","TAS","2015-07-07",31,"Safe"
"21697","TAS","2015-07-08",35,"Safe"
"21698","TAS","2015-07-09",43,"Safe"
"21699","TAS","2015-07-10",39,"Safe"
"21700","TAS","2015-07-11",39,"Safe"
"21701","TAS","2015-07-12",43,"Safe"
"21702","TAS","2015-07-13",56,"Safe"
"21703","TAS","2015-07-14",39,"Safe"
"21704","TAS","2015-07-15",43,"Safe"
"21705","TAS","2015-07-16",22,"Safe"
"21706","TAS","2015-07-17",57,"Safe"
"21707","TAS","2015-07-18",35,"Safe"
"21708","TAS","2015-07-19",44,"Safe"
"21709","TAS","2015-07-21",70,"MinorHazard"
"21710","TAS","2015-07-22",81,"MinorHazard"
"21711","TAS","2015-07-23",48,"Safe"
"21712","TAS","2015-07-24",50,"Safe"
"21713","TAS","2015-07-25",76,"MinorHazard"
"21714","TAS","2015-07-26",91,"Damaging"
"21715","TAS","2015-07-27",57,"Safe"
"21716","TAS","2015-07-28",39,"Safe"
"21717","TAS","2015-07-29",46,"Safe"
"21718","TAS","2015-07-30",80,"MinorHazard"
"21719","TAS","2015-07-31",50,"Safe"
"21720","TAS","2015-08-01",67,"MinorHazard"
"21721","TAS","2015-08-02",85,"MinorHazard"
"21722","TAS","2015-08-03",63,"MinorHazard"
"21723","TAS","2015-08-04",83,"MinorHazard"
"21724","TAS","2015-08-05",67,"MinorHazard"
"21725","TAS","2015-08-06",35,"Safe"
"21726","TAS","2015-08-07",39,"Safe"
"21727","TAS","2015-08-08",24,"Safe"
"21728","TAS","2015-08-09",37,"Safe"
"21729","TAS","2015-08-10",46,"Safe"
"21730","TAS","2015-08-11",46,"Safe"
"21731","TAS","2015-08-12",41,"Safe"
"21732","TAS","2015-08-13",39,"Safe"
"21733","TAS","2015-08-14",50,"Safe"
"21734","TAS","2015-08-15",33,"Safe"
"21735","TAS","2015-08-16",87,"MinorHazard"
"21736","TAS","2015-08-17",69,"MinorHazard"
"21737","TAS","2015-08-18",37,"Safe"
"21738","TAS","2015-08-19",26,"Safe"
"21739","TAS","2015-08-20",30,"Safe"
"21740","TAS","2015-08-21",72,"MinorHazard"
"21741","TAS","2015-08-22",65,"MinorHazard"
"21742","TAS","2015-08-23",44,"Safe"
"21743","TAS","2015-08-24",31,"Safe"
"21744","TAS","2015-08-25",24,"Safe"
"21745","TAS","2015-08-26",48,"Safe"
"21746","TAS","2015-08-27",28,"Safe"
"21747","TAS","2015-08-28",65,"MinorHazard"
"21748","TAS","2015-08-29",67,"MinorHazard"
"21749","TAS","2015-08-30",46,"Safe"
"21750","TAS","2015-08-31",35,"Safe"
"21751","TAS","2015-09-01",26,"Safe"
"21752","TAS","2015-09-02",30,"Safe"
"21753","TAS","2015-09-03",44,"Safe"
"21754","TAS","2015-09-04",61,"Safe"
"21755","TAS","2015-09-05",43,"Safe"
"21756","TAS","2015-09-06",41,"Safe"
"21757","TAS","2015-09-07",44,"Safe"
"21758","TAS","2015-09-08",39,"Safe"
"21759","TAS","2015-09-09",39,"Safe"
"21760","TAS","2015-09-10",63,"MinorHazard"
"21761","TAS","2015-09-11",50,"Safe"
"21762","TAS","2015-09-12",37,"Safe"
"21763","TAS","2015-09-13",41,"Safe"
"21764","TAS","2015-09-14",61,"Safe"
"21765","TAS","2015-09-15",50,"Safe"
"21766","TAS","2015-09-16",37,"Safe"
"21767","TAS","2015-09-17",50,"Safe"
"21768","TAS","2015-09-18",30,"Safe"
"21769","TAS","2015-09-19",31,"Safe"
"21770","TAS","2015-09-20",30,"Safe"
"21771","TAS","2015-09-21",57,"Safe"
"21772","TAS","2015-09-22",61,"Safe"
"21773","TAS","2015-09-23",33,"Safe"
"21774","TAS","2015-09-24",31,"Safe"
"21775","TAS","2015-09-25",35,"Safe"
"21776","TAS","2015-09-26",31,"Safe"
"21777","TAS","2015-09-27",28,"Safe"
"21778","TAS","2015-09-28",24,"Safe"
"21779","TAS","2015-09-29",46,"Safe"
"21780","TAS","2015-09-30",44,"Safe"
"21781","TAS","2015-10-01",83,"MinorHazard"
"21782","TAS","2015-10-02",69,"MinorHazard"
"21783","TAS","2015-10-03",96,"Damaging"
"21784","TAS","2015-10-04",87,"MinorHazard"
"21785","TAS","2015-10-05",74,"MinorHazard"
"21786","TAS","2015-10-06",83,"MinorHazard"
"21787","TAS","2015-10-07",72,"MinorHazard"
"21788","TAS","2015-10-08",30,"Safe"
"21789","TAS","2015-10-09",37,"Safe"
"21790","TAS","2015-10-10",35,"Safe"
"21791","TAS","2015-10-11",37,"Safe"
"21792","TAS","2015-10-12",52,"Safe"
"21793","TAS","2015-10-13",33,"Safe"
"21794","TAS","2015-10-14",31,"Safe"
"21795","TAS","2015-10-15",67,"MinorHazard"
"21796","TAS","2015-10-16",56,"Safe"
"21797","TAS","2015-10-17",102,"Damaging"
"21798","TAS","2015-10-18",35,"Safe"
"21799","TAS","2015-10-19",37,"Safe"
"21800","TAS","2015-10-20",46,"Safe"
"21801","TAS","2015-10-21",59,"Safe"
"21802","TAS","2015-10-22",33,"Safe"
"21803","TAS","2015-10-23",33,"Safe"
"21804","TAS","2015-10-24",31,"Safe"
"21805","TAS","2015-10-25",39,"Safe"
"21806","TAS","2015-10-26",69,"MinorHazard"
"21807","TAS","2015-10-27",31,"Safe"
"21808","TAS","2015-10-28",41,"Safe"
"21809","TAS","2015-10-29",33,"Safe"
"21810","TAS","2015-10-30",35,"Safe"
"21811","TAS","2015-10-31",44,"Safe"
"21812","TAS","2015-11-01",52,"Safe"
"21813","TAS","2015-11-02",54,"Safe"
"21814","TAS","2015-11-03",33,"Safe"
"21815","TAS","2015-11-04",39,"Safe"
"21816","TAS","2015-11-05",35,"Safe"
"21817","TAS","2015-11-06",39,"Safe"
"21818","TAS","2015-11-07",54,"Safe"
"21819","TAS","2015-11-08",50,"Safe"
"21820","TAS","2015-11-09",61,"Safe"
"21821","TAS","2015-11-10",54,"Safe"
"21822","TAS","2015-11-11",33,"Safe"
"21823","TAS","2015-11-12",30,"Safe"
"21824","TAS","2015-11-13",54,"Safe"
"21825","TAS","2015-11-14",44,"Safe"
"21826","TAS","2015-11-15",35,"Safe"
"21827","TAS","2015-11-16",39,"Safe"
"21828","TAS","2015-11-17",37,"Safe"
"21829","TAS","2015-11-18",39,"Safe"
"21830","TAS","2015-11-19",70,"MinorHazard"
"21831","TAS","2015-11-20",61,"Safe"
"21832","TAS","2015-11-21",59,"Safe"
"21833","TAS","2015-11-22",63,"MinorHazard"
"21834","TAS","2015-11-23",78,"MinorHazard"
"21835","TAS","2015-11-24",61,"Safe"
"21836","TAS","2015-11-25",98,"Damaging"
"21837","TAS","2015-11-26",87,"MinorHazard"
"21838","TAS","2015-11-27",54,"Safe"
"21839","TAS","2015-11-28",43,"Safe"
"21840","TAS","2015-11-29",35,"Safe"
"21841","TAS","2015-11-30",44,"Safe"
"21842","TAS","2015-12-01",46,"Safe"
"21843","TAS","2015-12-02",63,"MinorHazard"
"21844","TAS","2015-12-03",57,"Safe"
"21845","TAS","2015-12-04",43,"Safe"
"21846","TAS","2015-12-05",44,"Safe"
"21847","TAS","2015-12-06",46,"Safe"
"21848","TAS","2015-12-07",52,"Safe"
"21849","TAS","2015-12-08",41,"Safe"
"21850","TAS","2015-12-09",85,"MinorHazard"
"21851","TAS","2015-12-10",48,"Safe"
"21852","TAS","2015-12-11",59,"Safe"
"21853","TAS","2015-12-12",52,"Safe"
"21854","TAS","2015-12-13",48,"Safe"
"21855","TAS","2015-12-14",37,"Safe"
"21856","TAS","2015-12-15",39,"Safe"
"21857","TAS","2015-12-16",39,"Safe"
"21858","TAS","2015-12-17",48,"Safe"
"21859","TAS","2015-12-18",41,"Safe"
"21860","TAS","2015-12-19",39,"Safe"
"21861","TAS","2015-12-20",91,"Damaging"
"21862","TAS","2015-12-21",54,"Safe"
"21863","TAS","2015-12-22",35,"Safe"
"21864","TAS","2015-12-23",43,"Safe"
"21865","TAS","2015-12-24",41,"Safe"
"21866","TAS","2015-12-25",63,"MinorHazard"
"21867","TAS","2015-12-26",52,"Safe"
"21868","TAS","2015-12-27",46,"Safe"
"21869","TAS","2015-12-28",39,"Safe"
"21870","TAS","2015-12-29",48,"Safe"
"21871","TAS","2015-12-30",46,"Safe"
"21872","TAS","2015-12-31",46,"Safe"
"21873","TAS","2016-01-01",48,"Safe"
"21874","TAS","2016-01-02",48,"Safe"
"21875","TAS","2016-01-03",35,"Safe"
"21876","TAS","2016-01-04",35,"Safe"
"21877","TAS","2016-01-05",26,"Safe"
"21878","TAS","2016-01-06",41,"Safe"
"21879","TAS","2016-01-07",41,"Safe"
"21880","TAS","2016-01-09",46,"Safe"
"21881","TAS","2016-01-10",41,"Safe"
"21882","TAS","2016-01-11",43,"Safe"
"21883","TAS","2016-01-12",43,"Safe"
"21884","TAS","2016-01-14",54,"Safe"
"21885","TAS","2016-01-15",46,"Safe"
"21886","TAS","2016-01-16",41,"Safe"
"21887","TAS","2016-01-17",41,"Safe"
"21888","TAS","2016-01-18",35,"Safe"
"21889","TAS","2016-01-19",39,"Safe"
"21890","TAS","2016-01-20",44,"Safe"
"21891","TAS","2016-01-21",46,"Safe"
"21892","TAS","2016-01-22",39,"Safe"
"21893","TAS","2016-01-23",37,"Safe"
"21894","TAS","2016-01-24",39,"Safe"
"21895","TAS","2016-01-25",41,"Safe"
"21896","TAS","2016-01-26",33,"Safe"
"21897","TAS","2016-01-27",43,"Safe"
"21898","TAS","2016-01-28",41,"Safe"
"21899","TAS","2016-01-29",46,"Safe"
"21900","TAS","2016-01-30",43,"Safe"
"21901","TAS","2016-01-31",52,"Safe"
"21902","TAS","2016-02-01",33,"Safe"
"21903","TAS","2016-02-02",44,"Safe"
"21904","TAS","2016-02-03",61,"Safe"
"21905","TAS","2016-02-04",35,"Safe"
"21906","TAS","2016-02-05",39,"Safe"
"21907","TAS","2016-02-06",35,"Safe"
"21908","TAS","2016-02-07",35,"Safe"
"21909","TAS","2016-02-08",50,"Safe"
"21910","TAS","2016-02-09",37,"Safe"
"21911","TAS","2016-02-10",41,"Safe"
"21912","TAS","2016-02-11",43,"Safe"
"21913","TAS","2016-02-12",54,"Safe"
"21914","TAS","2016-02-13",48,"Safe"
"21915","TAS","2016-02-14",67,"MinorHazard"
"21916","TAS","2016-02-15",94,"Damaging"
"21917","TAS","2016-02-16",69,"MinorHazard"
"21918","TAS","2016-02-17",52,"Safe"
"21919","TAS","2016-02-18",33,"Safe"
"21920","TAS","2016-02-19",59,"Safe"
"21921","TAS","2016-02-20",48,"Safe"
"21922","TAS","2016-02-21",39,"Safe"
"21923","TAS","2016-02-22",31,"Safe"
"21924","TAS","2016-02-23",72,"MinorHazard"
"21925","TAS","2016-02-24",59,"Safe"
"21926","TAS","2016-02-25",70,"MinorHazard"
"21927","TAS","2016-02-26",94,"Damaging"
"21928","TAS","2016-02-27",50,"Safe"
"21929","TAS","2016-02-28",63,"MinorHazard"
"21930","TAS","2016-02-29",28,"Safe"
"21931","TAS","2016-03-01",52,"Safe"
"21932","TAS","2016-03-02",48,"Safe"
"21933","TAS","2016-03-03",31,"Safe"
"21934","TAS","2016-03-04",28,"Safe"
"21935","TAS","2016-03-05",43,"Safe"
"21936","TAS","2016-03-06",35,"Safe"
"21937","TAS","2016-03-07",41,"Safe"
"21938","TAS","2016-03-08",31,"Safe"
"21939","TAS","2016-03-09",63,"MinorHazard"
"21940","TAS","2016-03-10",31,"Safe"
"21941","TAS","2016-03-11",28,"Safe"
"21942","TAS","2016-03-12",35,"Safe"
"21943","TAS","2016-03-13",33,"Safe"
"21944","TAS","2016-03-14",59,"Safe"
"21945","TAS","2016-03-15",43,"Safe"
"21946","TAS","2016-03-16",37,"Safe"
"21947","TAS","2016-03-17",54,"Safe"
"21948","TAS","2016-03-18",74,"MinorHazard"
"21949","TAS","2016-03-19",57,"Safe"
"21950","TAS","2016-03-20",31,"Safe"
"21951","TAS","2016-03-21",30,"Safe"
"21952","TAS","2016-03-22",30,"Safe"
"21953","TAS","2016-03-23",41,"Safe"
"21954","TAS","2016-03-24",33,"Safe"
"21955","TAS","2016-03-25",43,"Safe"
"21956","TAS","2016-03-26",56,"Safe"
"21957","TAS","2016-03-27",39,"Safe"
"21958","TAS","2016-03-28",33,"Safe"
"21959","TAS","2016-03-29",35,"Safe"
"21960","TAS","2016-03-30",28,"Safe"
"21961","TAS","2016-03-31",44,"Safe"
"21962","TAS","2016-04-01",65,"MinorHazard"
"21963","TAS","2016-04-02",80,"MinorHazard"
"21964","TAS","2016-04-03",43,"Safe"
"21965","TAS","2016-04-04",41,"Safe"
"21966","TAS","2016-04-05",80,"MinorHazard"
"21967","TAS","2016-04-06",41,"Safe"
"21968","TAS","2016-04-07",46,"Safe"
"21969","TAS","2016-04-08",52,"Safe"
"21970","TAS","2016-04-09",59,"Safe"
"21971","TAS","2016-04-10",81,"MinorHazard"
"21972","TAS","2016-04-11",48,"Safe"
"21973","TAS","2016-04-12",39,"Safe"
"21974","TAS","2016-04-13",28,"Safe"
"21975","TAS","2016-04-14",30,"Safe"
"21976","TAS","2016-04-15",46,"Safe"
"21977","TAS","2016-04-16",48,"Safe"
"21978","TAS","2016-04-17",24,"Safe"
"21979","TAS","2016-04-18",39,"Safe"
"21980","TAS","2016-04-19",44,"Safe"
"21981","TAS","2016-04-20",39,"Safe"
"21982","TAS","2016-04-21",46,"Safe"
"21983","TAS","2016-04-22",46,"Safe"
"21984","TAS","2016-04-23",24,"Safe"
"21985","TAS","2016-04-24",39,"Safe"
"21986","TAS","2016-04-25",50,"Safe"
"21987","TAS","2016-04-26",39,"Safe"
"21988","TAS","2016-04-27",57,"Safe"
"21989","TAS","2016-04-28",31,"Safe"
"21990","TAS","2016-04-29",52,"Safe"
"21991","TAS","2016-04-30",48,"Safe"
"21992","TAS","2016-05-01",89,"MinorHazard"
"21993","TAS","2016-05-02",83,"MinorHazard"
"21994","TAS","2016-05-03",83,"MinorHazard"
"21995","TAS","2016-05-04",56,"Safe"
"21996","TAS","2016-05-05",69,"MinorHazard"
"21997","TAS","2016-05-06",65,"MinorHazard"
"21998","TAS","2016-05-07",35,"Safe"
"21999","TAS","2016-05-08",33,"Safe"
"22000","TAS","2016-05-09",50,"Safe"
"22001","TAS","2016-05-10",72,"MinorHazard"
"22002","TAS","2016-05-11",89,"MinorHazard"
"22003","TAS","2016-05-12",111,"Damaging"
"22004","TAS","2016-05-13",94,"Damaging"
"22005","TAS","2016-05-14",85,"MinorHazard"
"22006","TAS","2016-05-15",83,"MinorHazard"
"22007","TAS","2016-05-16",54,"Safe"
"22008","TAS","2016-05-17",56,"Safe"
"22009","TAS","2016-05-18",54,"Safe"
"22010","TAS","2016-05-19",81,"MinorHazard"
"22011","TAS","2016-05-20",65,"MinorHazard"
"22012","TAS","2016-05-21",24,"Safe"
"22013","TAS","2016-05-22",35,"Safe"
"22014","TAS","2016-05-23",63,"MinorHazard"
"22015","TAS","2016-05-24",50,"Safe"
"22016","TAS","2016-05-25",31,"Safe"
"22017","TAS","2016-05-26",31,"Safe"
"22018","TAS","2016-05-27",39,"Safe"
"22019","TAS","2016-05-28",22,"Safe"
"22020","TAS","2016-05-29",41,"Safe"
"22021","TAS","2016-05-30",19,"Safe"
"22022","TAS","2016-05-31",28,"Safe"
"22023","TAS","2016-06-01",35,"Safe"
"22024","TAS","2016-06-02",30,"Safe"
"22025","TAS","2016-06-03",33,"Safe"
"22026","TAS","2016-06-04",31,"Safe"
"22027","TAS","2016-06-05",61,"Safe"
"22028","TAS","2016-06-06",41,"Safe"
"22029","TAS","2016-06-07",24,"Safe"
"22030","TAS","2016-06-08",65,"MinorHazard"
"22031","TAS","2016-06-09",41,"Safe"
"22032","TAS","2016-06-10",56,"Safe"
"22033","TAS","2016-06-11",78,"MinorHazard"
"22034","TAS","2016-06-12",69,"MinorHazard"
"22035","TAS","2016-06-13",54,"Safe"
"22036","TAS","2016-06-14",63,"MinorHazard"
"22037","TAS","2016-06-15",33,"Safe"
"22038","TAS","2016-06-16",59,"Safe"
"22039","TAS","2016-06-17",28,"Safe"
"22040","TAS","2016-06-18",33,"Safe"
"22041","TAS","2016-06-19",28,"Safe"
"22042","TAS","2016-06-20",52,"Safe"
"22043","TAS","2016-06-21",50,"Safe"
"22044","TAS","2016-06-22",74,"MinorHazard"
"22045","TAS","2016-06-23",56,"Safe"
"22046","TAS","2016-06-24",41,"Safe"
"22047","TAS","2016-06-25",43,"Safe"
"22048","TAS","2016-06-26",35,"Safe"
"22049","TAS","2016-06-27",50,"Safe"
"22050","TAS","2016-06-28",56,"Safe"
"22051","TAS","2016-06-29",35,"Safe"
"22052","TAS","2016-06-30",56,"Safe"
"22053","TAS","2016-07-01",52,"Safe"
"22054","TAS","2016-07-02",59,"Safe"
"22055","TAS","2016-07-03",59,"Safe"
"22056","TAS","2016-07-04",30,"Safe"
"22057","TAS","2016-07-05",44,"Safe"
"22058","TAS","2016-07-06",56,"Safe"
"22059","TAS","2016-07-07",35,"Safe"
"22060","TAS","2016-07-08",48,"Safe"
"22061","TAS","2016-07-09",26,"Safe"
"22062","TAS","2016-07-10",50,"Safe"
"22063","TAS","2016-07-11",81,"MinorHazard"
"22064","TAS","2016-07-12",102,"Damaging"
"22065","TAS","2016-07-13",113,"Damaging"
"22066","TAS","2016-07-14",107,"Damaging"
"22067","TAS","2016-07-15",78,"MinorHazard"
"22068","TAS","2016-07-16",70,"MinorHazard"
"22069","TAS","2016-07-17",54,"Safe"
"22070","TAS","2016-07-18",104,"Damaging"
"22071","TAS","2016-07-19",87,"MinorHazard"
"22072","TAS","2016-07-20",43,"Safe"
"22073","TAS","2016-07-21",46,"Safe"
"22074","TAS","2016-07-22",74,"MinorHazard"
"22075","TAS","2016-07-23",65,"MinorHazard"
"22076","TAS","2016-07-24",43,"Safe"
"22077","TAS","2016-07-25",69,"MinorHazard"
"22078","TAS","2016-07-26",72,"MinorHazard"
"22079","TAS","2016-07-27",83,"MinorHazard"
"22080","TAS","2016-07-29",85,"MinorHazard"
"22081","TAS","2016-07-30",61,"Safe"
"22082","TAS","2016-07-31",50,"Safe"
"22083","TAS","2016-08-01",48,"Safe"
"22084","TAS","2016-08-02",54,"Safe"
"22085","TAS","2016-08-03",44,"Safe"
"22086","TAS","2016-08-04",19,"Safe"
"22087","TAS","2016-08-05",20,"Safe"
"22088","TAS","2016-08-06",30,"Safe"
"22089","TAS","2016-08-07",28,"Safe"
"22090","TAS","2016-08-08",50,"Safe"
"22091","TAS","2016-08-09",76,"MinorHazard"
"22092","TAS","2016-08-10",67,"MinorHazard"
"22093","TAS","2016-08-11",54,"Safe"
"22094","TAS","2016-08-12",65,"MinorHazard"
"22095","TAS","2016-08-13",87,"MinorHazard"
"22096","TAS","2016-08-14",65,"MinorHazard"
"22097","TAS","2016-08-15",52,"Safe"
"22098","TAS","2016-08-16",54,"Safe"
"22099","TAS","2016-08-17",50,"Safe"
"22100","TAS","2016-08-19",63,"MinorHazard"
"22101","TAS","2016-08-20",54,"Safe"
"22102","TAS","2016-08-21",52,"Safe"
"22103","TAS","2016-08-22",39,"Safe"
"22104","TAS","2016-08-23",37,"Safe"
"22105","TAS","2016-08-24",33,"Safe"
"22106","TAS","2016-08-25",37,"Safe"
"22107","TAS","2016-08-26",70,"MinorHazard"
"22108","TAS","2016-08-27",69,"MinorHazard"
"22109","TAS","2016-08-28",56,"Safe"
"22110","TAS","2016-08-29",26,"Safe"
"22111","TAS","2016-08-30",33,"Safe"
"22112","TAS","2016-08-31",41,"Safe"
"22113","TAS","2016-09-01",44,"Safe"
"22114","TAS","2016-09-02",22,"Safe"
"22115","TAS","2016-09-03",33,"Safe"
"22116","TAS","2016-09-04",67,"MinorHazard"
"22117","TAS","2016-09-05",52,"Safe"
"22118","TAS","2016-09-06",67,"MinorHazard"
"22119","TAS","2016-09-07",39,"Safe"
"22120","TAS","2016-09-08",65,"MinorHazard"
"22121","TAS","2016-09-09",35,"Safe"
"22122","TAS","2016-09-10",35,"Safe"
"22123","TAS","2016-09-11",43,"Safe"
"22124","TAS","2016-09-12",31,"Safe"
"22125","TAS","2016-09-13",24,"Safe"
"22126","TAS","2016-09-14",46,"Safe"
"22127","TAS","2016-09-15",61,"Safe"
"22128","TAS","2016-09-16",39,"Safe"
"22129","TAS","2016-09-17",52,"Safe"
"22130","TAS","2016-09-18",30,"Safe"
"22131","TAS","2016-09-19",30,"Safe"
"22132","TAS","2016-09-20",35,"Safe"
"22133","TAS","2016-09-21",22,"Safe"
"22134","TAS","2016-09-22",33,"Safe"
"22135","TAS","2016-09-23",24,"Safe"
"22136","TAS","2016-09-24",37,"Safe"
"22137","TAS","2016-09-25",41,"Safe"
"22138","TAS","2016-09-26",33,"Safe"
"22139","TAS","2016-09-27",39,"Safe"
"22140","TAS","2016-09-28",35,"Safe"
"22141","TAS","2016-09-29",54,"Safe"
"22142","TAS","2016-09-30",56,"Safe"
"22143","TAS","2016-10-01",44,"Safe"
"22144","TAS","2016-10-02",48,"Safe"
"22145","TAS","2016-10-03",61,"Safe"
"22146","TAS","2016-10-04",67,"MinorHazard"
"22147","TAS","2016-10-05",104,"Damaging"
"22148","TAS","2016-10-06",94,"Damaging"
"22149","TAS","2016-10-07",69,"MinorHazard"
"22150","TAS","2016-10-08",48,"Safe"
"22151","TAS","2016-10-09",106,"Damaging"
"22152","TAS","2016-10-10",80,"MinorHazard"
"22153","TAS","2016-10-11",57,"Safe"
"22154","TAS","2016-10-12",61,"Safe"
"22155","TAS","2016-10-13",35,"Safe"
"22156","TAS","2016-10-14",39,"Safe"
"22157","TAS","2016-10-15",80,"MinorHazard"
"22158","TAS","2016-10-16",78,"MinorHazard"
"22159","TAS","2016-10-17",67,"MinorHazard"
"22160","TAS","2016-10-18",57,"Safe"
"22161","TAS","2016-10-19",59,"Safe"
"22162","TAS","2016-10-20",59,"Safe"
"22163","TAS","2016-10-21",76,"MinorHazard"
"22164","TAS","2016-10-22",65,"MinorHazard"
"22165","TAS","2016-10-23",50,"Safe"
"22166","TAS","2016-10-24",33,"Safe"
"22167","TAS","2016-10-25",39,"Safe"
"22168","TAS","2016-10-26",54,"Safe"
"22169","TAS","2016-10-27",44,"Safe"
"22170","TAS","2016-10-28",41,"Safe"
"22171","TAS","2016-10-29",37,"Safe"
"22172","TAS","2016-10-30",93,"Damaging"
"22173","TAS","2016-10-31",65,"MinorHazard"
"22174","TAS","2016-11-01",76,"MinorHazard"
"22175","TAS","2016-11-02",65,"MinorHazard"
"22176","TAS","2016-11-03",54,"Safe"
"22177","TAS","2016-11-04",89,"MinorHazard"
"22178","TAS","2016-11-05",76,"MinorHazard"
"22179","TAS","2016-11-06",50,"Safe"
"22180","TAS","2016-11-07",72,"MinorHazard"
"22181","TAS","2016-11-08",67,"MinorHazard"
"22182","TAS","2016-11-09",37,"Safe"
"22183","TAS","2016-11-10",30,"Safe"
"22184","TAS","2016-11-11",30,"Safe"
"22185","TAS","2016-11-12",43,"Safe"
"22186","TAS","2016-11-13",54,"Safe"
"22187","TAS","2016-11-14",35,"Safe"
"22188","TAS","2016-11-15",69,"MinorHazard"
"22189","TAS","2016-11-16",39,"Safe"
"22190","TAS","2016-11-17",69,"MinorHazard"
"22191","TAS","2016-11-18",59,"Safe"
"22192","TAS","2016-11-19",46,"Safe"
"22193","TAS","2016-11-20",43,"Safe"
"22194","TAS","2016-11-21",59,"Safe"
"22195","TAS","2016-11-22",57,"Safe"
"22196","TAS","2016-11-23",48,"Safe"
"22197","TAS","2016-11-24",44,"Safe"
"22198","TAS","2016-11-25",72,"MinorHazard"
"22199","TAS","2016-11-26",57,"Safe"
"22200","TAS","2016-11-27",35,"Safe"
"22201","TAS","2016-11-28",39,"Safe"
"22202","TAS","2016-11-29",31,"Safe"
"22203","TAS","2016-11-30",33,"Safe"
"22204","TAS","2016-12-01",33,"Safe"
"22205","TAS","2016-12-02",56,"Safe"
"22206","TAS","2016-12-03",39,"Safe"
"22207","TAS","2016-12-04",44,"Safe"
"22208","TAS","2016-12-05",69,"MinorHazard"
"22209","TAS","2016-12-06",37,"Safe"
"22210","TAS","2016-12-07",43,"Safe"
"22211","TAS","2016-12-08",83,"MinorHazard"
"22212","TAS","2016-12-09",69,"MinorHazard"
"22213","TAS","2016-12-10",57,"Safe"
"22214","TAS","2016-12-11",35,"Safe"
"22215","TAS","2016-12-12",65,"MinorHazard"
"22216","TAS","2016-12-13",91,"Damaging"
"22217","TAS","2016-12-14",94,"Damaging"
"22218","TAS","2016-12-15",35,"Safe"
"22219","TAS","2016-12-16",35,"Safe"
"22220","TAS","2016-12-17",85,"MinorHazard"
"22221","TAS","2016-12-18",54,"Safe"
"22222","TAS","2016-12-19",63,"MinorHazard"
"22223","TAS","2016-12-20",57,"Safe"
"22224","TAS","2016-12-21",80,"MinorHazard"
"22225","TAS","2016-12-22",46,"Safe"
"22226","TAS","2016-12-23",39,"Safe"
"22227","TAS","2016-12-24",33,"Safe"
"22228","TAS","2016-12-25",39,"Safe"
"22229","TAS","2016-12-26",48,"Safe"
"22230","TAS","2016-12-27",31,"Safe"
"22231","TAS","2016-12-28",26,"Safe"
"22232","TAS","2016-12-29",26,"Safe"
"22233","TAS","2016-12-30",50,"Safe"
"22234","TAS","2016-12-31",43,"Safe"
"22235","TAS","2017-01-01",44,"Safe"
"22236","TAS","2017-01-02",48,"Safe"
"22237","TAS","2017-01-03",44,"Safe"
"22238","TAS","2017-01-04",35,"Safe"
"22239","TAS","2017-01-05",39,"Safe"
"22240","TAS","2017-01-06",31,"Safe"
"22241","TAS","2017-01-07",35,"Safe"
"22242","TAS","2017-01-08",65,"MinorHazard"
"22243","TAS","2017-01-09",46,"Safe"
"22244","TAS","2017-01-10",48,"Safe"
"22245","TAS","2017-01-11",76,"MinorHazard"
"22246","TAS","2017-01-12",43,"Safe"
"22247","TAS","2017-01-13",74,"MinorHazard"
"22248","TAS","2017-01-14",87,"MinorHazard"
"22249","TAS","2017-01-15",57,"Safe"
"22250","TAS","2017-01-16",52,"Safe"
"22251","TAS","2017-01-17",46,"Safe"
"22252","TAS","2017-01-18",96,"Damaging"
"22253","TAS","2017-01-19",35,"Safe"
"22254","TAS","2017-01-20",57,"Safe"
"22255","TAS","2017-01-21",46,"Safe"
"22256","TAS","2017-01-22",39,"Safe"
"22257","TAS","2017-01-23",35,"Safe"
"22258","TAS","2017-01-24",93,"Damaging"
"22259","TAS","2017-01-25",65,"MinorHazard"
"22260","TAS","2017-01-26",69,"MinorHazard"
"22261","TAS","2017-01-27",46,"Safe"
"22262","TAS","2017-01-28",63,"MinorHazard"
"22263","TAS","2017-01-29",43,"Safe"
"22264","TAS","2017-01-30",57,"Safe"
"22265","TAS","2017-01-31",57,"Safe"
"22266","TAS","2017-02-01",46,"Safe"
"22267","TAS","2017-02-02",63,"MinorHazard"
"22268","TAS","2017-02-03",54,"Safe"
"22269","TAS","2017-02-04",46,"Safe"
"22270","TAS","2017-02-05",50,"Safe"
"22271","TAS","2017-02-06",46,"Safe"
"22272","TAS","2017-02-07",31,"Safe"
"22273","TAS","2017-02-08",59,"Safe"
"22274","TAS","2017-02-09",61,"Safe"
"22275","TAS","2017-02-10",43,"Safe"
"22276","TAS","2017-02-11",65,"MinorHazard"
"22277","TAS","2017-02-12",76,"MinorHazard"
"22278","TAS","2017-02-13",80,"MinorHazard"
"22279","TAS","2017-02-14",41,"Safe"
"22280","TAS","2017-02-15",69,"MinorHazard"
"22281","TAS","2017-02-16",48,"Safe"
"22282","TAS","2017-02-17",50,"Safe"
"22283","TAS","2017-02-18",44,"Safe"
"22284","TAS","2017-02-19",37,"Safe"
"22285","TAS","2017-02-20",50,"Safe"
"22286","TAS","2017-02-21",35,"Safe"
"22287","TAS","2017-02-22",46,"Safe"
"22288","TAS","2017-02-23",46,"Safe"
"22289","TAS","2017-02-24",59,"Safe"
"22290","TAS","2017-02-25",37,"Safe"
"22291","TAS","2017-02-26",33,"Safe"
"22292","TAS","2017-02-27",33,"Safe"
"22293","TAS","2017-02-28",33,"Safe"
"22294","TAS","2017-03-01",35,"Safe"
"22295","TAS","2017-03-02",41,"Safe"
"22296","TAS","2017-03-03",35,"Safe"
"22297","TAS","2017-03-04",37,"Safe"
"22298","TAS","2017-03-05",37,"Safe"
"22299","TAS","2017-03-06",39,"Safe"
"22300","TAS","2017-03-07",35,"Safe"
"22301","TAS","2017-03-08",31,"Safe"
"22302","TAS","2017-03-09",35,"Safe"
"22303","TAS","2017-03-10",46,"Safe"
"22304","TAS","2017-03-11",37,"Safe"
"22305","TAS","2017-03-12",19,"Safe"
"22306","TAS","2017-03-13",30,"Safe"
"22307","TAS","2017-03-14",56,"Safe"
"22308","TAS","2017-03-15",52,"Safe"
"22309","TAS","2017-03-16",56,"Safe"
"22310","TAS","2017-03-17",37,"Safe"
"22311","TAS","2017-03-18",37,"Safe"
"22312","TAS","2017-03-19",56,"Safe"
"22313","TAS","2017-03-20",48,"Safe"
"22314","TAS","2017-03-21",22,"Safe"
"22315","TAS","2017-03-22",43,"Safe"
"22316","TAS","2017-03-23",31,"Safe"
"22317","TAS","2017-03-24",24,"Safe"
"22318","TAS","2017-03-25",28,"Safe"
"22319","TAS","2017-03-26",28,"Safe"
"22320","TAS","2017-03-27",89,"MinorHazard"
"22321","TAS","2017-03-28",65,"MinorHazard"
"22322","TAS","2017-03-29",74,"MinorHazard"
"22323","TAS","2017-03-30",48,"Safe"
"22324","TAS","2017-03-31",43,"Safe"
"22325","TAS","2017-04-01",69,"MinorHazard"
"22326","TAS","2017-04-03",24,"Safe"
"22327","TAS","2017-04-04",22,"Safe"
"22328","TAS","2017-04-05",41,"Safe"
"22329","TAS","2017-04-06",52,"Safe"
"22330","TAS","2017-04-07",65,"MinorHazard"
"22331","TAS","2017-04-08",59,"Safe"
"22332","TAS","2017-04-09",44,"Safe"
"22333","TAS","2017-04-10",54,"Safe"
"22334","TAS","2017-04-11",37,"Safe"
"22335","TAS","2017-04-12",24,"Safe"
"22336","TAS","2017-04-13",43,"Safe"
"22337","TAS","2017-04-14",52,"Safe"
"22338","TAS","2017-04-15",35,"Safe"
"22339","TAS","2017-04-16",46,"Safe"
"22340","TAS","2017-04-17",41,"Safe"
"22341","TAS","2017-04-18",41,"Safe"
"22342","TAS","2017-04-19",31,"Safe"
"22343","TAS","2017-04-20",37,"Safe"
"22344","TAS","2017-04-21",35,"Safe"
"22345","TAS","2017-04-22",30,"Safe"
"22346","TAS","2017-04-23",20,"Safe"
"22347","TAS","2017-04-24",24,"Safe"
"22348","TAS","2017-04-25",28,"Safe"
"22349","TAS","2017-04-26",54,"Safe"
"22350","TAS","2017-04-27",56,"Safe"
"22351","TAS","2017-04-28",57,"Safe"
"22352","TAS","2017-04-29",46,"Safe"
"22353","TAS","2017-04-30",35,"Safe"
"22354","TAS","2017-05-01",65,"MinorHazard"
"22355","TAS","2017-05-02",56,"Safe"
"22356","TAS","2017-05-03",30,"Safe"
"22357","TAS","2017-05-04",30,"Safe"
"22358","TAS","2017-05-05",31,"Safe"
"22359","TAS","2017-05-06",54,"Safe"
"22360","TAS","2017-05-07",70,"MinorHazard"
"22361","TAS","2017-05-08",44,"Safe"
"22362","TAS","2017-05-09",28,"Safe"
"22363","TAS","2017-05-10",24,"Safe"
"22364","TAS","2017-05-11",33,"Safe"
"22365","TAS","2017-05-12",19,"Safe"
"22366","TAS","2017-05-13",33,"Safe"
"22367","TAS","2017-05-14",30,"Safe"
"22368","TAS","2017-05-15",28,"Safe"
"22369","TAS","2017-05-16",24,"Safe"
"22370","TAS","2017-05-17",31,"Safe"
"22371","TAS","2017-05-18",30,"Safe"
"22372","TAS","2017-05-19",35,"Safe"
"22373","TAS","2017-05-20",31,"Safe"
"22374","TAS","2017-05-21",28,"Safe"
"22375","TAS","2017-05-22",43,"Safe"
"22376","TAS","2017-05-23",33,"Safe"
"22377","TAS","2017-05-24",43,"Safe"
"22378","TAS","2017-05-25",46,"Safe"
"22379","TAS","2017-05-26",35,"Safe"
"22380","TAS","2017-05-27",50,"Safe"
"22381","TAS","2017-05-28",43,"Safe"
"22382","TAS","2017-05-29",41,"Safe"
"22383","TAS","2017-05-30",44,"Safe"
"22384","TAS","2017-05-31",43,"Safe"
"22385","TAS","2017-06-01",41,"Safe"
"22386","TAS","2017-06-02",48,"Safe"
"22387","TAS","2017-06-03",22,"Safe"
"22388","TAS","2017-06-04",31,"Safe"
"22389","TAS","2017-06-05",39,"Safe"
"22390","TAS","2017-06-06",46,"Safe"
"22391","TAS","2017-06-07",26,"Safe"
"22392","TAS","2017-06-08",31,"Safe"
"22393","TAS","2017-06-09",28,"Safe"
"22394","TAS","2017-06-10",59,"Safe"
"22395","TAS","2017-06-11",57,"Safe"
"22396","TAS","2017-06-12",57,"Safe"
"22397","TAS","2017-06-13",31,"Safe"
"22398","TAS","2017-06-14",52,"Safe"
"22399","TAS","2017-06-16",35,"Safe"
"22400","TAS","2017-06-17",52,"Safe"
"22401","TAS","2017-06-18",39,"Safe"
"22402","TAS","2017-06-19",54,"Safe"
"22403","TAS","2017-06-20",89,"MinorHazard"
"22404","TAS","2017-06-21",59,"Safe"
"22405","TAS","2017-06-22",44,"Safe"
"22406","TAS","2017-06-23",72,"MinorHazard"
"22407","TAS","2017-06-24",46,"Safe"
"22408","TAS","2017-06-25",50,"Safe"
"22409","TAS","2009-07-02",30,"Safe"
"22410","TAS","2009-11-30",50,"Safe"
"22411","TAS","2010-01-13",33,"Safe"
"22412","TAS","2011-01-13",39,"Safe"
"22413","TAS","2011-03-28",28,"Safe"
"22414","TAS","2011-05-03",19,"Safe"
"22415","TAS","2014-10-13",44,"Safe"
"22416","TAS","2015-01-06",35,"Safe"
"22417","TAS","2015-04-05",33,"Safe"
"22418","TAS","2015-04-15",31,"Safe"
"22419","TAS","2015-07-20",9,"Safe"
"22420","TAS","2016-01-13",43,"Safe"
"22421","TAS","2016-07-28",46,"Safe"
"22422","TAS","2016-08-18",26,"Safe"
"22423","TAS","2017-04-02",24,"Safe"
"22424","TAS","2017-06-15",26,"Safe"
"22425","NT","2008-12-01",87,"MinorHazard"
"22426","NT","2008-12-02",41,"Safe"
"22427","NT","2008-12-03",48,"Safe"
"22428","NT","2008-12-04",72,"MinorHazard"
"22429","NT","2008-12-05",46,"Safe"
"22430","NT","2008-12-06",54,"Safe"
"22431","NT","2008-12-07",37,"Safe"
"22432","NT","2008-12-08",41,"Safe"
"22433","NT","2008-12-09",50,"Safe"
"22434","NT","2008-12-10",54,"Safe"
"22435","NT","2008-12-11",63,"MinorHazard"
"22436","NT","2008-12-12",41,"Safe"
"22437","NT","2008-12-13",37,"Safe"
"22438","NT","2008-12-14",46,"Safe"
"22439","NT","2008-12-15",37,"Safe"
"22440","NT","2008-12-16",44,"Safe"
"22441","NT","2008-12-17",35,"Safe"
"22442","NT","2008-12-18",43,"Safe"
"22443","NT","2008-12-19",61,"Safe"
"22444","NT","2008-12-20",41,"Safe"
"22445","NT","2008-12-21",37,"Safe"
"22446","NT","2008-12-22",33,"Safe"
"22447","NT","2008-12-23",48,"Safe"
"22448","NT","2008-12-24",39,"Safe"
"22449","NT","2008-12-25",30,"Safe"
"22450","NT","2008-12-26",69,"MinorHazard"
"22451","NT","2008-12-27",33,"Safe"
"22452","NT","2008-12-28",46,"Safe"
"22453","NT","2008-12-29",54,"Safe"
"22454","NT","2008-12-30",50,"Safe"
"22455","NT","2008-12-31",43,"Safe"
"22456","NT","2009-01-01",54,"Safe"
"22457","NT","2009-01-02",50,"Safe"
"22458","NT","2009-01-03",54,"Safe"
"22459","NT","2009-01-04",57,"Safe"
"22460","NT","2009-01-05",57,"Safe"
"22461","NT","2009-01-06",52,"Safe"
"22462","NT","2009-01-07",59,"Safe"
"22463","NT","2009-01-08",56,"Safe"
"22464","NT","2009-01-09",74,"MinorHazard"
"22465","NT","2009-01-10",52,"Safe"
"22466","NT","2009-01-11",44,"Safe"
"22467","NT","2009-01-12",43,"Safe"
"22468","NT","2009-01-13",35,"Safe"
"22469","NT","2009-01-14",59,"Safe"
"22470","NT","2009-01-15",67,"MinorHazard"
"22471","NT","2009-01-16",56,"Safe"
"22472","NT","2009-01-17",41,"Safe"
"22473","NT","2009-01-18",39,"Safe"
"22474","NT","2009-01-19",35,"Safe"
"22475","NT","2009-01-20",44,"Safe"
"22476","NT","2009-01-21",39,"Safe"
"22477","NT","2009-01-22",41,"Safe"
"22478","NT","2009-01-23",35,"Safe"
"22479","NT","2009-01-24",54,"Safe"
"22480","NT","2009-01-25",93,"Damaging"
"22481","NT","2009-01-26",44,"Safe"
"22482","NT","2009-01-27",61,"Safe"
"22483","NT","2009-01-28",56,"Safe"
"22484","NT","2009-01-29",65,"MinorHazard"
"22485","NT","2009-01-30",69,"MinorHazard"
"22486","NT","2009-01-31",72,"MinorHazard"
"22487","NT","2009-02-01",59,"Safe"
"22488","NT","2009-02-02",54,"Safe"
"22489","NT","2009-02-03",57,"Safe"
"22490","NT","2009-02-04",67,"MinorHazard"
"22491","NT","2009-02-05",50,"Safe"
"22492","NT","2009-02-06",70,"MinorHazard"
"22493","NT","2009-02-07",70,"MinorHazard"
"22494","NT","2009-02-08",61,"Safe"
"22495","NT","2009-02-09",48,"Safe"
"22496","NT","2009-02-10",52,"Safe"
"22497","NT","2009-02-11",46,"Safe"
"22498","NT","2009-02-12",43,"Safe"
"22499","NT","2009-02-13",44,"Safe"
"22500","NT","2009-02-14",43,"Safe"
"22501","NT","2009-02-15",43,"Safe"
"22502","NT","2009-02-16",54,"Safe"
"22503","NT","2009-02-17",46,"Safe"
"22504","NT","2009-02-18",39,"Safe"
"22505","NT","2009-02-19",50,"Safe"
"22506","NT","2009-02-20",41,"Safe"
"22507","NT","2009-02-21",56,"Safe"
"22508","NT","2009-02-22",39,"Safe"
"22509","NT","2009-02-23",54,"Safe"
"22510","NT","2009-02-24",37,"Safe"
"22511","NT","2009-02-25",50,"Safe"
"22512","NT","2009-02-26",43,"Safe"
"22513","NT","2009-02-27",41,"Safe"
"22514","NT","2009-02-28",39,"Safe"
"22515","NT","2009-03-01",50,"Safe"
"22516","NT","2009-03-02",52,"Safe"
"22517","NT","2009-03-03",69,"MinorHazard"
"22518","NT","2009-03-04",54,"Safe"
"22519","NT","2009-03-05",48,"Safe"
"22520","NT","2009-03-06",48,"Safe"
"22521","NT","2009-03-07",41,"Safe"
"22522","NT","2009-03-08",35,"Safe"
"22523","NT","2009-03-09",35,"Safe"
"22524","NT","2009-03-10",39,"Safe"
"22525","NT","2009-03-11",50,"Safe"
"22526","NT","2009-03-12",69,"MinorHazard"
"22527","NT","2009-03-13",59,"Safe"
"22528","NT","2009-03-14",50,"Safe"
"22529","NT","2009-03-15",57,"Safe"
"22530","NT","2009-03-16",48,"Safe"
"22531","NT","2009-03-17",100,"Damaging"
"22532","NT","2009-03-18",31,"Safe"
"22533","NT","2009-03-19",41,"Safe"
"22534","NT","2009-03-20",37,"Safe"
"22535","NT","2009-03-21",39,"Safe"
"22536","NT","2009-03-22",39,"Safe"
"22537","NT","2009-03-23",44,"Safe"
"22538","NT","2009-03-24",56,"Safe"
"22539","NT","2009-03-25",76,"MinorHazard"
"22540","NT","2009-03-26",50,"Safe"
"22541","NT","2009-03-27",39,"Safe"
"22542","NT","2009-03-28",50,"Safe"
"22543","NT","2009-03-29",41,"Safe"
"22544","NT","2009-03-30",48,"Safe"
"22545","NT","2009-03-31",41,"Safe"
"22546","NT","2009-04-01",39,"Safe"
"22547","NT","2009-04-02",43,"Safe"
"22548","NT","2009-04-03",50,"Safe"
"22549","NT","2009-04-04",43,"Safe"
"22550","NT","2009-04-05",44,"Safe"
"22551","NT","2009-04-06",63,"MinorHazard"
"22552","NT","2009-04-07",93,"Damaging"
"22553","NT","2009-04-08",33,"Safe"
"22554","NT","2009-04-09",41,"Safe"
"22555","NT","2009-04-11",37,"Safe"
"22556","NT","2009-04-12",44,"Safe"
"22557","NT","2009-04-13",48,"Safe"
"22558","NT","2009-04-14",39,"Safe"
"22559","NT","2009-04-15",52,"Safe"
"22560","NT","2009-04-16",41,"Safe"
"22561","NT","2009-04-17",44,"Safe"
"22562","NT","2009-04-18",44,"Safe"
"22563","NT","2009-04-19",39,"Safe"
"22564","NT","2009-04-20",30,"Safe"
"22565","NT","2009-04-21",41,"Safe"
"22566","NT","2009-04-22",37,"Safe"
"22567","NT","2009-04-23",61,"Safe"
"22568","NT","2009-04-24",41,"Safe"
"22569","NT","2009-04-25",30,"Safe"
"22570","NT","2009-04-26",35,"Safe"
"22571","NT","2009-04-27",33,"Safe"
"22572","NT","2009-04-28",41,"Safe"
"22573","NT","2009-04-29",41,"Safe"
"22574","NT","2009-04-30",41,"Safe"
"22575","NT","2009-05-01",50,"Safe"
"22576","NT","2009-05-02",50,"Safe"
"22577","NT","2009-05-03",50,"Safe"
"22578","NT","2009-05-04",50,"Safe"
"22579","NT","2009-05-05",52,"Safe"
"22580","NT","2009-05-06",44,"Safe"
"22581","NT","2009-05-07",48,"Safe"
"22582","NT","2009-05-08",41,"Safe"
"22583","NT","2009-05-09",39,"Safe"
"22584","NT","2009-05-10",46,"Safe"
"22585","NT","2009-05-11",44,"Safe"
"22586","NT","2009-05-12",43,"Safe"
"22587","NT","2009-05-13",41,"Safe"
"22588","NT","2009-05-14",48,"Safe"
"22589","NT","2009-05-15",50,"Safe"
"22590","NT","2009-05-16",56,"Safe"
"22591","NT","2009-05-17",43,"Safe"
"22592","NT","2009-05-18",35,"Safe"
"22593","NT","2009-05-19",37,"Safe"
"22594","NT","2009-05-20",37,"Safe"
"22595","NT","2009-05-22",31,"Safe"
"22596","NT","2009-05-23",31,"Safe"
"22597","NT","2009-05-24",48,"Safe"
"22598","NT","2009-05-25",33,"Safe"
"22599","NT","2009-05-26",35,"Safe"
"22600","NT","2009-05-27",37,"Safe"
"22601","NT","2009-05-28",35,"Safe"
"22602","NT","2009-05-29",39,"Safe"
"22603","NT","2009-05-30",39,"Safe"
"22604","NT","2009-05-31",31,"Safe"
"22605","NT","2009-06-01",37,"Safe"
"22606","NT","2009-06-02",46,"Safe"
"22607","NT","2009-06-03",39,"Safe"
"22608","NT","2009-06-04",46,"Safe"
"22609","NT","2009-06-05",41,"Safe"
"22610","NT","2009-06-06",33,"Safe"
"22611","NT","2009-06-07",33,"Safe"
"22612","NT","2009-06-08",33,"Safe"
"22613","NT","2009-06-09",37,"Safe"
"22614","NT","2009-06-10",44,"Safe"
"22615","NT","2009-06-11",43,"Safe"
"22616","NT","2009-06-12",41,"Safe"
"22617","NT","2009-06-13",44,"Safe"
"22618","NT","2009-06-14",33,"Safe"
"22619","NT","2009-06-15",37,"Safe"
"22620","NT","2009-06-16",44,"Safe"
"22621","NT","2009-06-17",44,"Safe"
"22622","NT","2009-06-18",41,"Safe"
"22623","NT","2009-06-19",33,"Safe"
"22624","NT","2009-06-20",31,"Safe"
"22625","NT","2009-06-21",31,"Safe"
"22626","NT","2009-06-22",35,"Safe"
"22627","NT","2009-06-23",39,"Safe"
"22628","NT","2009-06-24",37,"Safe"
"22629","NT","2009-06-25",52,"Safe"
"22630","NT","2009-06-26",41,"Safe"
"22631","NT","2009-06-27",31,"Safe"
"22632","NT","2009-06-28",35,"Safe"
"22633","NT","2009-06-29",41,"Safe"
"22634","NT","2009-06-30",57,"Safe"
"22635","NT","2009-07-01",46,"Safe"
"22636","NT","2009-07-02",46,"Safe"
"22637","NT","2009-07-03",46,"Safe"
"22638","NT","2009-07-04",41,"Safe"
"22639","NT","2009-07-05",31,"Safe"
"22640","NT","2009-07-06",30,"Safe"
"22641","NT","2009-07-07",37,"Safe"
"22642","NT","2009-07-08",37,"Safe"
"22643","NT","2009-07-09",35,"Safe"
"22644","NT","2009-07-10",39,"Safe"
"22645","NT","2009-07-11",35,"Safe"
"22646","NT","2009-07-12",48,"Safe"
"22647","NT","2009-07-13",39,"Safe"
"22648","NT","2009-07-14",41,"Safe"
"22649","NT","2009-07-15",35,"Safe"
"22650","NT","2009-07-16",35,"Safe"
"22651","NT","2009-07-17",48,"Safe"
"22652","NT","2009-07-18",33,"Safe"
"22653","NT","2009-07-19",41,"Safe"
"22654","NT","2009-07-20",46,"Safe"
"22655","NT","2009-07-22",35,"Safe"
"22656","NT","2009-07-24",50,"Safe"
"22657","NT","2009-07-25",41,"Safe"
"22658","NT","2009-07-26",48,"Safe"
"22659","NT","2009-07-27",44,"Safe"
"22660","NT","2009-07-28",44,"Safe"
"22661","NT","2009-07-29",56,"Safe"
"22662","NT","2009-07-30",48,"Safe"
"22663","NT","2009-07-31",48,"Safe"
"22664","NT","2009-08-01",52,"Safe"
"22665","NT","2009-08-02",37,"Safe"
"22666","NT","2009-08-03",41,"Safe"
"22667","NT","2009-08-04",35,"Safe"
"22668","NT","2009-08-05",35,"Safe"
"22669","NT","2009-08-06",39,"Safe"
"22670","NT","2009-08-07",35,"Safe"
"22671","NT","2009-08-08",35,"Safe"
"22672","NT","2009-08-09",35,"Safe"
"22673","NT","2009-08-10",44,"Safe"
"22674","NT","2009-08-11",56,"Safe"
"22675","NT","2009-08-12",43,"Safe"
"22676","NT","2009-08-13",48,"Safe"
"22677","NT","2009-08-14",57,"Safe"
"22678","NT","2009-08-15",56,"Safe"
"22679","NT","2009-08-16",50,"Safe"
"22680","NT","2009-08-17",50,"Safe"
"22681","NT","2009-08-18",56,"Safe"
"22682","NT","2009-08-19",52,"Safe"
"22683","NT","2009-08-20",50,"Safe"
"22684","NT","2009-08-21",50,"Safe"
"22685","NT","2009-08-22",52,"Safe"
"22686","NT","2009-08-23",52,"Safe"
"22687","NT","2009-08-24",37,"Safe"
"22688","NT","2009-08-25",41,"Safe"
"22689","NT","2009-08-26",35,"Safe"
"22690","NT","2009-08-27",39,"Safe"
"22691","NT","2009-08-28",57,"Safe"
"22692","NT","2009-08-29",63,"MinorHazard"
"22693","NT","2009-08-30",52,"Safe"
"22694","NT","2009-08-31",39,"Safe"
"22695","NT","2009-09-01",39,"Safe"
"22696","NT","2009-09-02",59,"Safe"
"22697","NT","2009-09-03",44,"Safe"
"22698","NT","2009-09-04",39,"Safe"
"22699","NT","2009-09-05",44,"Safe"
"22700","NT","2009-09-06",56,"Safe"
"22701","NT","2009-09-07",46,"Safe"
"22702","NT","2009-09-08",35,"Safe"
"22703","NT","2009-09-09",37,"Safe"
"22704","NT","2009-09-10",35,"Safe"
"22705","NT","2009-09-11",44,"Safe"
"22706","NT","2009-09-12",56,"Safe"
"22707","NT","2009-09-13",39,"Safe"
"22708","NT","2009-09-14",46,"Safe"
"22709","NT","2009-09-15",56,"Safe"
"22710","NT","2009-09-16",81,"MinorHazard"
"22711","NT","2009-09-17",56,"Safe"
"22712","NT","2009-09-18",46,"Safe"
"22713","NT","2009-09-19",41,"Safe"
"22714","NT","2009-09-20",57,"Safe"
"22715","NT","2009-09-21",74,"MinorHazard"
"22716","NT","2009-09-22",63,"MinorHazard"
"22717","NT","2009-09-23",41,"Safe"
"22718","NT","2009-09-24",48,"Safe"
"22719","NT","2009-09-25",43,"Safe"
"22720","NT","2009-09-26",48,"Safe"
"22721","NT","2009-09-27",46,"Safe"
"22722","NT","2009-09-28",35,"Safe"
"22723","NT","2009-09-29",48,"Safe"
"22724","NT","2009-09-30",70,"MinorHazard"
"22725","NT","2009-10-01",85,"MinorHazard"
"22726","NT","2009-10-02",43,"Safe"
"22727","NT","2009-10-03",39,"Safe"
"22728","NT","2009-10-04",41,"Safe"
"22729","NT","2009-10-05",48,"Safe"
"22730","NT","2009-10-06",43,"Safe"
"22731","NT","2009-10-07",54,"Safe"
"22732","NT","2009-10-08",43,"Safe"
"22733","NT","2009-10-09",41,"Safe"
"22734","NT","2009-10-10",37,"Safe"
"22735","NT","2009-10-11",57,"Safe"
"22736","NT","2009-10-12",46,"Safe"
"22737","NT","2009-10-13",41,"Safe"
"22738","NT","2009-10-14",41,"Safe"
"22739","NT","2009-10-15",50,"Safe"
"22740","NT","2009-10-16",44,"Safe"
"22741","NT","2009-10-17",48,"Safe"
"22742","NT","2009-10-18",56,"Safe"
"22743","NT","2009-10-19",39,"Safe"
"22744","NT","2009-10-20",46,"Safe"
"22745","NT","2009-10-21",52,"Safe"
"22746","NT","2009-10-22",46,"Safe"
"22747","NT","2009-10-23",46,"Safe"
"22748","NT","2009-10-24",39,"Safe"
"22749","NT","2009-10-25",69,"MinorHazard"
"22750","NT","2009-10-26",61,"Safe"
"22751","NT","2009-10-27",46,"Safe"
"22752","NT","2009-10-28",35,"Safe"
"22753","NT","2009-10-29",35,"Safe"
"22754","NT","2009-10-30",39,"Safe"
"22755","NT","2009-10-31",52,"Safe"
"22756","NT","2009-11-01",48,"Safe"
"22757","NT","2009-11-02",65,"MinorHazard"
"22758","NT","2009-11-03",39,"Safe"
"22759","NT","2009-11-04",41,"Safe"
"22760","NT","2009-11-05",44,"Safe"
"22761","NT","2009-11-06",41,"Safe"
"22762","NT","2009-11-07",41,"Safe"
"22763","NT","2009-11-08",41,"Safe"
"22764","NT","2009-11-09",48,"Safe"
"22765","NT","2009-11-10",56,"Safe"
"22766","NT","2009-11-11",50,"Safe"
"22767","NT","2009-11-12",54,"Safe"
"22768","NT","2009-11-13",54,"Safe"
"22769","NT","2009-11-14",57,"Safe"
"22770","NT","2009-11-15",52,"Safe"
"22771","NT","2009-11-16",48,"Safe"
"22772","NT","2009-11-17",52,"Safe"
"22773","NT","2009-11-18",61,"Safe"
"22774","NT","2009-11-19",59,"Safe"
"22775","NT","2009-11-20",89,"MinorHazard"
"22776","NT","2009-11-21",57,"Safe"
"22777","NT","2009-11-22",43,"Safe"
"22778","NT","2009-11-23",57,"Safe"
"22779","NT","2009-11-24",54,"Safe"
"22780","NT","2009-11-25",43,"Safe"
"22781","NT","2009-11-26",46,"Safe"
"22782","NT","2009-11-27",44,"Safe"
"22783","NT","2009-11-28",50,"Safe"
"22784","NT","2009-11-29",39,"Safe"
"22785","NT","2009-11-30",43,"Safe"
"22786","NT","2009-12-01",67,"MinorHazard"
"22787","NT","2009-12-02",56,"Safe"
"22788","NT","2009-12-03",44,"Safe"
"22789","NT","2009-12-04",48,"Safe"
"22790","NT","2009-12-05",37,"Safe"
"22791","NT","2009-12-06",54,"Safe"
"22792","NT","2009-12-07",50,"Safe"
"22793","NT","2009-12-08",50,"Safe"
"22794","NT","2009-12-09",54,"Safe"
"22795","NT","2009-12-10",41,"Safe"
"22796","NT","2009-12-11",54,"Safe"
"22797","NT","2009-12-12",94,"Damaging"
"22798","NT","2009-12-13",46,"Safe"
"22799","NT","2009-12-14",52,"Safe"
"22800","NT","2009-12-15",43,"Safe"
"22801","NT","2009-12-16",43,"Safe"
"22802","NT","2009-12-17",52,"Safe"
"22803","NT","2009-12-18",44,"Safe"
"22804","NT","2009-12-19",46,"Safe"
"22805","NT","2009-12-20",39,"Safe"
"22806","NT","2009-12-21",37,"Safe"
"22807","NT","2009-12-22",52,"Safe"
"22808","NT","2009-12-23",67,"MinorHazard"
"22809","NT","2009-12-24",74,"MinorHazard"
"22810","NT","2009-12-25",54,"Safe"
"22811","NT","2009-12-26",52,"Safe"
"22812","NT","2009-12-27",43,"Safe"
"22813","NT","2009-12-28",54,"Safe"
"22814","NT","2009-12-29",41,"Safe"
"22815","NT","2009-12-30",41,"Safe"
"22816","NT","2009-12-31",43,"Safe"
"22817","NT","2010-01-01",59,"Safe"
"22818","NT","2010-01-02",50,"Safe"
"22819","NT","2010-01-03",56,"Safe"
"22820","NT","2010-01-04",76,"MinorHazard"
"22821","NT","2010-01-05",70,"MinorHazard"
"22822","NT","2010-01-06",61,"Safe"
"22823","NT","2010-01-07",67,"MinorHazard"
"22824","NT","2010-01-08",67,"MinorHazard"
"22825","NT","2010-01-09",50,"Safe"
"22826","NT","2010-01-10",43,"Safe"
"22827","NT","2010-01-11",43,"Safe"
"22828","NT","2010-01-12",56,"Safe"
"22829","NT","2010-01-13",39,"Safe"
"22830","NT","2010-01-14",41,"Safe"
"22831","NT","2010-01-15",56,"Safe"
"22832","NT","2010-01-16",67,"MinorHazard"
"22833","NT","2010-01-17",56,"Safe"
"22834","NT","2010-01-18",56,"Safe"
"22835","NT","2010-01-19",50,"Safe"
"22836","NT","2010-01-20",44,"Safe"
"22837","NT","2010-01-21",41,"Safe"
"22838","NT","2010-01-22",50,"Safe"
"22839","NT","2010-01-23",43,"Safe"
"22840","NT","2010-01-24",43,"Safe"
"22841","NT","2010-01-25",48,"Safe"
"22842","NT","2010-01-26",46,"Safe"
"22843","NT","2010-01-27",50,"Safe"
"22844","NT","2010-01-28",78,"MinorHazard"
"22845","NT","2010-01-29",57,"Safe"
"22846","NT","2010-01-30",59,"Safe"
"22847","NT","2010-01-31",54,"Safe"
"22848","NT","2010-02-01",52,"Safe"
"22849","NT","2010-02-02",48,"Safe"
"22850","NT","2010-02-03",48,"Safe"
"22851","NT","2010-02-04",44,"Safe"
"22852","NT","2010-02-05",50,"Safe"
"22853","NT","2010-02-06",54,"Safe"
"22854","NT","2010-02-07",41,"Safe"
"22855","NT","2010-02-08",39,"Safe"
"22856","NT","2010-02-09",39,"Safe"
"22857","NT","2010-02-10",54,"Safe"
"22858","NT","2010-02-11",39,"Safe"
"22859","NT","2010-02-12",52,"Safe"
"22860","NT","2010-02-13",52,"Safe"
"22861","NT","2010-02-14",50,"Safe"
"22862","NT","2010-02-15",37,"Safe"
"22863","NT","2010-02-16",52,"Safe"
"22864","NT","2010-02-17",48,"Safe"
"22865","NT","2010-02-18",59,"Safe"
"22866","NT","2010-02-19",43,"Safe"
"22867","NT","2010-02-20",39,"Safe"
"22868","NT","2010-02-21",43,"Safe"
"22869","NT","2010-02-22",67,"MinorHazard"
"22870","NT","2010-02-23",59,"Safe"
"22871","NT","2010-02-24",39,"Safe"
"22872","NT","2010-02-25",67,"MinorHazard"
"22873","NT","2010-02-26",61,"Safe"
"22874","NT","2010-02-27",126,"Destructive"
"22875","NT","2010-02-28",74,"MinorHazard"
"22876","NT","2010-03-01",59,"Safe"
"22877","NT","2010-03-02",39,"Safe"
"22878","NT","2010-03-03",37,"Safe"
"22879","NT","2010-03-04",31,"Safe"
"22880","NT","2010-03-05",31,"Safe"
"22881","NT","2010-03-06",31,"Safe"
"22882","NT","2010-03-07",44,"Safe"
"22883","NT","2010-03-08",33,"Safe"
"22884","NT","2010-03-09",50,"Safe"
"22885","NT","2010-03-10",50,"Safe"
"22886","NT","2010-03-11",46,"Safe"
"22887","NT","2010-03-12",37,"Safe"
"22888","NT","2010-03-13",43,"Safe"
"22889","NT","2010-03-14",35,"Safe"
"22890","NT","2010-03-15",33,"Safe"
"22891","NT","2010-03-16",33,"Safe"
"22892","NT","2010-03-17",31,"Safe"
"22893","NT","2010-03-18",41,"Safe"
"22894","NT","2010-03-19",57,"Safe"
"22895","NT","2010-03-20",43,"Safe"
"22896","NT","2010-03-21",39,"Safe"
"22897","NT","2010-03-22",50,"Safe"
"22898","NT","2010-03-23",52,"Safe"
"22899","NT","2010-03-24",43,"Safe"
"22900","NT","2010-03-25",57,"Safe"
"22901","NT","2010-03-26",41,"Safe"
"22902","NT","2010-03-27",59,"Safe"
"22903","NT","2010-03-28",31,"Safe"
"22904","NT","2010-03-29",48,"Safe"
"22905","NT","2010-03-30",57,"Safe"
"22906","NT","2010-03-31",39,"Safe"
"22907","NT","2010-04-01",48,"Safe"
"22908","NT","2010-04-02",48,"Safe"
"22909","NT","2010-04-03",54,"Safe"
"22910","NT","2010-04-04",44,"Safe"
"22911","NT","2010-04-05",50,"Safe"
"22912","NT","2010-04-06",43,"Safe"
"22913","NT","2010-04-07",44,"Safe"
"22914","NT","2010-04-08",46,"Safe"
"22915","NT","2010-04-09",54,"Safe"
"22916","NT","2010-04-10",43,"Safe"
"22917","NT","2010-04-11",33,"Safe"
"22918","NT","2010-04-12",48,"Safe"
"22919","NT","2010-04-13",46,"Safe"
"22920","NT","2010-04-14",33,"Safe"
"22921","NT","2010-04-15",33,"Safe"
"22922","NT","2010-04-16",35,"Safe"
"22923","NT","2010-04-17",35,"Safe"
"22924","NT","2010-04-18",46,"Safe"
"22925","NT","2010-04-19",39,"Safe"
"22926","NT","2010-04-20",39,"Safe"
"22927","NT","2010-04-21",33,"Safe"
"22928","NT","2010-04-22",30,"Safe"
"22929","NT","2010-04-23",26,"Safe"
"22930","NT","2010-04-24",31,"Safe"
"22931","NT","2010-04-25",41,"Safe"
"22932","NT","2010-04-26",35,"Safe"
"22933","NT","2010-04-27",37,"Safe"
"22934","NT","2010-04-28",37,"Safe"
"22935","NT","2010-04-29",43,"Safe"
"22936","NT","2010-04-30",48,"Safe"
"22937","NT","2010-05-01",41,"Safe"
"22938","NT","2010-05-02",41,"Safe"
"22939","NT","2010-05-03",48,"Safe"
"22940","NT","2010-05-04",48,"Safe"
"22941","NT","2010-05-05",59,"Safe"
"22942","NT","2010-05-06",57,"Safe"
"22943","NT","2010-05-07",48,"Safe"
"22944","NT","2010-05-08",52,"Safe"
"22945","NT","2010-05-09",43,"Safe"
"22946","NT","2010-05-10",28,"Safe"
"22947","NT","2010-05-11",46,"Safe"
"22948","NT","2010-05-12",37,"Safe"
"22949","NT","2010-05-13",44,"Safe"
"22950","NT","2010-05-14",44,"Safe"
"22951","NT","2010-05-15",39,"Safe"
"22952","NT","2010-05-16",39,"Safe"
"22953","NT","2010-05-17",37,"Safe"
"22954","NT","2010-05-18",35,"Safe"
"22955","NT","2010-05-19",35,"Safe"
"22956","NT","2010-05-20",30,"Safe"
"22957","NT","2010-05-21",37,"Safe"
"22958","NT","2010-05-22",33,"Safe"
"22959","NT","2010-05-23",54,"Safe"
"22960","NT","2010-05-24",50,"Safe"
"22961","NT","2010-05-25",39,"Safe"
"22962","NT","2010-05-26",30,"Safe"
"22963","NT","2010-05-27",44,"Safe"
"22964","NT","2010-05-28",46,"Safe"
"22965","NT","2010-05-29",37,"Safe"
"22966","NT","2010-05-30",39,"Safe"
"22967","NT","2010-05-31",39,"Safe"
"22968","NT","2010-06-01",31,"Safe"
"22969","NT","2010-06-02",35,"Safe"
"22970","NT","2010-06-03",39,"Safe"
"22971","NT","2010-06-04",37,"Safe"
"22972","NT","2010-06-05",41,"Safe"
"22973","NT","2010-06-06",41,"Safe"
"22974","NT","2010-06-07",37,"Safe"
"22975","NT","2010-06-08",35,"Safe"
"22976","NT","2010-06-09",41,"Safe"
"22977","NT","2010-06-10",48,"Safe"
"22978","NT","2010-06-11",43,"Safe"
"22979","NT","2010-06-12",41,"Safe"
"22980","NT","2010-06-13",44,"Safe"
"22981","NT","2010-06-14",39,"Safe"
"22982","NT","2010-06-15",44,"Safe"
"22983","NT","2010-06-16",39,"Safe"
"22984","NT","2010-06-17",39,"Safe"
"22985","NT","2010-06-18",37,"Safe"
"22986","NT","2010-06-19",46,"Safe"
"22987","NT","2010-06-20",48,"Safe"
"22988","NT","2010-06-21",44,"Safe"
"22989","NT","2010-06-22",56,"Safe"
"22990","NT","2010-06-23",41,"Safe"
"22991","NT","2010-06-24",52,"Safe"
"22992","NT","2010-06-25",41,"Safe"
"22993","NT","2010-06-26",43,"Safe"
"22994","NT","2010-06-28",43,"Safe"
"22995","NT","2010-06-29",43,"Safe"
"22996","NT","2010-06-30",41,"Safe"
"22997","NT","2010-07-01",48,"Safe"
"22998","NT","2010-07-02",44,"Safe"
"22999","NT","2010-07-03",44,"Safe"
"23000","NT","2010-07-04",48,"Safe"
"23001","NT","2010-07-05",35,"Safe"
"23002","NT","2010-07-06",48,"Safe"
"23003","NT","2010-07-07",56,"Safe"
"23004","NT","2010-07-08",41,"Safe"
"23005","NT","2010-07-09",44,"Safe"
"23006","NT","2010-07-10",50,"Safe"
"23007","NT","2010-07-11",39,"Safe"
"23008","NT","2010-07-12",39,"Safe"
"23009","NT","2010-07-13",37,"Safe"
"23010","NT","2010-07-14",54,"Safe"
"23011","NT","2010-07-15",54,"Safe"
"23012","NT","2010-07-16",52,"Safe"
"23013","NT","2010-07-17",50,"Safe"
"23014","NT","2010-07-18",39,"Safe"
"23015","NT","2010-07-19",39,"Safe"
"23016","NT","2010-07-20",48,"Safe"
"23017","NT","2010-07-21",46,"Safe"
"23018","NT","2010-07-22",43,"Safe"
"23019","NT","2010-07-23",44,"Safe"
"23020","NT","2010-07-24",50,"Safe"
"23021","NT","2010-07-25",61,"Safe"
"23022","NT","2010-07-26",50,"Safe"
"23023","NT","2010-07-27",52,"Safe"
"23024","NT","2010-07-28",44,"Safe"
"23025","NT","2010-07-29",50,"Safe"
"23026","NT","2010-07-30",39,"Safe"
"23027","NT","2010-07-31",43,"Safe"
"23028","NT","2010-08-01",57,"Safe"
"23029","NT","2010-08-02",57,"Safe"
"23030","NT","2010-08-03",50,"Safe"
"23031","NT","2010-08-04",41,"Safe"
"23032","NT","2010-08-05",50,"Safe"
"23033","NT","2010-08-06",50,"Safe"
"23034","NT","2010-08-07",41,"Safe"
"23035","NT","2010-08-08",35,"Safe"
"23036","NT","2010-08-09",48,"Safe"
"23037","NT","2010-08-10",48,"Safe"
"23038","NT","2010-08-11",39,"Safe"
"23039","NT","2010-08-12",39,"Safe"
"23040","NT","2010-08-13",44,"Safe"
"23041","NT","2010-08-14",39,"Safe"
"23042","NT","2010-08-15",31,"Safe"
"23043","NT","2010-08-16",39,"Safe"
"23044","NT","2010-08-17",57,"Safe"
"23045","NT","2010-08-18",70,"MinorHazard"
"23046","NT","2010-08-19",33,"Safe"
"23047","NT","2010-08-20",41,"Safe"
"23048","NT","2010-08-21",50,"Safe"
"23049","NT","2010-08-22",54,"Safe"
"23050","NT","2010-08-23",48,"Safe"
"23051","NT","2010-08-24",37,"Safe"
"23052","NT","2010-08-25",41,"Safe"
"23053","NT","2010-08-26",35,"Safe"
"23054","NT","2010-08-27",41,"Safe"
"23055","NT","2010-08-28",37,"Safe"
"23056","NT","2010-08-29",41,"Safe"
"23057","NT","2010-08-30",48,"Safe"
"23058","NT","2010-08-31",43,"Safe"
"23059","NT","2010-09-01",50,"Safe"
"23060","NT","2010-09-02",61,"Safe"
"23061","NT","2010-09-03",65,"MinorHazard"
"23062","NT","2010-09-04",37,"Safe"
"23063","NT","2010-09-05",37,"Safe"
"23064","NT","2010-09-07",59,"Safe"
"23065","NT","2010-09-08",41,"Safe"
"23066","NT","2010-09-09",52,"Safe"
"23067","NT","2010-09-10",37,"Safe"
"23068","NT","2010-09-11",41,"Safe"
"23069","NT","2010-09-12",39,"Safe"
"23070","NT","2010-09-14",39,"Safe"
"23071","NT","2010-09-15",43,"Safe"
"23072","NT","2010-09-16",48,"Safe"
"23073","NT","2010-09-17",41,"Safe"
"23074","NT","2010-09-18",48,"Safe"
"23075","NT","2010-09-19",46,"Safe"
"23076","NT","2010-09-20",50,"Safe"
"23077","NT","2010-09-21",50,"Safe"
"23078","NT","2010-09-22",46,"Safe"
"23079","NT","2010-09-23",41,"Safe"
"23080","NT","2010-09-24",59,"Safe"
"23081","NT","2010-09-25",33,"Safe"
"23082","NT","2010-09-26",39,"Safe"
"23083","NT","2010-09-27",37,"Safe"
"23084","NT","2010-09-28",41,"Safe"
"23085","NT","2010-09-29",50,"Safe"
"23086","NT","2010-09-30",63,"MinorHazard"
"23087","NT","2010-10-01",44,"Safe"
"23088","NT","2010-10-02",39,"Safe"
"23089","NT","2010-10-03",43,"Safe"
"23090","NT","2010-10-04",63,"MinorHazard"
"23091","NT","2010-10-05",41,"Safe"
"23092","NT","2010-10-06",50,"Safe"
"23093","NT","2010-10-07",46,"Safe"
"23094","NT","2010-10-08",44,"Safe"
"23095","NT","2010-10-09",43,"Safe"
"23096","NT","2010-10-10",43,"Safe"
"23097","NT","2010-10-11",41,"Safe"
"23098","NT","2010-10-12",37,"Safe"
"23099","NT","2010-10-13",46,"Safe"
"23100","NT","2010-10-14",52,"Safe"
"23101","NT","2010-10-15",61,"Safe"
"23102","NT","2010-10-16",37,"Safe"
"23103","NT","2010-10-17",39,"Safe"
"23104","NT","2010-10-18",54,"Safe"
"23105","NT","2010-10-19",41,"Safe"
"23106","NT","2010-10-20",63,"MinorHazard"
"23107","NT","2010-10-21",37,"Safe"
"23108","NT","2010-10-22",41,"Safe"
"23109","NT","2010-10-23",39,"Safe"
"23110","NT","2010-10-24",52,"Safe"
"23111","NT","2010-10-25",37,"Safe"
"23112","NT","2010-10-26",37,"Safe"
"23113","NT","2010-10-27",52,"Safe"
"23114","NT","2010-10-28",31,"Safe"
"23115","NT","2010-10-29",56,"Safe"
"23116","NT","2010-10-30",48,"Safe"
"23117","NT","2010-10-31",39,"Safe"
"23118","NT","2010-11-01",48,"Safe"
"23119","NT","2010-11-02",48,"Safe"
"23120","NT","2010-11-03",48,"Safe"
"23121","NT","2010-11-04",44,"Safe"
"23122","NT","2010-11-05",31,"Safe"
"23123","NT","2010-11-06",31,"Safe"
"23124","NT","2010-11-07",57,"Safe"
"23125","NT","2010-11-08",52,"Safe"
"23126","NT","2010-11-09",41,"Safe"
"23127","NT","2010-11-10",52,"Safe"
"23128","NT","2010-11-11",39,"Safe"
"23129","NT","2010-11-12",56,"Safe"
"23130","NT","2010-11-13",39,"Safe"
"23131","NT","2010-11-14",78,"MinorHazard"
"23132","NT","2010-11-15",37,"Safe"
"23133","NT","2010-11-16",69,"MinorHazard"
"23134","NT","2010-11-17",59,"Safe"
"23135","NT","2010-11-18",56,"Safe"
"23136","NT","2010-11-19",43,"Safe"
"23137","NT","2010-11-20",48,"Safe"
"23138","NT","2010-11-21",70,"MinorHazard"
"23139","NT","2010-11-22",52,"Safe"
"23140","NT","2010-11-23",44,"Safe"
"23141","NT","2010-11-24",33,"Safe"
"23142","NT","2010-11-25",59,"Safe"
"23143","NT","2010-11-26",52,"Safe"
"23144","NT","2010-11-27",50,"Safe"
"23145","NT","2010-11-28",50,"Safe"
"23146","NT","2010-11-30",39,"Safe"
"23147","NT","2010-12-01",46,"Safe"
"23148","NT","2010-12-02",37,"Safe"
"23149","NT","2010-12-03",39,"Safe"
"23150","NT","2010-12-04",54,"Safe"
"23151","NT","2010-12-05",52,"Safe"
"23152","NT","2010-12-06",44,"Safe"
"23153","NT","2010-12-07",56,"Safe"
"23154","NT","2010-12-08",76,"MinorHazard"
"23155","NT","2010-12-09",52,"Safe"
"23156","NT","2010-12-10",37,"Safe"
"23157","NT","2010-12-11",35,"Safe"
"23158","NT","2010-12-12",37,"Safe"
"23159","NT","2010-12-13",39,"Safe"
"23160","NT","2010-12-14",39,"Safe"
"23161","NT","2010-12-15",48,"Safe"
"23162","NT","2010-12-16",37,"Safe"
"23163","NT","2010-12-17",61,"Safe"
"23164","NT","2010-12-18",54,"Safe"
"23165","NT","2010-12-19",41,"Safe"
"23166","NT","2010-12-21",39,"Safe"
"23167","NT","2010-12-22",44,"Safe"
"23168","NT","2010-12-24",50,"Safe"
"23169","NT","2011-01-02",56,"Safe"
"23170","NT","2011-01-03",46,"Safe"
"23171","NT","2011-01-04",74,"MinorHazard"
"23172","NT","2011-01-05",37,"Safe"
"23173","NT","2011-01-06",70,"MinorHazard"
"23174","NT","2011-01-07",57,"Safe"
"23175","NT","2011-01-08",57,"Safe"
"23176","NT","2011-01-09",63,"MinorHazard"
"23177","NT","2011-01-10",67,"MinorHazard"
"23178","NT","2011-01-11",67,"MinorHazard"
"23179","NT","2011-01-12",89,"MinorHazard"
"23180","NT","2011-01-13",57,"Safe"
"23181","NT","2011-01-14",52,"Safe"
"23182","NT","2011-01-15",48,"Safe"
"23183","NT","2011-01-16",50,"Safe"
"23184","NT","2011-01-17",57,"Safe"
"23185","NT","2011-01-18",54,"Safe"
"23186","NT","2011-01-19",48,"Safe"
"23187","NT","2011-01-20",44,"Safe"
"23188","NT","2011-01-21",57,"Safe"
"23189","NT","2011-01-22",76,"MinorHazard"
"23190","NT","2011-01-23",59,"Safe"
"23191","NT","2011-01-24",50,"Safe"
"23192","NT","2011-01-25",44,"Safe"
"23193","NT","2011-01-26",52,"Safe"
"23194","NT","2011-01-27",59,"Safe"
"23195","NT","2011-01-28",80,"MinorHazard"
"23196","NT","2011-01-29",54,"Safe"
"23197","NT","2011-01-30",50,"Safe"
"23198","NT","2011-01-31",52,"Safe"
"23199","NT","2011-02-01",69,"MinorHazard"
"23200","NT","2011-02-03",43,"Safe"
"23201","NT","2011-02-04",54,"Safe"
"23202","NT","2011-02-05",59,"Safe"
"23203","NT","2011-02-06",57,"Safe"
"23204","NT","2011-02-07",52,"Safe"
"23205","NT","2011-02-08",43,"Safe"
"23206","NT","2011-02-09",46,"Safe"
"23207","NT","2011-02-10",54,"Safe"
"23208","NT","2011-02-11",52,"Safe"
"23209","NT","2011-02-12",37,"Safe"
"23210","NT","2011-02-13",59,"Safe"
"23211","NT","2011-02-14",69,"MinorHazard"
"23212","NT","2011-02-15",98,"Damaging"
"23213","NT","2011-02-16",83,"MinorHazard"
"23214","NT","2011-02-17",83,"MinorHazard"
"23215","NT","2011-02-21",43,"Safe"
"23216","NT","2011-02-22",48,"Safe"
"23217","NT","2011-02-23",46,"Safe"
"23218","NT","2011-02-24",54,"Safe"
"23219","NT","2011-02-25",59,"Safe"
"23220","NT","2011-02-26",57,"Safe"
"23221","NT","2011-02-27",54,"Safe"
"23222","NT","2011-02-28",50,"Safe"
"23223","NT","2011-03-01",44,"Safe"
"23224","NT","2011-03-02",39,"Safe"
"23225","NT","2011-03-03",50,"Safe"
"23226","NT","2011-03-04",48,"Safe"
"23227","NT","2011-03-05",41,"Safe"
"23228","NT","2011-03-06",37,"Safe"
"23229","NT","2011-03-07",43,"Safe"
"23230","NT","2011-03-08",41,"Safe"
"23231","NT","2011-03-09",65,"MinorHazard"
"23232","NT","2011-03-10",69,"MinorHazard"
"23233","NT","2011-03-11",76,"MinorHazard"
"23234","NT","2011-03-16",37,"Safe"
"23235","NT","2011-03-17",44,"Safe"
"23236","NT","2011-03-18",52,"Safe"
"23237","NT","2011-03-19",39,"Safe"
"23238","NT","2011-03-20",31,"Safe"
"23239","NT","2011-03-21",33,"Safe"
"23240","NT","2011-03-22",30,"Safe"
"23241","NT","2011-03-23",35,"Safe"
"23242","NT","2011-03-24",41,"Safe"
"23243","NT","2011-03-25",44,"Safe"
"23244","NT","2011-03-26",48,"Safe"
"23245","NT","2011-03-27",41,"Safe"
"23246","NT","2011-03-28",41,"Safe"
"23247","NT","2011-03-29",41,"Safe"
"23248","NT","2011-03-30",44,"Safe"
"23249","NT","2011-03-31",54,"Safe"
"23250","NT","2011-05-01",41,"Safe"
"23251","NT","2011-05-02",33,"Safe"
"23252","NT","2011-05-03",35,"Safe"
"23253","NT","2011-05-04",41,"Safe"
"23254","NT","2011-05-05",41,"Safe"
"23255","NT","2011-05-06",37,"Safe"
"23256","NT","2011-05-07",35,"Safe"
"23257","NT","2011-05-08",22,"Safe"
"23258","NT","2011-05-09",41,"Safe"
"23259","NT","2011-05-10",44,"Safe"
"23260","NT","2011-05-11",48,"Safe"
"23261","NT","2011-05-12",48,"Safe"
"23262","NT","2011-05-13",46,"Safe"
"23263","NT","2011-05-14",44,"Safe"
"23264","NT","2011-05-15",46,"Safe"
"23265","NT","2011-05-16",37,"Safe"
"23266","NT","2011-05-17",39,"Safe"
"23267","NT","2011-05-18",33,"Safe"
"23268","NT","2011-05-19",44,"Safe"
"23269","NT","2011-05-20",41,"Safe"
"23270","NT","2011-05-21",39,"Safe"
"23271","NT","2011-05-22",37,"Safe"
"23272","NT","2011-05-23",39,"Safe"
"23273","NT","2011-05-24",43,"Safe"
"23274","NT","2011-05-25",44,"Safe"
"23275","NT","2011-05-26",50,"Safe"
"23276","NT","2011-05-27",41,"Safe"
"23277","NT","2011-05-28",35,"Safe"
"23278","NT","2011-05-29",37,"Safe"
"23279","NT","2011-05-30",44,"Safe"
"23280","NT","2011-05-31",39,"Safe"
"23281","NT","2011-06-01",46,"Safe"
"23282","NT","2011-06-02",41,"Safe"
"23283","NT","2011-06-03",43,"Safe"
"23284","NT","2011-06-04",37,"Safe"
"23285","NT","2011-06-05",37,"Safe"
"23286","NT","2011-06-06",30,"Safe"
"23287","NT","2011-06-07",30,"Safe"
"23288","NT","2011-06-08",35,"Safe"
"23289","NT","2011-06-09",37,"Safe"
"23290","NT","2011-06-10",56,"Safe"
"23291","NT","2011-06-11",48,"Safe"
"23292","NT","2011-06-12",50,"Safe"
"23293","NT","2011-06-13",48,"Safe"
"23294","NT","2011-06-14",48,"Safe"
"23295","NT","2011-06-15",52,"Safe"
"23296","NT","2011-06-18",43,"Safe"
"23297","NT","2011-06-19",39,"Safe"
"23298","NT","2011-06-20",31,"Safe"
"23299","NT","2011-06-21",35,"Safe"
"23300","NT","2011-06-22",39,"Safe"
"23301","NT","2011-06-23",46,"Safe"
"23302","NT","2011-06-24",39,"Safe"
"23303","NT","2011-06-25",39,"Safe"
"23304","NT","2011-06-26",39,"Safe"
"23305","NT","2011-06-27",44,"Safe"
"23306","NT","2011-06-28",39,"Safe"
"23307","NT","2011-06-29",33,"Safe"
"23308","NT","2011-06-30",33,"Safe"
"23309","NT","2011-07-01",33,"Safe"
"23310","NT","2011-07-02",41,"Safe"
"23311","NT","2011-07-03",41,"Safe"
"23312","NT","2011-07-04",54,"Safe"
"23313","NT","2011-07-05",44,"Safe"
"23314","NT","2011-07-06",39,"Safe"
"23315","NT","2011-07-07",44,"Safe"
"23316","NT","2011-07-08",57,"Safe"
"23317","NT","2011-07-12",41,"Safe"
"23318","NT","2011-07-13",41,"Safe"
"23319","NT","2011-07-14",43,"Safe"
"23320","NT","2011-07-15",39,"Safe"
"23321","NT","2011-07-16",52,"Safe"
"23322","NT","2011-07-17",44,"Safe"
"23323","NT","2011-07-18",41,"Safe"
"23324","NT","2011-07-19",41,"Safe"
"23325","NT","2011-07-20",33,"Safe"
"23326","NT","2011-07-21",31,"Safe"
"23327","NT","2011-07-22",35,"Safe"
"23328","NT","2011-07-27",43,"Safe"
"23329","NT","2011-07-28",54,"Safe"
"23330","NT","2011-07-29",41,"Safe"
"23331","NT","2011-07-30",46,"Safe"
"23332","NT","2011-07-31",39,"Safe"
"23333","NT","2011-08-01",43,"Safe"
"23334","NT","2011-08-02",39,"Safe"
"23335","NT","2011-08-03",43,"Safe"
"23336","NT","2011-08-04",52,"Safe"
"23337","NT","2011-08-05",41,"Safe"
"23338","NT","2011-08-06",48,"Safe"
"23339","NT","2011-08-07",44,"Safe"
"23340","NT","2011-08-08",39,"Safe"
"23341","NT","2011-08-09",44,"Safe"
"23342","NT","2011-08-10",35,"Safe"
"23343","NT","2011-08-11",35,"Safe"
"23344","NT","2011-08-12",35,"Safe"
"23345","NT","2011-08-13",39,"Safe"
"23346","NT","2011-08-14",48,"Safe"
"23347","NT","2011-08-15",35,"Safe"
"23348","NT","2011-08-16",48,"Safe"
"23349","NT","2011-08-17",48,"Safe"
"23350","NT","2011-08-18",48,"Safe"
"23351","NT","2011-08-19",48,"Safe"
"23352","NT","2011-08-20",48,"Safe"
"23353","NT","2011-08-21",44,"Safe"
"23354","NT","2011-08-22",50,"Safe"
"23355","NT","2011-08-23",59,"Safe"
"23356","NT","2011-08-24",59,"Safe"
"23357","NT","2011-08-25",46,"Safe"
"23358","NT","2011-08-26",37,"Safe"
"23359","NT","2011-08-27",37,"Safe"
"23360","NT","2011-08-28",39,"Safe"
"23361","NT","2011-08-29",33,"Safe"
"23362","NT","2011-08-30",46,"Safe"
"23363","NT","2011-08-31",41,"Safe"
"23364","NT","2011-09-01",43,"Safe"
"23365","NT","2011-09-02",39,"Safe"
"23366","NT","2011-09-03",41,"Safe"
"23367","NT","2011-09-04",31,"Safe"
"23368","NT","2011-09-05",44,"Safe"
"23369","NT","2011-09-06",41,"Safe"
"23370","NT","2011-09-07",31,"Safe"
"23371","NT","2011-09-09",52,"Safe"
"23372","NT","2011-09-10",48,"Safe"
"23373","NT","2011-09-11",48,"Safe"
"23374","NT","2011-09-12",52,"Safe"
"23375","NT","2011-09-13",57,"Safe"
"23376","NT","2011-09-14",54,"Safe"
"23377","NT","2011-09-15",43,"Safe"
"23378","NT","2011-09-16",41,"Safe"
"23379","NT","2011-09-17",35,"Safe"
"23380","NT","2011-09-18",44,"Safe"
"23381","NT","2011-09-19",54,"Safe"
"23382","NT","2011-09-20",41,"Safe"
"23383","NT","2011-09-21",37,"Safe"
"23384","NT","2011-09-22",50,"Safe"
"23385","NT","2011-09-23",33,"Safe"
"23386","NT","2011-09-24",39,"Safe"
"23387","NT","2011-09-25",39,"Safe"
"23388","NT","2011-09-26",50,"Safe"
"23389","NT","2011-09-27",56,"Safe"
"23390","NT","2011-09-28",61,"Safe"
"23391","NT","2011-09-29",37,"Safe"
"23392","NT","2011-09-30",67,"MinorHazard"
"23393","NT","2011-10-01",43,"Safe"
"23394","NT","2011-10-02",39,"Safe"
"23395","NT","2011-10-03",43,"Safe"
"23396","NT","2011-10-04",46,"Safe"
"23397","NT","2011-10-05",33,"Safe"
"23398","NT","2011-10-06",35,"Safe"
"23399","NT","2011-10-07",52,"Safe"
"23400","NT","2011-10-08",37,"Safe"
"23401","NT","2011-10-09",56,"Safe"
"23402","NT","2011-10-10",41,"Safe"
"23403","NT","2011-10-11",48,"Safe"
"23404","NT","2011-10-12",41,"Safe"
"23405","NT","2011-10-13",63,"MinorHazard"
"23406","NT","2011-10-14",52,"Safe"
"23407","NT","2011-10-15",48,"Safe"
"23408","NT","2011-10-16",67,"MinorHazard"
"23409","NT","2011-10-17",48,"Safe"
"23410","NT","2011-10-18",35,"Safe"
"23411","NT","2011-10-19",56,"Safe"
"23412","NT","2011-10-20",63,"MinorHazard"
"23413","NT","2011-10-21",46,"Safe"
"23414","NT","2011-10-23",41,"Safe"
"23415","NT","2011-10-24",80,"MinorHazard"
"23416","NT","2011-10-25",57,"Safe"
"23417","NT","2011-10-26",39,"Safe"
"23418","NT","2011-10-27",33,"Safe"
"23419","NT","2011-10-28",85,"MinorHazard"
"23420","NT","2011-10-29",52,"Safe"
"23421","NT","2011-10-30",46,"Safe"
"23422","NT","2011-10-31",37,"Safe"
"23423","NT","2011-11-01",44,"Safe"
"23424","NT","2011-11-02",39,"Safe"
"23425","NT","2011-11-03",31,"Safe"
"23426","NT","2011-11-04",39,"Safe"
"23427","NT","2011-11-05",44,"Safe"
"23428","NT","2011-11-06",44,"Safe"
"23429","NT","2011-11-07",67,"MinorHazard"
"23430","NT","2011-11-08",46,"Safe"
"23431","NT","2011-11-09",50,"Safe"
"23432","NT","2011-11-10",52,"Safe"
"23433","NT","2011-11-11",39,"Safe"
"23434","NT","2011-11-12",52,"Safe"
"23435","NT","2011-11-13",37,"Safe"
"23436","NT","2011-11-14",61,"Safe"
"23437","NT","2011-11-15",41,"Safe"
"23438","NT","2011-11-16",39,"Safe"
"23439","NT","2011-11-17",44,"Safe"
"23440","NT","2011-11-18",35,"Safe"
"23441","NT","2011-11-19",50,"Safe"
"23442","NT","2011-11-20",52,"Safe"
"23443","NT","2011-11-21",37,"Safe"
"23444","NT","2011-11-22",35,"Safe"
"23445","NT","2011-11-23",44,"Safe"
"23446","NT","2011-11-24",43,"Safe"
"23447","NT","2011-11-25",50,"Safe"
"23448","NT","2011-11-26",57,"Safe"
"23449","NT","2011-11-27",39,"Safe"
"23450","NT","2011-11-28",43,"Safe"
"23451","NT","2011-11-29",48,"Safe"
"23452","NT","2011-11-30",54,"Safe"
"23453","NT","2011-12-01",63,"MinorHazard"
"23454","NT","2011-12-02",50,"Safe"
"23455","NT","2011-12-03",37,"Safe"
"23456","NT","2011-12-04",52,"Safe"
"23457","NT","2011-12-05",44,"Safe"
"23458","NT","2011-12-06",39,"Safe"
"23459","NT","2011-12-07",37,"Safe"
"23460","NT","2011-12-08",50,"Safe"
"23461","NT","2011-12-09",63,"MinorHazard"
"23462","NT","2011-12-10",50,"Safe"
"23463","NT","2011-12-11",39,"Safe"
"23464","NT","2011-12-12",61,"Safe"
"23465","NT","2011-12-13",41,"Safe"
"23466","NT","2011-12-14",46,"Safe"
"23467","NT","2011-12-15",50,"Safe"
"23468","NT","2011-12-16",69,"MinorHazard"
"23469","NT","2011-12-17",41,"Safe"
"23470","NT","2011-12-18",52,"Safe"
"23471","NT","2011-12-19",50,"Safe"
"23472","NT","2011-12-20",37,"Safe"
"23473","NT","2011-12-21",52,"Safe"
"23474","NT","2011-12-22",46,"Safe"
"23475","NT","2011-12-23",54,"Safe"
"23476","NT","2011-12-24",48,"Safe"
"23477","NT","2011-12-25",50,"Safe"
"23478","NT","2011-12-26",56,"Safe"
"23479","NT","2011-12-27",39,"Safe"
"23480","NT","2011-12-28",44,"Safe"
"23481","NT","2011-12-29",44,"Safe"
"23482","NT","2011-12-30",44,"Safe"
"23483","NT","2011-12-31",46,"Safe"
"23484","NT","2012-01-01",41,"Safe"
"23485","NT","2012-01-02",65,"MinorHazard"
"23486","NT","2012-01-03",67,"MinorHazard"
"23487","NT","2012-01-04",50,"Safe"
"23488","NT","2012-01-05",48,"Safe"
"23489","NT","2012-01-06",46,"Safe"
"23490","NT","2012-01-07",96,"Damaging"
"23491","NT","2012-01-08",44,"Safe"
"23492","NT","2012-01-09",44,"Safe"
"23493","NT","2012-01-10",41,"Safe"
"23494","NT","2012-01-11",37,"Safe"
"23495","NT","2012-01-12",72,"MinorHazard"
"23496","NT","2012-01-13",72,"MinorHazard"
"23497","NT","2012-01-14",37,"Safe"
"23498","NT","2012-01-15",46,"Safe"
"23499","NT","2012-01-16",59,"Safe"
"23500","NT","2012-01-17",44,"Safe"
"23501","NT","2012-01-18",96,"Damaging"
"23502","NT","2012-01-19",46,"Safe"
"23503","NT","2012-01-20",43,"Safe"
"23504","NT","2012-01-21",56,"Safe"
"23505","NT","2012-01-22",52,"Safe"
"23506","NT","2012-01-23",57,"Safe"
"23507","NT","2012-01-24",80,"MinorHazard"
"23508","NT","2012-01-25",93,"Damaging"
"23509","NT","2012-01-26",76,"MinorHazard"
"23510","NT","2012-01-27",50,"Safe"
"23511","NT","2012-01-28",63,"MinorHazard"
"23512","NT","2012-01-29",56,"Safe"
"23513","NT","2012-01-30",67,"MinorHazard"
"23514","NT","2012-01-31",63,"MinorHazard"
"23515","NT","2012-02-01",54,"Safe"
"23516","NT","2012-02-02",56,"Safe"
"23517","NT","2012-02-03",52,"Safe"
"23518","NT","2012-02-04",57,"Safe"
"23519","NT","2012-02-05",50,"Safe"
"23520","NT","2012-02-06",50,"Safe"
"23521","NT","2012-02-07",59,"Safe"
"23522","NT","2012-02-08",48,"Safe"
"23523","NT","2012-02-09",52,"Safe"
"23524","NT","2012-02-10",41,"Safe"
"23525","NT","2012-02-11",39,"Safe"
"23526","NT","2012-02-12",41,"Safe"
"23527","NT","2012-02-13",37,"Safe"
"23528","NT","2012-02-14",37,"Safe"
"23529","NT","2012-02-15",54,"Safe"
"23530","NT","2012-02-16",41,"Safe"
"23531","NT","2012-02-17",56,"Safe"
"23532","NT","2012-02-18",61,"Safe"
"23533","NT","2012-02-19",52,"Safe"
"23534","NT","2012-02-20",39,"Safe"
"23535","NT","2012-02-21",43,"Safe"
"23536","NT","2012-02-22",35,"Safe"
"23537","NT","2012-02-23",37,"Safe"
"23538","NT","2012-02-24",56,"Safe"
"23539","NT","2012-02-25",41,"Safe"
"23540","NT","2012-02-26",37,"Safe"
"23541","NT","2012-02-27",48,"Safe"
"23542","NT","2012-02-28",35,"Safe"
"23543","NT","2012-02-29",46,"Safe"
"23544","NT","2012-03-01",44,"Safe"
"23545","NT","2012-03-02",48,"Safe"
"23546","NT","2012-03-03",35,"Safe"
"23547","NT","2012-03-04",37,"Safe"
"23548","NT","2012-03-05",41,"Safe"
"23549","NT","2012-03-06",52,"Safe"
"23550","NT","2012-03-07",72,"MinorHazard"
"23551","NT","2012-03-08",39,"Safe"
"23552","NT","2012-03-09",39,"Safe"
"23553","NT","2012-03-10",61,"Safe"
"23554","NT","2012-03-11",48,"Safe"
"23555","NT","2012-03-12",43,"Safe"
"23556","NT","2012-03-13",54,"Safe"
"23557","NT","2012-03-14",78,"MinorHazard"
"23558","NT","2012-03-15",85,"MinorHazard"
"23559","NT","2012-03-16",54,"Safe"
"23560","NT","2012-03-17",61,"Safe"
"23561","NT","2012-03-18",46,"Safe"
"23562","NT","2012-03-19",43,"Safe"
"23563","NT","2012-03-20",43,"Safe"
"23564","NT","2012-03-21",56,"Safe"
"23565","NT","2012-03-22",41,"Safe"
"23566","NT","2012-03-23",39,"Safe"
"23567","NT","2012-03-24",54,"Safe"
"23568","NT","2012-03-25",41,"Safe"
"23569","NT","2012-03-26",35,"Safe"
"23570","NT","2012-03-27",37,"Safe"
"23571","NT","2012-03-28",30,"Safe"
"23572","NT","2012-03-29",33,"Safe"
"23573","NT","2012-03-30",33,"Safe"
"23574","NT","2012-03-31",41,"Safe"
"23575","NT","2012-04-01",65,"MinorHazard"
"23576","NT","2012-04-02",39,"Safe"
"23577","NT","2012-04-03",37,"Safe"
"23578","NT","2012-04-04",30,"Safe"
"23579","NT","2012-04-06",41,"Safe"
"23580","NT","2012-04-07",35,"Safe"
"23581","NT","2012-04-08",35,"Safe"
"23582","NT","2012-04-09",43,"Safe"
"23583","NT","2012-04-10",52,"Safe"
"23584","NT","2012-04-14",39,"Safe"
"23585","NT","2012-04-15",41,"Safe"
"23586","NT","2012-04-16",48,"Safe"
"23587","NT","2012-04-17",48,"Safe"
"23588","NT","2012-04-18",37,"Safe"
"23589","NT","2012-04-19",43,"Safe"
"23590","NT","2012-04-20",46,"Safe"
"23591","NT","2012-04-21",50,"Safe"
"23592","NT","2012-04-22",31,"Safe"
"23593","NT","2012-04-23",37,"Safe"
"23594","NT","2012-04-24",44,"Safe"
"23595","NT","2012-04-25",50,"Safe"
"23596","NT","2012-04-26",44,"Safe"
"23597","NT","2012-04-27",39,"Safe"
"23598","NT","2012-04-28",44,"Safe"
"23599","NT","2012-04-29",46,"Safe"
"23600","NT","2012-04-30",31,"Safe"
"23601","NT","2012-05-01",43,"Safe"
"23602","NT","2012-05-02",56,"Safe"
"23603","NT","2012-05-03",41,"Safe"
"23604","NT","2012-05-04",50,"Safe"
"23605","NT","2012-05-05",46,"Safe"
"23606","NT","2012-05-06",41,"Safe"
"23607","NT","2012-05-07",33,"Safe"
"23608","NT","2012-05-08",41,"Safe"
"23609","NT","2012-05-09",33,"Safe"
"23610","NT","2012-05-10",37,"Safe"
"23611","NT","2012-05-11",39,"Safe"
"23612","NT","2012-05-12",50,"Safe"
"23613","NT","2012-05-13",39,"Safe"
"23614","NT","2012-05-14",46,"Safe"
"23615","NT","2012-05-15",46,"Safe"
"23616","NT","2012-05-16",39,"Safe"
"23617","NT","2012-05-17",39,"Safe"
"23618","NT","2012-05-18",41,"Safe"
"23619","NT","2012-05-19",41,"Safe"
"23620","NT","2012-05-20",43,"Safe"
"23621","NT","2012-05-21",48,"Safe"
"23622","NT","2012-05-22",44,"Safe"
"23623","NT","2012-05-23",48,"Safe"
"23624","NT","2012-05-24",46,"Safe"
"23625","NT","2012-05-25",56,"Safe"
"23626","NT","2012-05-26",46,"Safe"
"23627","NT","2012-05-27",41,"Safe"
"23628","NT","2012-05-28",48,"Safe"
"23629","NT","2012-05-29",48,"Safe"
"23630","NT","2012-05-30",41,"Safe"
"23631","NT","2012-05-31",33,"Safe"
"23632","NT","2012-06-01",37,"Safe"
"23633","NT","2012-06-02",37,"Safe"
"23634","NT","2012-06-03",39,"Safe"
"23635","NT","2012-06-04",52,"Safe"
"23636","NT","2012-06-05",50,"Safe"
"23637","NT","2012-06-06",46,"Safe"
"23638","NT","2012-06-07",43,"Safe"
"23639","NT","2012-06-08",41,"Safe"
"23640","NT","2012-06-09",37,"Safe"
"23641","NT","2012-06-10",39,"Safe"
"23642","NT","2012-06-11",26,"Safe"
"23643","NT","2012-06-12",30,"Safe"
"23644","NT","2012-06-13",37,"Safe"
"23645","NT","2012-06-14",31,"Safe"
"23646","NT","2012-06-15",37,"Safe"
"23647","NT","2012-06-16",39,"Safe"
"23648","NT","2012-06-17",56,"Safe"
"23649","NT","2012-06-18",50,"Safe"
"23650","NT","2012-06-19",52,"Safe"
"23651","NT","2012-06-20",43,"Safe"
"23652","NT","2012-06-21",46,"Safe"
"23653","NT","2012-06-22",43,"Safe"
"23654","NT","2012-06-23",48,"Safe"
"23655","NT","2012-06-24",50,"Safe"
"23656","NT","2012-06-25",50,"Safe"
"23657","NT","2012-06-26",44,"Safe"
"23658","NT","2012-06-27",39,"Safe"
"23659","NT","2012-06-28",30,"Safe"
"23660","NT","2012-06-29",31,"Safe"
"23661","NT","2012-06-30",30,"Safe"
"23662","NT","2012-07-01",48,"Safe"
"23663","NT","2012-07-02",43,"Safe"
"23664","NT","2012-07-03",48,"Safe"
"23665","NT","2012-07-04",48,"Safe"
"23666","NT","2012-07-05",54,"Safe"
"23667","NT","2012-07-06",48,"Safe"
"23668","NT","2012-07-07",39,"Safe"
"23669","NT","2012-07-08",30,"Safe"
"23670","NT","2012-07-09",33,"Safe"
"23671","NT","2012-07-10",31,"Safe"
"23672","NT","2012-07-11",54,"Safe"
"23673","NT","2012-07-12",31,"Safe"
"23674","NT","2012-07-13",33,"Safe"
"23675","NT","2012-07-14",39,"Safe"
"23676","NT","2012-07-15",44,"Safe"
"23677","NT","2012-07-16",48,"Safe"
"23678","NT","2012-07-17",44,"Safe"
"23679","NT","2012-07-18",44,"Safe"
"23680","NT","2012-07-19",46,"Safe"
"23681","NT","2012-07-20",41,"Safe"
"23682","NT","2012-07-21",50,"Safe"
"23683","NT","2012-07-22",41,"Safe"
"23684","NT","2012-07-23",37,"Safe"
"23685","NT","2012-07-24",37,"Safe"
"23686","NT","2012-07-25",37,"Safe"
"23687","NT","2012-07-26",31,"Safe"
"23688","NT","2012-07-27",39,"Safe"
"23689","NT","2012-07-28",43,"Safe"
"23690","NT","2012-07-29",39,"Safe"
"23691","NT","2012-07-30",48,"Safe"
"23692","NT","2012-07-31",48,"Safe"
"23693","NT","2012-08-01",52,"Safe"
"23694","NT","2012-08-02",33,"Safe"
"23695","NT","2012-08-03",33,"Safe"
"23696","NT","2012-08-04",31,"Safe"
"23697","NT","2012-08-05",35,"Safe"
"23698","NT","2012-08-06",46,"Safe"
"23699","NT","2012-08-07",54,"Safe"
"23700","NT","2012-08-08",48,"Safe"
"23701","NT","2012-08-09",46,"Safe"
"23702","NT","2012-08-10",52,"Safe"
"23703","NT","2012-08-11",48,"Safe"
"23704","NT","2012-08-12",50,"Safe"
"23705","NT","2012-08-13",48,"Safe"
"23706","NT","2012-08-14",41,"Safe"
"23707","NT","2012-08-15",39,"Safe"
"23708","NT","2012-08-16",35,"Safe"
"23709","NT","2012-08-17",37,"Safe"
"23710","NT","2012-08-18",35,"Safe"
"23711","NT","2012-08-19",39,"Safe"
"23712","NT","2012-08-20",39,"Safe"
"23713","NT","2012-08-21",59,"Safe"
"23714","NT","2012-08-22",65,"MinorHazard"
"23715","NT","2012-08-23",37,"Safe"
"23716","NT","2012-08-24",37,"Safe"
"23717","NT","2012-08-25",33,"Safe"
"23718","NT","2012-08-26",39,"Safe"
"23719","NT","2012-08-27",50,"Safe"
"23720","NT","2012-08-28",43,"Safe"
"23721","NT","2012-08-29",48,"Safe"
"23722","NT","2012-08-30",39,"Safe"
"23723","NT","2012-08-31",52,"Safe"
"23724","NT","2012-09-01",37,"Safe"
"23725","NT","2012-09-02",39,"Safe"
"23726","NT","2012-09-03",31,"Safe"
"23727","NT","2012-09-04",37,"Safe"
"23728","NT","2012-09-05",52,"Safe"
"23729","NT","2012-09-06",33,"Safe"
"23730","NT","2012-09-07",41,"Safe"
"23731","NT","2012-09-08",54,"Safe"
"23732","NT","2012-09-09",48,"Safe"
"23733","NT","2012-09-10",39,"Safe"
"23734","NT","2012-09-11",43,"Safe"
"23735","NT","2012-09-12",35,"Safe"
"23736","NT","2012-09-13",44,"Safe"
"23737","NT","2012-09-14",43,"Safe"
"23738","NT","2012-09-15",37,"Safe"
"23739","NT","2012-09-16",37,"Safe"
"23740","NT","2012-09-17",35,"Safe"
"23741","NT","2012-09-18",56,"Safe"
"23742","NT","2012-09-19",50,"Safe"
"23743","NT","2012-09-20",46,"Safe"
"23744","NT","2012-09-21",41,"Safe"
"23745","NT","2012-09-22",41,"Safe"
"23746","NT","2012-09-23",48,"Safe"
"23747","NT","2012-09-24",39,"Safe"
"23748","NT","2012-09-25",44,"Safe"
"23749","NT","2012-09-26",50,"Safe"
"23750","NT","2012-09-27",52,"Safe"
"23751","NT","2012-09-28",57,"Safe"
"23752","NT","2012-09-29",35,"Safe"
"23753","NT","2012-09-30",57,"Safe"
"23754","NT","2012-10-01",52,"Safe"
"23755","NT","2012-10-03",48,"Safe"
"23756","NT","2012-10-04",43,"Safe"
"23757","NT","2012-10-05",48,"Safe"
"23758","NT","2012-10-06",44,"Safe"
"23759","NT","2012-10-07",37,"Safe"
"23760","NT","2012-10-08",35,"Safe"
"23761","NT","2012-10-09",43,"Safe"
"23762","NT","2012-10-10",59,"Safe"
"23763","NT","2012-10-11",46,"Safe"
"23764","NT","2012-10-12",44,"Safe"
"23765","NT","2012-10-13",41,"Safe"
"23766","NT","2012-10-14",37,"Safe"
"23767","NT","2012-10-15",37,"Safe"
"23768","NT","2012-10-16",44,"Safe"
"23769","NT","2012-10-17",39,"Safe"
"23770","NT","2012-10-18",43,"Safe"
"23771","NT","2012-10-19",39,"Safe"
"23772","NT","2012-10-20",50,"Safe"
"23773","NT","2012-10-21",41,"Safe"
"23774","NT","2012-10-22",48,"Safe"
"23775","NT","2012-10-23",39,"Safe"
"23776","NT","2012-10-24",70,"MinorHazard"
"23777","NT","2012-10-25",52,"Safe"
"23778","NT","2012-10-26",37,"Safe"
"23779","NT","2012-10-27",46,"Safe"
"23780","NT","2012-10-28",57,"Safe"
"23781","NT","2012-10-29",35,"Safe"
"23782","NT","2012-10-30",41,"Safe"
"23783","NT","2012-10-31",39,"Safe"
"23784","NT","2012-11-01",46,"Safe"
"23785","NT","2012-11-02",44,"Safe"
"23786","NT","2012-11-03",50,"Safe"
"23787","NT","2012-11-04",52,"Safe"
"23788","NT","2012-11-05",61,"Safe"
"23789","NT","2012-11-06",72,"MinorHazard"
"23790","NT","2012-11-07",54,"Safe"
"23791","NT","2012-11-08",39,"Safe"
"23792","NT","2012-11-09",54,"Safe"
"23793","NT","2012-11-10",48,"Safe"
"23794","NT","2012-11-11",46,"Safe"
"23795","NT","2012-11-12",44,"Safe"
"23796","NT","2012-11-13",41,"Safe"
"23797","NT","2012-11-14",39,"Safe"
"23798","NT","2012-11-15",50,"Safe"
"23799","NT","2012-11-16",54,"Safe"
"23800","NT","2012-11-17",56,"Safe"
"23801","NT","2012-11-18",46,"Safe"
"23802","NT","2012-11-19",37,"Safe"
"23803","NT","2012-11-20",33,"Safe"
"23804","NT","2012-11-21",41,"Safe"
"23805","NT","2012-11-22",41,"Safe"
"23806","NT","2012-11-23",33,"Safe"
"23807","NT","2012-11-24",52,"Safe"
"23808","NT","2012-11-25",50,"Safe"
"23809","NT","2012-11-26",65,"MinorHazard"
"23810","NT","2012-11-27",35,"Safe"
"23811","NT","2012-11-28",37,"Safe"
"23812","NT","2012-11-29",54,"Safe"
"23813","NT","2012-11-30",46,"Safe"
"23814","NT","2013-01-01",41,"Safe"
"23815","NT","2013-01-02",50,"Safe"
"23816","NT","2013-01-03",48,"Safe"
"23817","NT","2013-01-04",30,"Safe"
"23818","NT","2013-01-05",67,"MinorHazard"
"23819","NT","2013-01-06",91,"Damaging"
"23820","NT","2013-01-07",52,"Safe"
"23821","NT","2013-01-08",59,"Safe"
"23822","NT","2013-01-09",41,"Safe"
"23823","NT","2013-01-10",50,"Safe"
"23824","NT","2013-01-11",43,"Safe"
"23825","NT","2013-01-12",74,"MinorHazard"
"23826","NT","2013-01-13",67,"MinorHazard"
"23827","NT","2013-01-14",41,"Safe"
"23828","NT","2013-01-15",48,"Safe"
"23829","NT","2013-01-16",41,"Safe"
"23830","NT","2013-01-17",59,"Safe"
"23831","NT","2013-01-18",61,"Safe"
"23832","NT","2013-01-19",59,"Safe"
"23833","NT","2013-01-20",61,"Safe"
"23834","NT","2013-01-21",56,"Safe"
"23835","NT","2013-01-22",54,"Safe"
"23836","NT","2013-01-23",52,"Safe"
"23837","NT","2013-01-24",46,"Safe"
"23838","NT","2013-01-25",48,"Safe"
"23839","NT","2013-01-26",48,"Safe"
"23840","NT","2013-01-27",48,"Safe"
"23841","NT","2013-01-28",50,"Safe"
"23842","NT","2013-01-29",43,"Safe"
"23843","NT","2013-01-30",41,"Safe"
"23844","NT","2013-01-31",80,"MinorHazard"
"23845","NT","2013-03-01",56,"Safe"
"23846","NT","2013-03-02",50,"Safe"
"23847","NT","2013-03-03",54,"Safe"
"23848","NT","2013-03-04",54,"Safe"
"23849","NT","2013-03-05",43,"Safe"
"23850","NT","2013-03-06",46,"Safe"
"23851","NT","2013-03-07",48,"Safe"
"23852","NT","2013-03-08",54,"Safe"
"23853","NT","2013-03-09",61,"Safe"
"23854","NT","2013-03-10",57,"Safe"
"23855","NT","2013-03-11",50,"Safe"
"23856","NT","2013-03-12",57,"Safe"
"23857","NT","2013-03-13",59,"Safe"
"23858","NT","2013-03-14",52,"Safe"
"23859","NT","2013-03-15",74,"MinorHazard"
"23860","NT","2013-03-16",63,"MinorHazard"
"23861","NT","2013-03-17",46,"Safe"
"23862","NT","2013-03-18",35,"Safe"
"23863","NT","2013-03-19",52,"Safe"
"23864","NT","2013-03-20",33,"Safe"
"23865","NT","2013-03-21",39,"Safe"
"23866","NT","2013-03-22",35,"Safe"
"23867","NT","2013-03-23",46,"Safe"
"23868","NT","2013-03-24",61,"Safe"
"23869","NT","2013-03-25",56,"Safe"
"23870","NT","2013-03-26",46,"Safe"
"23871","NT","2013-03-27",70,"MinorHazard"
"23872","NT","2013-03-28",46,"Safe"
"23873","NT","2013-03-29",50,"Safe"
"23874","NT","2013-03-30",54,"Safe"
"23875","NT","2013-03-31",43,"Safe"
"23876","NT","2013-04-01",44,"Safe"
"23877","NT","2013-04-02",50,"Safe"
"23878","NT","2013-04-03",46,"Safe"
"23879","NT","2013-04-04",59,"Safe"
"23880","NT","2013-04-05",41,"Safe"
"23881","NT","2013-04-06",48,"Safe"
"23882","NT","2013-04-07",43,"Safe"
"23883","NT","2013-04-08",50,"Safe"
"23884","NT","2013-04-09",50,"Safe"
"23885","NT","2013-04-10",56,"Safe"
"23886","NT","2013-04-11",59,"Safe"
"23887","NT","2013-04-12",46,"Safe"
"23888","NT","2013-04-13",33,"Safe"
"23889","NT","2013-04-14",31,"Safe"
"23890","NT","2013-04-15",31,"Safe"
"23891","NT","2013-04-16",35,"Safe"
"23892","NT","2013-04-17",35,"Safe"
"23893","NT","2013-04-18",52,"Safe"
"23894","NT","2013-04-19",37,"Safe"
"23895","NT","2013-04-20",33,"Safe"
"23896","NT","2013-04-21",57,"Safe"
"23897","NT","2013-04-22",33,"Safe"
"23898","NT","2013-04-23",44,"Safe"
"23899","NT","2013-04-24",41,"Safe"
"23900","NT","2013-04-25",43,"Safe"
"23901","NT","2013-04-26",48,"Safe"
"23902","NT","2013-04-27",44,"Safe"
"23903","NT","2013-04-28",41,"Safe"
"23904","NT","2013-04-29",33,"Safe"
"23905","NT","2013-04-30",43,"Safe"
"23906","NT","2013-05-01",48,"Safe"
"23907","NT","2013-05-02",44,"Safe"
"23908","NT","2013-05-03",46,"Safe"
"23909","NT","2013-05-04",46,"Safe"
"23910","NT","2013-05-05",39,"Safe"
"23911","NT","2013-05-06",41,"Safe"
"23912","NT","2013-05-07",43,"Safe"
"23913","NT","2013-05-08",48,"Safe"
"23914","NT","2013-05-09",41,"Safe"
"23915","NT","2013-05-10",37,"Safe"
"23916","NT","2013-05-11",61,"Safe"
"23917","NT","2013-05-12",44,"Safe"
"23918","NT","2013-05-13",39,"Safe"
"23919","NT","2013-05-14",57,"Safe"
"23920","NT","2013-05-15",33,"Safe"
"23921","NT","2013-05-16",41,"Safe"
"23922","NT","2013-05-17",41,"Safe"
"23923","NT","2013-05-18",44,"Safe"
"23924","NT","2013-05-19",44,"Safe"
"23925","NT","2013-05-20",48,"Safe"
"23926","NT","2013-05-21",59,"Safe"
"23927","NT","2013-05-22",35,"Safe"
"23928","NT","2013-05-23",39,"Safe"
"23929","NT","2013-05-24",50,"Safe"
"23930","NT","2013-05-25",50,"Safe"
"23931","NT","2013-05-26",46,"Safe"
"23932","NT","2013-05-27",44,"Safe"
"23933","NT","2013-05-28",39,"Safe"
"23934","NT","2013-05-29",43,"Safe"
"23935","NT","2013-05-30",43,"Safe"
"23936","NT","2013-05-31",43,"Safe"
"23937","NT","2013-06-01",43,"Safe"
"23938","NT","2013-06-02",50,"Safe"
"23939","NT","2013-06-03",48,"Safe"
"23940","NT","2013-06-04",44,"Safe"
"23941","NT","2013-06-05",44,"Safe"
"23942","NT","2013-06-06",41,"Safe"
"23943","NT","2013-06-07",50,"Safe"
"23944","NT","2013-06-08",57,"Safe"
"23945","NT","2013-06-09",50,"Safe"
"23946","NT","2013-06-10",39,"Safe"
"23947","NT","2013-06-11",43,"Safe"
"23948","NT","2013-06-12",41,"Safe"
"23949","NT","2013-06-13",41,"Safe"
"23950","NT","2013-06-14",44,"Safe"
"23951","NT","2013-06-15",46,"Safe"
"23952","NT","2013-06-16",35,"Safe"
"23953","NT","2013-06-17",41,"Safe"
"23954","NT","2013-06-18",41,"Safe"
"23955","NT","2013-06-19",39,"Safe"
"23956","NT","2013-06-20",43,"Safe"
"23957","NT","2013-06-21",52,"Safe"
"23958","NT","2013-06-22",43,"Safe"
"23959","NT","2013-06-23",48,"Safe"
"23960","NT","2013-06-24",52,"Safe"
"23961","NT","2013-06-25",44,"Safe"
"23962","NT","2013-06-26",33,"Safe"
"23963","NT","2013-06-27",30,"Safe"
"23964","NT","2013-06-28",35,"Safe"
"23965","NT","2013-06-29",48,"Safe"
"23966","NT","2013-06-30",56,"Safe"
"23967","NT","2013-07-01",56,"Safe"
"23968","NT","2013-07-02",54,"Safe"
"23969","NT","2013-07-03",41,"Safe"
"23970","NT","2013-07-04",35,"Safe"
"23971","NT","2013-07-05",37,"Safe"
"23972","NT","2013-07-06",39,"Safe"
"23973","NT","2013-07-07",46,"Safe"
"23974","NT","2013-07-08",48,"Safe"
"23975","NT","2013-07-09",57,"Safe"
"23976","NT","2013-07-10",50,"Safe"
"23977","NT","2013-07-11",52,"Safe"
"23978","NT","2013-07-12",44,"Safe"
"23979","NT","2013-07-13",48,"Safe"
"23980","NT","2013-07-14",50,"Safe"
"23981","NT","2013-07-15",56,"Safe"
"23982","NT","2013-07-16",56,"Safe"
"23983","NT","2013-07-17",67,"MinorHazard"
"23984","NT","2013-07-18",41,"Safe"
"23985","NT","2013-07-19",37,"Safe"
"23986","NT","2013-07-20",44,"Safe"
"23987","NT","2013-07-21",41,"Safe"
"23988","NT","2013-07-22",46,"Safe"
"23989","NT","2013-07-23",50,"Safe"
"23990","NT","2013-07-24",50,"Safe"
"23991","NT","2013-07-25",50,"Safe"
"23992","NT","2013-07-26",39,"Safe"
"23993","NT","2013-07-27",54,"Safe"
"23994","NT","2013-07-28",39,"Safe"
"23995","NT","2013-07-29",41,"Safe"
"23996","NT","2013-07-30",52,"Safe"
"23997","NT","2013-07-31",46,"Safe"
"23998","NT","2013-08-01",37,"Safe"
"23999","NT","2013-08-02",43,"Safe"
"24000","NT","2013-08-03",48,"Safe"
"24001","NT","2013-08-04",57,"Safe"
"24002","NT","2013-08-05",52,"Safe"
"24003","NT","2013-08-06",43,"Safe"
"24004","NT","2013-08-07",41,"Safe"
"24005","NT","2013-08-08",43,"Safe"
"24006","NT","2013-08-09",43,"Safe"
"24007","NT","2013-08-10",41,"Safe"
"24008","NT","2013-08-11",43,"Safe"
"24009","NT","2013-08-12",37,"Safe"
"24010","NT","2013-08-13",37,"Safe"
"24011","NT","2013-08-14",43,"Safe"
"24012","NT","2013-08-15",54,"Safe"
"24013","NT","2013-08-16",65,"MinorHazard"
"24014","NT","2013-08-17",35,"Safe"
"24015","NT","2013-08-18",41,"Safe"
"24016","NT","2013-08-19",44,"Safe"
"24017","NT","2013-08-20",44,"Safe"
"24018","NT","2013-08-21",39,"Safe"
"24019","NT","2013-08-22",50,"Safe"
"24020","NT","2013-08-23",46,"Safe"
"24021","NT","2013-08-24",44,"Safe"
"24022","NT","2013-08-25",39,"Safe"
"24023","NT","2013-08-26",46,"Safe"
"24024","NT","2013-08-27",39,"Safe"
"24025","NT","2013-08-28",63,"MinorHazard"
"24026","NT","2013-08-29",39,"Safe"
"24027","NT","2013-08-30",65,"MinorHazard"
"24028","NT","2013-08-31",43,"Safe"
"24029","NT","2013-09-01",54,"Safe"
"24030","NT","2013-09-02",54,"Safe"
"24031","NT","2013-09-03",54,"Safe"
"24032","NT","2013-09-04",61,"Safe"
"24033","NT","2013-09-05",59,"Safe"
"24034","NT","2013-09-06",56,"Safe"
"24035","NT","2013-09-07",52,"Safe"
"24036","NT","2013-09-08",44,"Safe"
"24037","NT","2013-09-09",48,"Safe"
"24038","NT","2013-09-10",41,"Safe"
"24039","NT","2013-09-11",50,"Safe"
"24040","NT","2013-09-12",57,"Safe"
"24041","NT","2013-09-13",39,"Safe"
"24042","NT","2013-09-14",61,"Safe"
"24043","NT","2013-09-15",70,"MinorHazard"
"24044","NT","2013-09-16",39,"Safe"
"24045","NT","2013-09-17",57,"Safe"
"24046","NT","2013-09-18",52,"Safe"
"24047","NT","2013-09-19",37,"Safe"
"24048","NT","2013-09-20",37,"Safe"
"24049","NT","2013-09-21",46,"Safe"
"24050","NT","2013-09-22",63,"MinorHazard"
"24051","NT","2013-09-23",59,"Safe"
"24052","NT","2013-09-24",44,"Safe"
"24053","NT","2013-09-25",69,"MinorHazard"
"24054","NT","2013-09-26",50,"Safe"
"24055","NT","2013-09-27",39,"Safe"
"24056","NT","2013-09-28",50,"Safe"
"24057","NT","2013-09-30",70,"MinorHazard"
"24058","NT","2013-10-01",59,"Safe"
"24059","NT","2013-10-02",39,"Safe"
"24060","NT","2013-10-03",67,"MinorHazard"
"24061","NT","2013-10-04",43,"Safe"
"24062","NT","2013-10-05",39,"Safe"
"24063","NT","2013-10-06",39,"Safe"
"24064","NT","2013-10-07",54,"Safe"
"24065","NT","2013-10-08",57,"Safe"
"24066","NT","2013-10-09",65,"MinorHazard"
"24067","NT","2013-10-10",57,"Safe"
"24068","NT","2013-10-11",54,"Safe"
"24069","NT","2013-10-12",59,"Safe"
"24070","NT","2013-10-13",54,"Safe"
"24071","NT","2013-10-14",59,"Safe"
"24072","NT","2013-10-15",48,"Safe"
"24073","NT","2013-10-16",57,"Safe"
"24074","NT","2013-10-17",48,"Safe"
"24075","NT","2013-10-18",48,"Safe"
"24076","NT","2013-10-19",44,"Safe"
"24077","NT","2013-10-20",63,"MinorHazard"
"24078","NT","2013-10-21",52,"Safe"
"24079","NT","2013-10-22",43,"Safe"
"24080","NT","2013-10-23",46,"Safe"
"24081","NT","2013-10-24",54,"Safe"
"24082","NT","2013-10-25",48,"Safe"
"24083","NT","2013-10-26",72,"MinorHazard"
"24084","NT","2013-10-27",37,"Safe"
"24085","NT","2013-10-28",50,"Safe"
"24086","NT","2013-10-29",48,"Safe"
"24087","NT","2013-10-30",41,"Safe"
"24088","NT","2013-10-31",44,"Safe"
"24089","NT","2013-11-01",46,"Safe"
"24090","NT","2013-11-02",41,"Safe"
"24091","NT","2013-11-03",54,"Safe"
"24092","NT","2013-11-04",59,"Safe"
"24093","NT","2013-11-05",44,"Safe"
"24094","NT","2013-11-06",56,"Safe"
"24095","NT","2013-11-07",59,"Safe"
"24096","NT","2013-11-08",46,"Safe"
"24097","NT","2013-11-09",52,"Safe"
"24098","NT","2013-11-10",48,"Safe"
"24099","NT","2013-11-11",72,"MinorHazard"
"24100","NT","2013-11-12",89,"MinorHazard"
"24101","NT","2013-11-13",50,"Safe"
"24102","NT","2013-11-14",54,"Safe"
"24103","NT","2013-11-15",72,"MinorHazard"
"24104","NT","2013-11-16",69,"MinorHazard"
"24105","NT","2013-11-17",72,"MinorHazard"
"24106","NT","2013-11-18",50,"Safe"
"24107","NT","2013-11-19",54,"Safe"
"24108","NT","2013-11-20",61,"Safe"
"24109","NT","2013-11-21",41,"Safe"
"24110","NT","2013-11-22",48,"Safe"
"24111","NT","2013-11-23",72,"MinorHazard"
"24112","NT","2013-11-24",61,"Safe"
"24113","NT","2013-11-25",76,"MinorHazard"
"24114","NT","2013-11-26",57,"Safe"
"24115","NT","2013-11-27",46,"Safe"
"24116","NT","2013-11-28",63,"MinorHazard"
"24117","NT","2013-11-29",57,"Safe"
"24118","NT","2013-11-30",94,"Damaging"
"24119","NT","2013-12-01",44,"Safe"
"24120","NT","2013-12-02",57,"Safe"
"24121","NT","2013-12-03",57,"Safe"
"24122","NT","2013-12-04",50,"Safe"
"24123","NT","2013-12-05",72,"MinorHazard"
"24124","NT","2013-12-06",54,"Safe"
"24125","NT","2013-12-07",39,"Safe"
"24126","NT","2013-12-08",52,"Safe"
"24127","NT","2013-12-09",61,"Safe"
"24128","NT","2013-12-10",44,"Safe"
"24129","NT","2013-12-11",44,"Safe"
"24130","NT","2013-12-12",43,"Safe"
"24131","NT","2013-12-13",63,"MinorHazard"
"24132","NT","2013-12-14",56,"Safe"
"24133","NT","2013-12-15",57,"Safe"
"24134","NT","2013-12-16",59,"Safe"
"24135","NT","2013-12-17",44,"Safe"
"24136","NT","2013-12-18",56,"Safe"
"24137","NT","2013-12-19",57,"Safe"
"24138","NT","2013-12-20",74,"MinorHazard"
"24139","NT","2013-12-21",69,"MinorHazard"
"24140","NT","2013-12-22",69,"MinorHazard"
"24141","NT","2013-12-23",41,"Safe"
"24142","NT","2013-12-24",43,"Safe"
"24143","NT","2013-12-25",46,"Safe"
"24144","NT","2013-12-26",41,"Safe"
"24145","NT","2013-12-27",52,"Safe"
"24146","NT","2013-12-28",43,"Safe"
"24147","NT","2013-12-29",48,"Safe"
"24148","NT","2013-12-30",69,"MinorHazard"
"24149","NT","2013-12-31",56,"Safe"
"24150","NT","2014-01-01",54,"Safe"
"24151","NT","2014-01-02",54,"Safe"
"24152","NT","2014-01-03",76,"MinorHazard"
"24153","NT","2014-01-04",48,"Safe"
"24154","NT","2014-01-05",56,"Safe"
"24155","NT","2014-01-06",59,"Safe"
"24156","NT","2014-01-07",44,"Safe"
"24157","NT","2014-01-08",46,"Safe"
"24158","NT","2014-01-09",54,"Safe"
"24159","NT","2014-01-10",87,"MinorHazard"
"24160","NT","2014-01-11",70,"MinorHazard"
"24161","NT","2014-01-12",63,"MinorHazard"
"24162","NT","2014-01-13",57,"Safe"
"24163","NT","2014-01-14",72,"MinorHazard"
"24164","NT","2014-01-15",80,"MinorHazard"
"24165","NT","2014-01-16",72,"MinorHazard"
"24166","NT","2014-01-17",70,"MinorHazard"
"24167","NT","2014-01-18",63,"MinorHazard"
"24168","NT","2014-01-19",70,"MinorHazard"
"24169","NT","2014-01-20",50,"Safe"
"24170","NT","2014-01-21",56,"Safe"
"24171","NT","2014-01-22",54,"Safe"
"24172","NT","2014-01-23",43,"Safe"
"24173","NT","2014-01-24",56,"Safe"
"24174","NT","2014-01-25",44,"Safe"
"24175","NT","2014-01-26",50,"Safe"
"24176","NT","2014-01-27",57,"Safe"
"24177","NT","2014-01-28",104,"Damaging"
"24178","NT","2014-01-29",59,"Safe"
"24179","NT","2014-01-30",63,"MinorHazard"
"24180","NT","2014-01-31",80,"MinorHazard"
"24181","NT","2014-02-01",65,"MinorHazard"
"24182","NT","2014-02-02",57,"Safe"
"24183","NT","2014-02-03",81,"MinorHazard"
"24184","NT","2014-02-04",65,"MinorHazard"
"24185","NT","2014-02-05",56,"Safe"
"24186","NT","2014-02-06",69,"MinorHazard"
"24187","NT","2014-02-07",59,"Safe"
"24188","NT","2014-02-08",52,"Safe"
"24189","NT","2014-02-09",59,"Safe"
"24190","NT","2014-02-10",65,"MinorHazard"
"24191","NT","2014-02-11",59,"Safe"
"24192","NT","2014-02-12",76,"MinorHazard"
"24193","NT","2014-02-13",56,"Safe"
"24194","NT","2014-02-14",61,"Safe"
"24195","NT","2014-02-15",52,"Safe"
"24196","NT","2014-02-16",57,"Safe"
"24197","NT","2014-02-17",41,"Safe"
"24198","NT","2014-02-18",72,"MinorHazard"
"24199","NT","2014-02-19",46,"Safe"
"24200","NT","2014-02-20",54,"Safe"
"24201","NT","2014-02-21",56,"Safe"
"24202","NT","2014-02-22",59,"Safe"
"24203","NT","2014-02-23",48,"Safe"
"24204","NT","2014-02-24",46,"Safe"
"24205","NT","2014-02-25",41,"Safe"
"24206","NT","2014-02-26",44,"Safe"
"24207","NT","2014-02-27",50,"Safe"
"24208","NT","2014-02-28",48,"Safe"
"24209","NT","2014-03-01",46,"Safe"
"24210","NT","2014-03-02",52,"Safe"
"24211","NT","2014-03-03",52,"Safe"
"24212","NT","2014-03-04",43,"Safe"
"24213","NT","2014-03-05",43,"Safe"
"24214","NT","2014-03-06",56,"Safe"
"24215","NT","2014-03-07",72,"MinorHazard"
"24216","NT","2014-03-08",41,"Safe"
"24217","NT","2014-03-09",39,"Safe"
"24218","NT","2014-03-10",50,"Safe"
"24219","NT","2014-03-11",52,"Safe"
"24220","NT","2014-03-12",63,"MinorHazard"
"24221","NT","2014-03-13",50,"Safe"
"24222","NT","2014-03-14",33,"Safe"
"24223","NT","2014-03-15",63,"MinorHazard"
"24224","NT","2014-03-16",52,"Safe"
"24225","NT","2014-03-17",44,"Safe"
"24226","NT","2014-03-18",54,"Safe"
"24227","NT","2014-03-19",69,"MinorHazard"
"24228","NT","2014-03-20",48,"Safe"
"24229","NT","2014-03-21",72,"MinorHazard"
"24230","NT","2014-03-22",44,"Safe"
"24231","NT","2014-03-23",61,"Safe"
"24232","NT","2014-03-24",65,"MinorHazard"
"24233","NT","2014-03-25",43,"Safe"
"24234","NT","2014-03-26",39,"Safe"
"24235","NT","2014-03-27",39,"Safe"
"24236","NT","2014-03-28",33,"Safe"
"24237","NT","2014-03-29",35,"Safe"
"24238","NT","2014-03-30",39,"Safe"
"24239","NT","2014-03-31",48,"Safe"
"24240","NT","2014-04-01",56,"Safe"
"24241","NT","2014-04-02",50,"Safe"
"24242","NT","2014-04-03",52,"Safe"
"24243","NT","2014-04-04",48,"Safe"
"24244","NT","2014-04-05",43,"Safe"
"24245","NT","2014-04-06",65,"MinorHazard"
"24246","NT","2014-04-07",48,"Safe"
"24247","NT","2014-04-08",35,"Safe"
"24248","NT","2014-04-09",31,"Safe"
"24249","NT","2014-04-10",35,"Safe"
"24250","NT","2014-04-11",30,"Safe"
"24251","NT","2014-04-12",48,"Safe"
"24252","NT","2014-04-13",59,"Safe"
"24253","NT","2014-04-14",56,"Safe"
"24254","NT","2014-04-15",43,"Safe"
"24255","NT","2014-04-16",39,"Safe"
"24256","NT","2014-04-17",48,"Safe"
"24257","NT","2014-04-18",59,"Safe"
"24258","NT","2014-04-19",59,"Safe"
"24259","NT","2014-04-20",43,"Safe"
"24260","NT","2014-04-21",44,"Safe"
"24261","NT","2014-04-22",41,"Safe"
"24262","NT","2014-04-23",41,"Safe"
"24263","NT","2014-04-24",35,"Safe"
"24264","NT","2014-04-25",41,"Safe"
"24265","NT","2014-04-26",41,"Safe"
"24266","NT","2014-04-27",61,"Safe"
"24267","NT","2014-04-28",44,"Safe"
"24268","NT","2014-04-29",50,"Safe"
"24269","NT","2014-04-30",43,"Safe"
"24270","NT","2014-05-01",35,"Safe"
"24271","NT","2014-05-02",37,"Safe"
"24272","NT","2014-05-03",39,"Safe"
"24273","NT","2014-05-04",41,"Safe"
"24274","NT","2014-05-05",50,"Safe"
"24275","NT","2014-05-06",41,"Safe"
"24276","NT","2014-05-07",35,"Safe"
"24277","NT","2014-05-08",41,"Safe"
"24278","NT","2014-05-09",39,"Safe"
"24279","NT","2014-05-10",35,"Safe"
"24280","NT","2014-05-11",48,"Safe"
"24281","NT","2014-05-12",43,"Safe"
"24282","NT","2014-05-13",46,"Safe"
"24283","NT","2014-05-14",41,"Safe"
"24284","NT","2014-05-15",50,"Safe"
"24285","NT","2014-05-16",43,"Safe"
"24286","NT","2014-05-17",37,"Safe"
"24287","NT","2014-05-18",43,"Safe"
"24288","NT","2014-05-19",41,"Safe"
"24289","NT","2014-05-20",39,"Safe"
"24290","NT","2014-05-21",43,"Safe"
"24291","NT","2014-05-22",37,"Safe"
"24292","NT","2014-05-23",43,"Safe"
"24293","NT","2014-05-24",52,"Safe"
"24294","NT","2014-05-25",50,"Safe"
"24295","NT","2014-05-26",43,"Safe"
"24296","NT","2014-05-27",37,"Safe"
"24297","NT","2014-05-28",39,"Safe"
"24298","NT","2014-05-29",35,"Safe"
"24299","NT","2014-05-30",41,"Safe"
"24300","NT","2014-05-31",35,"Safe"
"24301","NT","2014-06-01",46,"Safe"
"24302","NT","2014-06-02",43,"Safe"
"24303","NT","2014-06-03",43,"Safe"
"24304","NT","2014-06-04",50,"Safe"
"24305","NT","2014-06-05",52,"Safe"
"24306","NT","2014-06-06",57,"Safe"
"24307","NT","2014-06-07",57,"Safe"
"24308","NT","2014-06-08",50,"Safe"
"24309","NT","2014-06-09",52,"Safe"
"24310","NT","2014-06-10",48,"Safe"
"24311","NT","2014-06-11",50,"Safe"
"24312","NT","2014-06-12",41,"Safe"
"24313","NT","2014-06-13",39,"Safe"
"24314","NT","2014-06-14",41,"Safe"
"24315","NT","2014-06-15",50,"Safe"
"24316","NT","2014-06-16",50,"Safe"
"24317","NT","2014-06-17",52,"Safe"
"24318","NT","2014-06-18",39,"Safe"
"24319","NT","2014-06-19",43,"Safe"
"24320","NT","2014-06-20",41,"Safe"
"24321","NT","2014-06-21",50,"Safe"
"24322","NT","2014-06-22",46,"Safe"
"24323","NT","2014-06-23",48,"Safe"
"24324","NT","2014-06-24",46,"Safe"
"24325","NT","2014-06-25",48,"Safe"
"24326","NT","2014-06-26",44,"Safe"
"24327","NT","2014-06-27",54,"Safe"
"24328","NT","2014-06-28",41,"Safe"
"24329","NT","2014-06-29",43,"Safe"
"24330","NT","2014-06-30",52,"Safe"
"24331","NT","2014-07-01",44,"Safe"
"24332","NT","2014-07-02",41,"Safe"
"24333","NT","2014-07-03",33,"Safe"
"24334","NT","2014-07-04",37,"Safe"
"24335","NT","2014-07-05",50,"Safe"
"24336","NT","2014-07-06",44,"Safe"
"24337","NT","2014-07-07",43,"Safe"
"24338","NT","2014-07-08",56,"Safe"
"24339","NT","2014-07-09",43,"Safe"
"24340","NT","2014-07-10",43,"Safe"
"24341","NT","2014-07-11",39,"Safe"
"24342","NT","2014-07-12",43,"Safe"
"24343","NT","2014-07-13",43,"Safe"
"24344","NT","2014-07-14",37,"Safe"
"24345","NT","2014-07-15",43,"Safe"
"24346","NT","2014-07-16",39,"Safe"
"24347","NT","2014-07-17",54,"Safe"
"24348","NT","2014-07-18",52,"Safe"
"24349","NT","2014-07-19",44,"Safe"
"24350","NT","2014-07-20",33,"Safe"
"24351","NT","2014-07-21",37,"Safe"
"24352","NT","2014-07-22",44,"Safe"
"24353","NT","2014-07-23",52,"Safe"
"24354","NT","2014-07-24",33,"Safe"
"24355","NT","2014-07-25",33,"Safe"
"24356","NT","2014-07-26",48,"Safe"
"24357","NT","2014-07-27",44,"Safe"
"24358","NT","2014-07-28",46,"Safe"
"24359","NT","2014-07-29",54,"Safe"
"24360","NT","2014-07-30",46,"Safe"
"24361","NT","2014-07-31",41,"Safe"
"24362","NT","2014-08-01",43,"Safe"
"24363","NT","2014-08-02",50,"Safe"
"24364","NT","2014-08-03",44,"Safe"
"24365","NT","2014-08-04",54,"Safe"
"24366","NT","2014-08-05",48,"Safe"
"24367","NT","2014-08-06",46,"Safe"
"24368","NT","2014-08-07",44,"Safe"
"24369","NT","2014-08-08",52,"Safe"
"24370","NT","2014-08-09",48,"Safe"
"24371","NT","2014-08-10",44,"Safe"
"24372","NT","2014-08-11",48,"Safe"
"24373","NT","2014-08-12",50,"Safe"
"24374","NT","2014-08-13",54,"Safe"
"24375","NT","2014-08-14",46,"Safe"
"24376","NT","2014-08-15",56,"Safe"
"24377","NT","2014-08-16",52,"Safe"
"24378","NT","2014-08-17",44,"Safe"
"24379","NT","2014-08-18",44,"Safe"
"24380","NT","2014-08-19",39,"Safe"
"24381","NT","2014-08-20",37,"Safe"
"24382","NT","2014-08-21",50,"Safe"
"24383","NT","2014-08-22",52,"Safe"
"24384","NT","2014-08-23",41,"Safe"
"24385","NT","2014-08-24",50,"Safe"
"24386","NT","2014-08-25",52,"Safe"
"24387","NT","2014-08-26",57,"Safe"
"24388","NT","2014-08-27",52,"Safe"
"24389","NT","2014-08-28",50,"Safe"
"24390","NT","2014-08-29",44,"Safe"
"24391","NT","2014-08-30",41,"Safe"
"24392","NT","2014-08-31",41,"Safe"
"24393","NT","2014-09-01",43,"Safe"
"24394","NT","2014-09-02",50,"Safe"
"24395","NT","2014-09-03",41,"Safe"
"24396","NT","2014-09-04",50,"Safe"
"24397","NT","2014-09-05",35,"Safe"
"24398","NT","2014-09-06",39,"Safe"
"24399","NT","2014-09-07",43,"Safe"
"24400","NT","2014-09-08",70,"MinorHazard"
"24401","NT","2014-09-09",48,"Safe"
"24402","NT","2014-09-10",43,"Safe"
"24403","NT","2014-09-11",46,"Safe"
"24404","NT","2014-09-12",50,"Safe"
"24405","NT","2014-09-13",54,"Safe"
"24406","NT","2014-09-14",48,"Safe"
"24407","NT","2014-09-15",35,"Safe"
"24408","NT","2014-09-16",46,"Safe"
"24409","NT","2014-09-17",52,"Safe"
"24410","NT","2014-09-18",76,"MinorHazard"
"24411","NT","2014-09-19",54,"Safe"
"24412","NT","2014-09-20",52,"Safe"
"24413","NT","2014-09-21",56,"Safe"
"24414","NT","2014-09-22",50,"Safe"
"24415","NT","2014-09-23",56,"Safe"
"24416","NT","2014-09-24",44,"Safe"
"24417","NT","2014-09-25",41,"Safe"
"24418","NT","2014-09-26",48,"Safe"
"24419","NT","2014-09-27",41,"Safe"
"24420","NT","2014-09-28",44,"Safe"
"24421","NT","2014-09-29",44,"Safe"
"24422","NT","2014-09-30",41,"Safe"
"24423","NT","2014-10-01",52,"Safe"
"24424","NT","2014-10-02",50,"Safe"
"24425","NT","2014-10-03",56,"Safe"
"24426","NT","2014-10-04",44,"Safe"
"24427","NT","2014-10-05",48,"Safe"
"24428","NT","2014-10-06",56,"Safe"
"24429","NT","2014-10-07",52,"Safe"
"24430","NT","2014-10-08",50,"Safe"
"24431","NT","2014-10-09",44,"Safe"
"24432","NT","2014-10-10",43,"Safe"
"24433","NT","2014-10-11",41,"Safe"
"24434","NT","2014-10-12",46,"Safe"
"24435","NT","2014-10-13",48,"Safe"
"24436","NT","2014-10-14",52,"Safe"
"24437","NT","2014-10-15",56,"Safe"
"24438","NT","2014-10-16",52,"Safe"
"24439","NT","2014-10-17",39,"Safe"
"24440","NT","2014-10-18",43,"Safe"
"24441","NT","2014-10-19",48,"Safe"
"24442","NT","2014-10-20",52,"Safe"
"24443","NT","2014-10-21",46,"Safe"
"24444","NT","2014-10-22",48,"Safe"
"24445","NT","2014-10-23",46,"Safe"
"24446","NT","2014-10-24",48,"Safe"
"24447","NT","2014-10-25",50,"Safe"
"24448","NT","2014-10-26",44,"Safe"
"24449","NT","2014-10-27",57,"Safe"
"24450","NT","2014-10-28",48,"Safe"
"24451","NT","2014-10-29",39,"Safe"
"24452","NT","2014-10-30",61,"Safe"
"24453","NT","2014-10-31",78,"MinorHazard"
"24454","NT","2014-11-01",50,"Safe"
"24455","NT","2014-11-02",46,"Safe"
"24456","NT","2014-11-03",85,"MinorHazard"
"24457","NT","2014-11-04",81,"MinorHazard"
"24458","NT","2014-11-05",63,"MinorHazard"
"24459","NT","2014-11-06",63,"MinorHazard"
"24460","NT","2014-11-07",48,"Safe"
"24461","NT","2014-11-08",44,"Safe"
"24462","NT","2014-11-09",48,"Safe"
"24463","NT","2014-11-10",56,"Safe"
"24464","NT","2014-11-11",48,"Safe"
"24465","NT","2014-11-12",67,"MinorHazard"
"24466","NT","2014-11-13",85,"MinorHazard"
"24467","NT","2014-11-14",50,"Safe"
"24468","NT","2014-11-15",52,"Safe"
"24469","NT","2014-11-16",43,"Safe"
"24470","NT","2014-11-17",39,"Safe"
"24471","NT","2014-11-18",37,"Safe"
"24472","NT","2014-11-19",56,"Safe"
"24473","NT","2014-11-20",52,"Safe"
"24474","NT","2014-11-21",54,"Safe"
"24475","NT","2014-11-22",76,"MinorHazard"
"24476","NT","2014-11-23",59,"Safe"
"24477","NT","2014-11-24",57,"Safe"
"24478","NT","2014-11-25",48,"Safe"
"24479","NT","2014-11-26",61,"Safe"
"24480","NT","2014-11-27",43,"Safe"
"24481","NT","2014-11-28",39,"Safe"
"24482","NT","2014-11-29",52,"Safe"
"24483","NT","2014-11-30",59,"Safe"
"24484","NT","2014-12-01",65,"MinorHazard"
"24485","NT","2014-12-02",59,"Safe"
"24486","NT","2014-12-03",57,"Safe"
"24487","NT","2014-12-04",57,"Safe"
"24488","NT","2014-12-05",87,"MinorHazard"
"24489","NT","2014-12-06",56,"Safe"
"24490","NT","2014-12-07",61,"Safe"
"24491","NT","2014-12-08",52,"Safe"
"24492","NT","2014-12-09",69,"MinorHazard"
"24493","NT","2014-12-10",91,"Damaging"
"24494","NT","2014-12-11",65,"MinorHazard"
"24495","NT","2014-12-12",43,"Safe"
"24496","NT","2014-12-13",46,"Safe"
"24497","NT","2014-12-14",46,"Safe"
"24498","NT","2014-12-15",87,"MinorHazard"
"24499","NT","2014-12-16",70,"MinorHazard"
"24500","NT","2014-12-17",74,"MinorHazard"
"24501","NT","2014-12-18",54,"Safe"
"24502","NT","2014-12-19",39,"Safe"
"24503","NT","2014-12-20",52,"Safe"
"24504","NT","2014-12-21",59,"Safe"
"24505","NT","2014-12-22",69,"MinorHazard"
"24506","NT","2014-12-23",46,"Safe"
"24507","NT","2014-12-24",41,"Safe"
"24508","NT","2014-12-25",50,"Safe"
"24509","NT","2014-12-26",54,"Safe"
"24510","NT","2014-12-27",52,"Safe"
"24511","NT","2014-12-28",39,"Safe"
"24512","NT","2014-12-29",52,"Safe"
"24513","NT","2014-12-30",48,"Safe"
"24514","NT","2014-12-31",76,"MinorHazard"
"24515","NT","2015-01-01",61,"Safe"
"24516","NT","2015-01-02",61,"Safe"
"24517","NT","2015-01-03",56,"Safe"
"24518","NT","2015-01-04",54,"Safe"
"24519","NT","2015-01-05",65,"MinorHazard"
"24520","NT","2015-01-06",54,"Safe"
"24521","NT","2015-01-07",63,"MinorHazard"
"24522","NT","2015-01-08",59,"Safe"
"24523","NT","2015-01-09",96,"Damaging"
"24524","NT","2015-01-10",78,"MinorHazard"
"24525","NT","2015-01-11",50,"Safe"
"24526","NT","2015-01-12",41,"Safe"
"24527","NT","2015-01-13",85,"MinorHazard"
"24528","NT","2015-01-14",54,"Safe"
"24529","NT","2015-01-15",44,"Safe"
"24530","NT","2015-01-16",48,"Safe"
"24531","NT","2015-01-17",56,"Safe"
"24532","NT","2015-01-18",39,"Safe"
"24533","NT","2015-01-19",44,"Safe"
"24534","NT","2015-01-20",52,"Safe"
"24535","NT","2015-01-21",56,"Safe"
"24536","NT","2015-01-22",56,"Safe"
"24537","NT","2015-01-23",56,"Safe"
"24538","NT","2015-01-24",50,"Safe"
"24539","NT","2015-01-25",50,"Safe"
"24540","NT","2015-01-26",43,"Safe"
"24541","NT","2015-01-27",48,"Safe"
"24542","NT","2015-01-28",48,"Safe"
"24543","NT","2015-01-29",44,"Safe"
"24544","NT","2015-01-30",48,"Safe"
"24545","NT","2015-01-31",44,"Safe"
"24546","NT","2015-02-01",41,"Safe"
"24547","NT","2015-02-02",67,"MinorHazard"
"24548","NT","2015-02-03",50,"Safe"
"24549","NT","2015-02-04",57,"Safe"
"24550","NT","2015-02-05",44,"Safe"
"24551","NT","2015-02-06",43,"Safe"
"24552","NT","2015-02-07",35,"Safe"
"24553","NT","2015-02-08",70,"MinorHazard"
"24554","NT","2015-02-09",57,"Safe"
"24555","NT","2015-02-10",65,"MinorHazard"
"24556","NT","2015-02-11",44,"Safe"
"24557","NT","2015-02-12",56,"Safe"
"24558","NT","2015-02-13",52,"Safe"
"24559","NT","2015-02-14",70,"MinorHazard"
"24560","NT","2015-02-15",50,"Safe"
"24561","NT","2015-02-16",57,"Safe"
"24562","NT","2015-02-17",44,"Safe"
"24563","NT","2015-02-18",52,"Safe"
"24564","NT","2015-02-19",52,"Safe"
"24565","NT","2015-02-20",59,"Safe"
"24566","NT","2015-02-21",54,"Safe"
"24567","NT","2015-02-22",50,"Safe"
"24568","NT","2015-02-23",52,"Safe"
"24569","NT","2015-02-24",54,"Safe"
"24570","NT","2015-02-25",39,"Safe"
"24571","NT","2015-02-26",41,"Safe"
"24572","NT","2015-02-27",48,"Safe"
"24573","NT","2015-02-28",46,"Safe"
"24574","NT","2015-03-01",85,"MinorHazard"
"24575","NT","2015-03-02",50,"Safe"
"24576","NT","2015-03-03",56,"Safe"
"24577","NT","2015-03-04",52,"Safe"
"24578","NT","2015-03-05",50,"Safe"
"24579","NT","2015-03-06",44,"Safe"
"24580","NT","2015-03-07",41,"Safe"
"24581","NT","2015-03-08",39,"Safe"
"24582","NT","2015-03-09",41,"Safe"
"24583","NT","2015-03-10",43,"Safe"
"24584","NT","2015-03-11",63,"MinorHazard"
"24585","NT","2015-03-12",56,"Safe"
"24586","NT","2015-03-13",48,"Safe"
"24587","NT","2015-03-14",41,"Safe"
"24588","NT","2015-03-15",56,"Safe"
"24589","NT","2015-03-16",46,"Safe"
"24590","NT","2015-03-17",43,"Safe"
"24591","NT","2015-03-18",37,"Safe"
"24592","NT","2015-03-19",59,"Safe"
"24593","NT","2015-03-20",59,"Safe"
"24594","NT","2015-03-21",59,"Safe"
"24595","NT","2015-03-22",57,"Safe"
"24596","NT","2015-03-23",44,"Safe"
"24597","NT","2015-03-24",52,"Safe"
"24598","NT","2015-03-25",39,"Safe"
"24599","NT","2015-03-26",46,"Safe"
"24600","NT","2015-03-27",46,"Safe"
"24601","NT","2015-03-28",39,"Safe"
"24602","NT","2015-03-29",43,"Safe"
"24603","NT","2015-03-30",44,"Safe"
"24604","NT","2015-03-31",39,"Safe"
"24605","NT","2015-04-01",44,"Safe"
"24606","NT","2015-04-02",41,"Safe"
"24607","NT","2015-04-03",46,"Safe"
"24608","NT","2015-04-04",41,"Safe"
"24609","NT","2015-04-05",44,"Safe"
"24610","NT","2015-04-06",48,"Safe"
"24611","NT","2015-04-07",46,"Safe"
"24612","NT","2015-04-08",44,"Safe"
"24613","NT","2015-04-09",41,"Safe"
"24614","NT","2015-04-10",35,"Safe"
"24615","NT","2015-04-11",33,"Safe"
"24616","NT","2015-04-12",28,"Safe"
"24617","NT","2015-04-13",52,"Safe"
"24618","NT","2015-04-14",41,"Safe"
"24619","NT","2015-04-15",35,"Safe"
"24620","NT","2015-04-16",52,"Safe"
"24621","NT","2015-04-17",39,"Safe"
"24622","NT","2015-04-18",41,"Safe"
"24623","NT","2015-04-19",50,"Safe"
"24624","NT","2015-04-20",57,"Safe"
"24625","NT","2015-04-21",57,"Safe"
"24626","NT","2015-04-22",39,"Safe"
"24627","NT","2015-04-23",52,"Safe"
"24628","NT","2015-04-24",39,"Safe"
"24629","NT","2015-04-25",44,"Safe"
"24630","NT","2015-04-26",39,"Safe"
"24631","NT","2015-04-27",48,"Safe"
"24632","NT","2015-04-28",52,"Safe"
"24633","NT","2015-04-29",46,"Safe"
"24634","NT","2015-04-30",48,"Safe"
"24635","NT","2015-05-01",39,"Safe"
"24636","NT","2015-05-02",31,"Safe"
"24637","NT","2015-05-03",26,"Safe"
"24638","NT","2015-05-04",44,"Safe"
"24639","NT","2015-05-05",48,"Safe"
"24640","NT","2015-05-06",46,"Safe"
"24641","NT","2015-05-07",50,"Safe"
"24642","NT","2015-05-08",52,"Safe"
"24643","NT","2015-05-09",35,"Safe"
"24644","NT","2015-05-10",43,"Safe"
"24645","NT","2015-05-11",46,"Safe"
"24646","NT","2015-05-12",37,"Safe"
"24647","NT","2015-05-13",54,"Safe"
"24648","NT","2015-05-14",59,"Safe"
"24649","NT","2015-05-15",54,"Safe"
"24650","NT","2015-05-16",54,"Safe"
"24651","NT","2015-05-17",39,"Safe"
"24652","NT","2015-05-18",39,"Safe"
"24653","NT","2015-05-19",37,"Safe"
"24654","NT","2015-05-20",35,"Safe"
"24655","NT","2015-05-21",39,"Safe"
"24656","NT","2015-05-22",67,"MinorHazard"
"24657","NT","2015-05-23",43,"Safe"
"24658","NT","2015-05-24",41,"Safe"
"24659","NT","2015-05-25",35,"Safe"
"24660","NT","2015-05-26",39,"Safe"
"24661","NT","2015-05-27",44,"Safe"
"24662","NT","2015-05-28",35,"Safe"
"24663","NT","2015-05-29",46,"Safe"
"24664","NT","2015-05-30",57,"Safe"
"24665","NT","2015-05-31",39,"Safe"
"24666","NT","2015-06-01",50,"Safe"
"24667","NT","2015-06-02",48,"Safe"
"24668","NT","2015-06-03",54,"Safe"
"24669","NT","2015-06-04",33,"Safe"
"24670","NT","2015-06-05",48,"Safe"
"24671","NT","2015-06-06",50,"Safe"
"24672","NT","2015-06-07",46,"Safe"
"24673","NT","2015-06-08",41,"Safe"
"24674","NT","2015-06-09",43,"Safe"
"24675","NT","2015-06-10",48,"Safe"
"24676","NT","2015-06-11",46,"Safe"
"24677","NT","2015-06-12",43,"Safe"
"24678","NT","2015-06-13",43,"Safe"
"24679","NT","2015-06-14",33,"Safe"
"24680","NT","2015-06-15",33,"Safe"
"24681","NT","2015-06-16",39,"Safe"
"24682","NT","2015-06-17",48,"Safe"
"24683","NT","2015-06-18",48,"Safe"
"24684","NT","2015-06-19",39,"Safe"
"24685","NT","2015-06-20",37,"Safe"
"24686","NT","2015-06-21",46,"Safe"
"24687","NT","2015-06-22",39,"Safe"
"24688","NT","2015-06-23",39,"Safe"
"24689","NT","2015-06-24",39,"Safe"
"24690","NT","2015-06-25",54,"Safe"
"24691","NT","2015-06-26",54,"Safe"
"24692","NT","2015-06-27",41,"Safe"
"24693","NT","2015-06-28",39,"Safe"
"24694","NT","2015-06-29",35,"Safe"
"24695","NT","2015-06-30",37,"Safe"
"24696","NT","2015-07-01",43,"Safe"
"24697","NT","2015-07-02",56,"Safe"
"24698","NT","2015-07-03",41,"Safe"
"24699","NT","2015-07-04",44,"Safe"
"24700","NT","2015-07-05",44,"Safe"
"24701","NT","2015-07-06",50,"Safe"
"24702","NT","2015-07-07",44,"Safe"
"24703","NT","2015-07-08",46,"Safe"
"24704","NT","2015-07-09",52,"Safe"
"24705","NT","2015-07-10",37,"Safe"
"24706","NT","2015-07-11",46,"Safe"
"24707","NT","2015-07-12",46,"Safe"
"24708","NT","2015-07-13",52,"Safe"
"24709","NT","2015-07-14",48,"Safe"
"24710","NT","2015-07-15",41,"Safe"
"24711","NT","2015-07-16",46,"Safe"
"24712","NT","2015-07-17",50,"Safe"
"24713","NT","2015-07-18",44,"Safe"
"24714","NT","2015-07-19",44,"Safe"
"24715","NT","2015-07-20",39,"Safe"
"24716","NT","2015-07-21",46,"Safe"
"24717","NT","2015-07-22",31,"Safe"
"24718","NT","2015-07-23",52,"Safe"
"24719","NT","2015-07-24",41,"Safe"
"24720","NT","2015-07-25",35,"Safe"
"24721","NT","2015-07-26",41,"Safe"
"24722","NT","2015-07-27",57,"Safe"
"24723","NT","2015-07-28",48,"Safe"
"24724","NT","2015-07-29",46,"Safe"
"24725","NT","2015-07-30",50,"Safe"
"24726","NT","2015-07-31",50,"Safe"
"24727","NT","2015-08-01",46,"Safe"
"24728","NT","2015-08-02",41,"Safe"
"24729","NT","2015-08-03",46,"Safe"
"24730","NT","2015-08-04",48,"Safe"
"24731","NT","2015-08-05",43,"Safe"
"24732","NT","2015-08-06",44,"Safe"
"24733","NT","2015-08-07",44,"Safe"
"24734","NT","2015-08-08",43,"Safe"
"24735","NT","2015-08-09",46,"Safe"
"24736","NT","2015-08-10",41,"Safe"
"24737","NT","2015-08-11",41,"Safe"
"24738","NT","2015-08-12",41,"Safe"
"24739","NT","2015-08-13",37,"Safe"
"24740","NT","2015-08-14",44,"Safe"
"24741","NT","2015-08-15",44,"Safe"
"24742","NT","2015-08-16",44,"Safe"
"24743","NT","2015-08-17",44,"Safe"
"24744","NT","2015-08-18",41,"Safe"
"24745","NT","2015-08-19",43,"Safe"
"24746","NT","2015-08-20",54,"Safe"
"24747","NT","2015-08-21",43,"Safe"
"24748","NT","2015-08-22",57,"Safe"
"24749","NT","2015-08-23",46,"Safe"
"24750","NT","2015-08-24",35,"Safe"
"24751","NT","2015-08-25",44,"Safe"
"24752","NT","2015-08-26",43,"Safe"
"24753","NT","2015-08-27",43,"Safe"
"24754","NT","2015-08-28",46,"Safe"
"24755","NT","2015-08-29",37,"Safe"
"24756","NT","2015-08-30",44,"Safe"
"24757","NT","2015-08-31",57,"Safe"
"24758","NT","2015-09-01",59,"Safe"
"24759","NT","2015-09-02",54,"Safe"
"24760","NT","2015-09-03",37,"Safe"
"24761","NT","2015-09-04",37,"Safe"
"24762","NT","2015-09-05",35,"Safe"
"24763","NT","2015-09-06",46,"Safe"
"24764","NT","2015-09-07",52,"Safe"
"24765","NT","2015-09-08",57,"Safe"
"24766","NT","2015-09-09",57,"Safe"
"24767","NT","2015-09-10",52,"Safe"
"24768","NT","2015-09-11",52,"Safe"
"24769","NT","2015-09-12",50,"Safe"
"24770","NT","2015-09-13",46,"Safe"
"24771","NT","2015-09-14",39,"Safe"
"24772","NT","2015-09-15",48,"Safe"
"24773","NT","2015-09-16",37,"Safe"
"24774","NT","2015-09-17",48,"Safe"
"24775","NT","2015-09-18",41,"Safe"
"24776","NT","2015-09-19",35,"Safe"
"24777","NT","2015-09-20",37,"Safe"
"24778","NT","2015-09-21",56,"Safe"
"24779","NT","2015-09-22",50,"Safe"
"24780","NT","2015-09-23",56,"Safe"
"24781","NT","2015-09-24",50,"Safe"
"24782","NT","2015-09-25",43,"Safe"
"24783","NT","2015-09-26",39,"Safe"
"24784","NT","2015-09-27",35,"Safe"
"24785","NT","2015-09-28",37,"Safe"
"24786","NT","2015-09-29",39,"Safe"
"24787","NT","2015-09-30",52,"Safe"
"24788","NT","2015-10-01",52,"Safe"
"24789","NT","2015-10-02",59,"Safe"
"24790","NT","2015-10-03",50,"Safe"
"24791","NT","2015-10-04",50,"Safe"
"24792","NT","2015-10-05",56,"Safe"
"24793","NT","2015-10-06",52,"Safe"
"24794","NT","2015-10-07",52,"Safe"
"24795","NT","2015-10-08",65,"MinorHazard"
"24796","NT","2015-10-09",50,"Safe"
"24797","NT","2015-10-10",48,"Safe"
"24798","NT","2015-10-11",50,"Safe"
"24799","NT","2015-10-12",46,"Safe"
"24800","NT","2015-10-13",46,"Safe"
"24801","NT","2015-10-14",37,"Safe"
"24802","NT","2015-10-15",48,"Safe"
"24803","NT","2015-10-16",69,"MinorHazard"
"24804","NT","2015-10-17",65,"MinorHazard"
"24805","NT","2015-10-18",48,"Safe"
"24806","NT","2015-10-19",46,"Safe"
"24807","NT","2015-10-20",48,"Safe"
"24808","NT","2015-10-21",43,"Safe"
"24809","NT","2015-10-22",50,"Safe"
"24810","NT","2015-10-23",44,"Safe"
"24811","NT","2015-10-24",48,"Safe"
"24812","NT","2015-10-25",56,"Safe"
"24813","NT","2015-10-26",50,"Safe"
"24814","NT","2015-10-27",48,"Safe"
"24815","NT","2015-10-28",54,"Safe"
"24816","NT","2015-10-29",56,"Safe"
"24817","NT","2015-10-30",57,"Safe"
"24818","NT","2015-10-31",39,"Safe"
"24819","NT","2015-11-01",63,"MinorHazard"
"24820","NT","2015-11-02",76,"MinorHazard"
"24821","NT","2015-11-03",67,"MinorHazard"
"24822","NT","2015-11-04",41,"Safe"
"24823","NT","2015-11-05",48,"Safe"
"24824","NT","2015-11-06",78,"MinorHazard"
"24825","NT","2015-11-07",52,"Safe"
"24826","NT","2015-11-08",44,"Safe"
"24827","NT","2015-11-09",48,"Safe"
"24828","NT","2015-11-10",44,"Safe"
"24829","NT","2015-11-11",54,"Safe"
"24830","NT","2015-11-12",46,"Safe"
"24831","NT","2015-11-13",61,"Safe"
"24832","NT","2015-11-14",76,"MinorHazard"
"24833","NT","2015-11-15",50,"Safe"
"24834","NT","2015-11-16",67,"MinorHazard"
"24835","NT","2015-11-17",44,"Safe"
"24836","NT","2015-11-18",39,"Safe"
"24837","NT","2015-11-19",50,"Safe"
"24838","NT","2015-11-20",57,"Safe"
"24839","NT","2015-11-21",50,"Safe"
"24840","NT","2015-11-22",48,"Safe"
"24841","NT","2015-11-23",44,"Safe"
"24842","NT","2015-11-24",43,"Safe"
"24843","NT","2015-11-25",69,"MinorHazard"
"24844","NT","2015-11-26",72,"MinorHazard"
"24845","NT","2015-11-27",50,"Safe"
"24846","NT","2015-11-28",85,"MinorHazard"
"24847","NT","2015-11-29",96,"Damaging"
"24848","NT","2015-11-30",70,"MinorHazard"
"24849","NT","2015-12-01",61,"Safe"
"24850","NT","2015-12-02",52,"Safe"
"24851","NT","2015-12-03",43,"Safe"
"24852","NT","2015-12-04",48,"Safe"
"24853","NT","2015-12-05",57,"Safe"
"24854","NT","2015-12-06",61,"Safe"
"24855","NT","2015-12-07",56,"Safe"
"24856","NT","2015-12-08",72,"MinorHazard"
"24857","NT","2015-12-09",57,"Safe"
"24858","NT","2015-12-10",61,"Safe"
"24859","NT","2015-12-11",57,"Safe"
"24860","NT","2015-12-12",57,"Safe"
"24861","NT","2015-12-13",69,"MinorHazard"
"24862","NT","2015-12-14",65,"MinorHazard"
"24863","NT","2015-12-15",57,"Safe"
"24864","NT","2015-12-16",63,"MinorHazard"
"24865","NT","2015-12-17",59,"Safe"
"24866","NT","2015-12-18",50,"Safe"
"24867","NT","2015-12-19",61,"Safe"
"24868","NT","2015-12-20",59,"Safe"
"24869","NT","2015-12-21",44,"Safe"
"24870","NT","2015-12-22",56,"Safe"
"24871","NT","2015-12-23",67,"MinorHazard"
"24872","NT","2015-12-24",83,"MinorHazard"
"24873","NT","2015-12-25",78,"MinorHazard"
"24874","NT","2015-12-26",70,"MinorHazard"
"24875","NT","2015-12-27",69,"MinorHazard"
"24876","NT","2015-12-28",56,"Safe"
"24877","NT","2015-12-29",56,"Safe"
"24878","NT","2015-12-30",63,"MinorHazard"
"24879","NT","2015-12-31",65,"MinorHazard"
"24880","NT","2016-01-01",65,"MinorHazard"
"24881","NT","2016-01-02",50,"Safe"
"24882","NT","2016-01-03",54,"Safe"
"24883","NT","2016-01-04",54,"Safe"
"24884","NT","2016-01-05",46,"Safe"
"24885","NT","2016-01-06",43,"Safe"
"24886","NT","2016-01-07",56,"Safe"
"24887","NT","2016-01-08",50,"Safe"
"24888","NT","2016-01-09",48,"Safe"
"24889","NT","2016-01-10",56,"Safe"
"24890","NT","2016-01-11",70,"MinorHazard"
"24891","NT","2016-01-12",93,"Damaging"
"24892","NT","2016-01-13",56,"Safe"
"24893","NT","2016-01-14",63,"MinorHazard"
"24894","NT","2016-01-15",52,"Safe"
"24895","NT","2016-01-16",69,"MinorHazard"
"24896","NT","2016-01-17",31,"Safe"
"24897","NT","2016-01-18",41,"Safe"
"24898","NT","2016-01-19",57,"Safe"
"24899","NT","2016-01-20",48,"Safe"
"24900","NT","2016-01-21",43,"Safe"
"24901","NT","2016-01-22",30,"Safe"
"24902","NT","2016-01-23",37,"Safe"
"24903","NT","2016-01-24",78,"MinorHazard"
"24904","NT","2016-01-25",37,"Safe"
"24905","NT","2016-01-26",37,"Safe"
"24906","NT","2016-01-27",39,"Safe"
"24907","NT","2016-01-28",44,"Safe"
"24908","NT","2016-01-29",52,"Safe"
"24909","NT","2016-01-30",59,"Safe"
"24910","NT","2016-01-31",52,"Safe"
"24911","NT","2016-02-01",54,"Safe"
"24912","NT","2016-02-02",46,"Safe"
"24913","NT","2016-02-03",43,"Safe"
"24914","NT","2016-02-04",54,"Safe"
"24915","NT","2016-02-05",43,"Safe"
"24916","NT","2016-02-06",50,"Safe"
"24917","NT","2016-02-07",52,"Safe"
"24918","NT","2016-02-08",63,"MinorHazard"
"24919","NT","2016-02-09",54,"Safe"
"24920","NT","2016-02-10",52,"Safe"
"24921","NT","2016-02-11",56,"Safe"
"24922","NT","2016-02-12",39,"Safe"
"24923","NT","2016-02-13",48,"Safe"
"24924","NT","2016-02-14",67,"MinorHazard"
"24925","NT","2016-02-15",70,"MinorHazard"
"24926","NT","2016-02-16",59,"Safe"
"24927","NT","2016-02-17",43,"Safe"
"24928","NT","2016-02-18",41,"Safe"
"24929","NT","2016-02-19",57,"Safe"
"24930","NT","2016-02-20",37,"Safe"
"24931","NT","2016-02-21",52,"Safe"
"24932","NT","2016-02-22",43,"Safe"
"24933","NT","2016-02-23",65,"MinorHazard"
"24934","NT","2016-02-24",57,"Safe"
"24935","NT","2016-02-25",70,"MinorHazard"
"24936","NT","2016-02-26",39,"Safe"
"24937","NT","2016-02-27",39,"Safe"
"24938","NT","2016-02-28",37,"Safe"
"24939","NT","2016-02-29",35,"Safe"
"24940","NT","2016-03-01",41,"Safe"
"24941","NT","2016-03-02",44,"Safe"
"24942","NT","2016-03-03",50,"Safe"
"24943","NT","2016-03-04",39,"Safe"
"24944","NT","2016-03-05",67,"MinorHazard"
"24945","NT","2016-03-06",54,"Safe"
"24946","NT","2016-03-07",43,"Safe"
"24947","NT","2016-03-08",54,"Safe"
"24948","NT","2016-03-09",39,"Safe"
"24949","NT","2016-03-10",33,"Safe"
"24950","NT","2016-03-11",50,"Safe"
"24951","NT","2016-03-12",48,"Safe"
"24952","NT","2016-03-13",44,"Safe"
"24953","NT","2016-03-14",56,"Safe"
"24954","NT","2016-03-15",70,"MinorHazard"
"24955","NT","2016-03-16",50,"Safe"
"24956","NT","2016-03-17",56,"Safe"
"24957","NT","2016-03-18",48,"Safe"
"24958","NT","2016-03-19",67,"MinorHazard"
"24959","NT","2016-03-20",59,"Safe"
"24960","NT","2016-03-21",33,"Safe"
"24961","NT","2016-03-22",46,"Safe"
"24962","NT","2016-03-23",41,"Safe"
"24963","NT","2016-03-24",41,"Safe"
"24964","NT","2016-03-25",39,"Safe"
"24965","NT","2016-03-26",50,"Safe"
"24966","NT","2016-03-27",41,"Safe"
"24967","NT","2016-03-28",46,"Safe"
"24968","NT","2016-03-29",37,"Safe"
"24969","NT","2016-03-30",37,"Safe"
"24970","NT","2016-03-31",56,"Safe"
"24971","NT","2016-04-01",46,"Safe"
"24972","NT","2016-04-02",57,"Safe"
"24973","NT","2016-04-03",48,"Safe"
"24974","NT","2016-04-04",46,"Safe"
"24975","NT","2016-04-05",33,"Safe"
"24976","NT","2016-04-06",46,"Safe"
"24977","NT","2016-04-07",52,"Safe"
"24978","NT","2016-04-08",43,"Safe"
"24979","NT","2016-04-09",43,"Safe"
"24980","NT","2016-04-10",50,"Safe"
"24981","NT","2016-04-11",46,"Safe"
"24982","NT","2016-04-12",43,"Safe"
"24983","NT","2016-04-13",44,"Safe"
"24984","NT","2016-04-14",44,"Safe"
"24985","NT","2016-04-15",35,"Safe"
"24986","NT","2016-04-16",39,"Safe"
"24987","NT","2016-04-17",37,"Safe"
"24988","NT","2016-04-18",37,"Safe"
"24989","NT","2016-04-19",31,"Safe"
"24990","NT","2016-04-20",41,"Safe"
"24991","NT","2016-04-21",43,"Safe"
"24992","NT","2016-04-22",48,"Safe"
"24993","NT","2016-04-23",52,"Safe"
"24994","NT","2016-04-24",56,"Safe"
"24995","NT","2016-04-25",57,"Safe"
"24996","NT","2016-04-26",37,"Safe"
"24997","NT","2016-04-27",33,"Safe"
"24998","NT","2016-04-28",37,"Safe"
"24999","NT","2016-04-30",48,"Safe"
"25000","NT","2016-05-02",35,"Safe"
"25001","NT","2016-05-03",61,"Safe"
"25002","NT","2016-05-04",39,"Safe"
"25003","NT","2016-05-05",39,"Safe"
"25004","NT","2016-05-06",37,"Safe"
"25005","NT","2016-05-07",52,"Safe"
"25006","NT","2016-05-08",56,"Safe"
"25007","NT","2016-05-09",35,"Safe"
"25008","NT","2016-05-10",52,"Safe"
"25009","NT","2016-05-11",46,"Safe"
"25010","NT","2016-05-12",46,"Safe"
"25011","NT","2016-05-13",52,"Safe"
"25012","NT","2016-05-14",43,"Safe"
"25013","NT","2016-05-15",44,"Safe"
"25014","NT","2016-05-16",48,"Safe"
"25015","NT","2016-05-17",39,"Safe"
"25016","NT","2016-05-18",43,"Safe"
"25017","NT","2016-05-19",44,"Safe"
"25018","NT","2016-05-20",43,"Safe"
"25019","NT","2016-05-21",41,"Safe"
"25020","NT","2016-05-22",37,"Safe"
"25021","NT","2016-05-23",37,"Safe"
"25022","NT","2016-05-24",31,"Safe"
"25023","NT","2016-05-25",33,"Safe"
"25024","NT","2016-05-26",41,"Safe"
"25025","NT","2016-05-27",37,"Safe"
"25026","NT","2016-05-28",31,"Safe"
"25027","NT","2016-05-29",33,"Safe"
"25028","NT","2016-05-30",35,"Safe"
"25029","NT","2016-05-31",33,"Safe"
"25030","NT","2016-06-01",39,"Safe"
"25031","NT","2016-06-02",35,"Safe"
"25032","NT","2016-06-03",30,"Safe"
"25033","NT","2016-06-04",28,"Safe"
"25034","NT","2016-06-05",35,"Safe"
"25035","NT","2016-06-06",30,"Safe"
"25036","NT","2016-06-07",46,"Safe"
"25037","NT","2016-06-08",50,"Safe"
"25038","NT","2016-06-09",41,"Safe"
"25039","NT","2016-06-10",37,"Safe"
"25040","NT","2016-06-11",52,"Safe"
"25041","NT","2016-06-12",50,"Safe"
"25042","NT","2016-06-13",44,"Safe"
"25043","NT","2016-06-14",48,"Safe"
"25044","NT","2016-06-15",48,"Safe"
"25045","NT","2016-06-16",43,"Safe"
"25046","NT","2016-06-17",35,"Safe"
"25047","NT","2016-06-18",30,"Safe"
"25048","NT","2016-06-19",33,"Safe"
"25049","NT","2016-06-20",41,"Safe"
"25050","NT","2016-06-21",33,"Safe"
"25051","NT","2016-06-22",31,"Safe"
"25052","NT","2016-06-23",33,"Safe"
"25053","NT","2016-06-24",44,"Safe"
"25054","NT","2016-06-25",37,"Safe"
"25055","NT","2016-06-26",43,"Safe"
"25056","NT","2016-06-27",39,"Safe"
"25057","NT","2016-06-28",48,"Safe"
"25058","NT","2016-06-29",54,"Safe"
"25059","NT","2016-06-30",39,"Safe"
"25060","NT","2016-07-01",48,"Safe"
"25061","NT","2016-07-02",52,"Safe"
"25062","NT","2016-07-03",41,"Safe"
"25063","NT","2016-07-04",56,"Safe"
"25064","NT","2016-07-05",41,"Safe"
"25065","NT","2016-07-06",41,"Safe"
"25066","NT","2016-07-07",50,"Safe"
"25067","NT","2016-07-08",43,"Safe"
"25068","NT","2016-07-09",65,"MinorHazard"
"25069","NT","2016-07-10",48,"Safe"
"25070","NT","2016-07-11",35,"Safe"
"25071","NT","2016-07-12",39,"Safe"
"25072","NT","2016-07-14",56,"Safe"
"25073","NT","2016-07-15",52,"Safe"
"25074","NT","2016-07-16",44,"Safe"
"25075","NT","2016-07-17",37,"Safe"
"25076","NT","2016-07-18",35,"Safe"
"25077","NT","2016-07-19",33,"Safe"
"25078","NT","2016-07-20",35,"Safe"
"25079","NT","2016-07-21",44,"Safe"
"25080","NT","2016-07-22",39,"Safe"
"25081","NT","2016-07-23",35,"Safe"
"25082","NT","2016-07-24",46,"Safe"
"25083","NT","2016-07-25",46,"Safe"
"25084","NT","2016-07-26",43,"Safe"
"25085","NT","2016-07-27",50,"Safe"
"25086","NT","2016-07-28",48,"Safe"
"25087","NT","2016-07-29",44,"Safe"
"25088","NT","2016-07-30",44,"Safe"
"25089","NT","2016-07-31",39,"Safe"
"25090","NT","2016-08-01",59,"Safe"
"25091","NT","2016-08-02",56,"Safe"
"25092","NT","2016-08-03",50,"Safe"
"25093","NT","2016-08-04",46,"Safe"
"25094","NT","2016-08-05",44,"Safe"
"25095","NT","2016-08-06",44,"Safe"
"25096","NT","2016-08-07",39,"Safe"
"25097","NT","2016-08-08",41,"Safe"
"25098","NT","2016-08-09",44,"Safe"
"25099","NT","2016-08-10",48,"Safe"
"25100","NT","2016-08-11",46,"Safe"
"25101","NT","2016-08-12",50,"Safe"
"25102","NT","2016-08-13",48,"Safe"
"25103","NT","2016-08-14",48,"Safe"
"25104","NT","2016-08-15",52,"Safe"
"25105","NT","2016-08-16",41,"Safe"
"25106","NT","2016-08-17",46,"Safe"
"25107","NT","2016-08-18",48,"Safe"
"25108","NT","2016-08-19",52,"Safe"
"25109","NT","2016-08-20",52,"Safe"
"25110","NT","2016-08-21",59,"Safe"
"25111","NT","2016-08-22",37,"Safe"
"25112","NT","2016-08-23",61,"Safe"
"25113","NT","2016-08-24",39,"Safe"
"25114","NT","2016-08-25",37,"Safe"
"25115","NT","2016-08-26",46,"Safe"
"25116","NT","2016-08-27",50,"Safe"
"25117","NT","2016-08-28",59,"Safe"
"25118","NT","2016-08-29",50,"Safe"
"25119","NT","2016-08-30",39,"Safe"
"25120","NT","2016-08-31",43,"Safe"
"25121","NT","2016-09-01",70,"MinorHazard"
"25122","NT","2016-09-02",50,"Safe"
"25123","NT","2016-09-03",37,"Safe"
"25124","NT","2016-09-04",59,"Safe"
"25125","NT","2016-09-05",44,"Safe"
"25126","NT","2016-09-06",41,"Safe"
"25127","NT","2016-09-07",43,"Safe"
"25128","NT","2016-09-08",48,"Safe"
"25129","NT","2016-09-09",41,"Safe"
"25130","NT","2016-09-10",44,"Safe"
"25131","NT","2016-09-11",46,"Safe"
"25132","NT","2016-09-12",43,"Safe"
"25133","NT","2016-09-13",46,"Safe"
"25134","NT","2016-09-14",41,"Safe"
"25135","NT","2016-09-15",31,"Safe"
"25136","NT","2016-09-16",59,"Safe"
"25137","NT","2016-09-17",54,"Safe"
"25138","NT","2016-09-18",54,"Safe"
"25139","NT","2016-09-19",54,"Safe"
"25140","NT","2016-09-20",61,"Safe"
"25141","NT","2016-09-21",39,"Safe"
"25142","NT","2016-09-22",39,"Safe"
"25143","NT","2016-09-23",54,"Safe"
"25144","NT","2016-09-24",48,"Safe"
"25145","NT","2016-09-25",43,"Safe"
"25146","NT","2016-09-26",35,"Safe"
"25147","NT","2016-09-27",52,"Safe"
"25148","NT","2016-09-28",76,"MinorHazard"
"25149","NT","2016-09-29",69,"MinorHazard"
"25150","NT","2016-09-30",46,"Safe"
"25151","NT","2016-10-01",76,"MinorHazard"
"25152","NT","2016-10-02",67,"MinorHazard"
"25153","NT","2016-10-03",41,"Safe"
"25154","NT","2016-10-04",50,"Safe"
"25155","NT","2016-10-05",39,"Safe"
"25156","NT","2016-10-06",44,"Safe"
"25157","NT","2016-10-07",46,"Safe"
"25158","NT","2016-10-08",50,"Safe"
"25159","NT","2016-10-09",56,"Safe"
"25160","NT","2016-10-11",52,"Safe"
"25161","NT","2016-10-12",56,"Safe"
"25162","NT","2016-10-13",41,"Safe"
"25163","NT","2016-10-14",39,"Safe"
"25164","NT","2016-10-15",52,"Safe"
"25165","NT","2016-10-16",57,"Safe"
"25166","NT","2016-10-17",44,"Safe"
"25167","NT","2016-10-18",41,"Safe"
"25168","NT","2016-10-19",44,"Safe"
"25169","NT","2016-10-20",67,"MinorHazard"
"25170","NT","2016-10-21",59,"Safe"
"25171","NT","2016-10-22",46,"Safe"
"25172","NT","2016-10-23",44,"Safe"
"25173","NT","2016-10-24",39,"Safe"
"25174","NT","2016-10-25",50,"Safe"
"25175","NT","2016-10-26",56,"Safe"
"25176","NT","2016-10-27",48,"Safe"
"25177","NT","2016-10-28",39,"Safe"
"25178","NT","2016-10-29",54,"Safe"
"25179","NT","2016-10-30",57,"Safe"
"25180","NT","2016-10-31",46,"Safe"
"25181","NT","2016-11-01",52,"Safe"
"25182","NT","2016-11-02",52,"Safe"
"25183","NT","2016-11-03",44,"Safe"
"25184","NT","2016-11-04",39,"Safe"
"25185","NT","2016-11-05",76,"MinorHazard"
"25186","NT","2016-11-06",41,"Safe"
"25187","NT","2016-11-07",59,"Safe"
"25188","NT","2016-11-08",52,"Safe"
"25189","NT","2016-11-09",48,"Safe"
"25190","NT","2016-11-10",69,"MinorHazard"
"25191","NT","2016-11-11",96,"Damaging"
"25192","NT","2016-11-12",57,"Safe"
"25193","NT","2016-11-13",46,"Safe"
"25194","NT","2016-11-14",72,"MinorHazard"
"25195","NT","2016-11-15",44,"Safe"
"25196","NT","2016-11-16",44,"Safe"
"25197","NT","2016-11-17",54,"Safe"
"25198","NT","2016-11-18",76,"MinorHazard"
"25199","NT","2016-11-19",57,"Safe"
"25200","NT","2016-11-20",46,"Safe"
"25201","NT","2016-11-21",59,"Safe"
"25202","NT","2016-11-22",57,"Safe"
"25203","NT","2016-11-23",52,"Safe"
"25204","NT","2016-11-24",50,"Safe"
"25205","NT","2016-11-25",44,"Safe"
"25206","NT","2016-11-26",50,"Safe"
"25207","NT","2016-11-27",48,"Safe"
"25208","NT","2016-11-28",56,"Safe"
"25209","NT","2016-11-29",63,"MinorHazard"
"25210","NT","2016-11-30",61,"Safe"
"25211","NT","2016-12-01",67,"MinorHazard"
"25212","NT","2016-12-02",61,"Safe"
"25213","NT","2016-12-03",57,"Safe"
"25214","NT","2016-12-04",69,"MinorHazard"
"25215","NT","2016-12-05",69,"MinorHazard"
"25216","NT","2016-12-06",50,"Safe"
"25217","NT","2016-12-07",37,"Safe"
"25218","NT","2016-12-08",57,"Safe"
"25219","NT","2016-12-09",48,"Safe"
"25220","NT","2016-12-10",52,"Safe"
"25221","NT","2016-12-11",48,"Safe"
"25222","NT","2016-12-12",67,"MinorHazard"
"25223","NT","2016-12-13",70,"MinorHazard"
"25224","NT","2016-12-14",57,"Safe"
"25225","NT","2016-12-15",57,"Safe"
"25226","NT","2016-12-16",46,"Safe"
"25227","NT","2016-12-17",52,"Safe"
"25228","NT","2016-12-18",57,"Safe"
"25229","NT","2016-12-19",54,"Safe"
"25230","NT","2016-12-20",59,"Safe"
"25231","NT","2016-12-21",57,"Safe"
"25232","NT","2016-12-22",46,"Safe"
"25233","NT","2016-12-23",50,"Safe"
"25234","NT","2016-12-24",48,"Safe"
"25235","NT","2016-12-25",54,"Safe"
"25236","NT","2016-12-26",72,"MinorHazard"
"25237","NT","2016-12-27",63,"MinorHazard"
"25238","NT","2016-12-28",59,"Safe"
"25239","NT","2016-12-29",46,"Safe"
"25240","NT","2016-12-30",52,"Safe"
"25241","NT","2016-12-31",57,"Safe"
"25242","NT","2017-01-01",63,"MinorHazard"
"25243","NT","2017-01-02",46,"Safe"
"25244","NT","2017-01-03",52,"Safe"
"25245","NT","2017-01-04",50,"Safe"
"25246","NT","2017-01-05",61,"Safe"
"25247","NT","2017-01-06",39,"Safe"
"25248","NT","2017-01-07",50,"Safe"
"25249","NT","2017-01-08",46,"Safe"
"25250","NT","2017-01-09",37,"Safe"
"25251","NT","2017-01-10",57,"Safe"
"25252","NT","2017-01-11",61,"Safe"
"25253","NT","2017-01-12",56,"Safe"
"25254","NT","2017-01-13",56,"Safe"
"25255","NT","2017-01-14",44,"Safe"
"25256","NT","2017-01-15",44,"Safe"
"25257","NT","2017-01-16",41,"Safe"
"25258","NT","2017-01-17",57,"Safe"
"25259","NT","2017-01-18",59,"Safe"
"25260","NT","2017-01-19",52,"Safe"
"25261","NT","2017-01-20",57,"Safe"
"25262","NT","2017-01-21",59,"Safe"
"25263","NT","2017-01-22",48,"Safe"
"25264","NT","2017-01-23",50,"Safe"
"25265","NT","2017-01-24",52,"Safe"
"25266","NT","2017-01-25",56,"Safe"
"25267","NT","2017-01-26",48,"Safe"
"25268","NT","2017-01-27",52,"Safe"
"25269","NT","2017-01-28",61,"Safe"
"25270","NT","2017-01-29",41,"Safe"
"25271","NT","2017-01-30",41,"Safe"
"25272","NT","2017-01-31",44,"Safe"
"25273","NT","2017-02-01",46,"Safe"
"25274","NT","2017-02-03",44,"Safe"
"25275","NT","2017-02-04",44,"Safe"
"25276","NT","2017-02-05",67,"MinorHazard"
"25277","NT","2017-02-06",78,"MinorHazard"
"25278","NT","2017-02-07",72,"MinorHazard"
"25279","NT","2017-02-08",57,"Safe"
"25280","NT","2017-02-09",72,"MinorHazard"
"25281","NT","2017-02-10",65,"MinorHazard"
"25282","NT","2017-02-11",48,"Safe"
"25283","NT","2017-02-12",54,"Safe"
"25284","NT","2017-02-13",61,"Safe"
"25285","NT","2017-02-14",44,"Safe"
"25286","NT","2017-02-15",44,"Safe"
"25287","NT","2017-02-16",46,"Safe"
"25288","NT","2017-02-17",50,"Safe"
"25289","NT","2017-02-18",69,"MinorHazard"
"25290","NT","2017-02-19",46,"Safe"
"25291","NT","2017-02-20",44,"Safe"
"25292","NT","2017-02-21",33,"Safe"
"25293","NT","2017-02-22",37,"Safe"
"25294","NT","2017-02-23",54,"Safe"
"25295","NT","2017-02-24",50,"Safe"
"25296","NT","2017-02-25",43,"Safe"
"25297","NT","2017-02-26",41,"Safe"
"25298","NT","2017-02-27",37,"Safe"
"25299","NT","2017-02-28",44,"Safe"
"25300","NT","2017-03-01",50,"Safe"
"25301","NT","2017-03-02",54,"Safe"
"25302","NT","2017-03-03",91,"Damaging"
"25303","NT","2017-03-04",56,"Safe"
"25304","NT","2017-03-05",59,"Safe"
"25305","NT","2017-03-06",54,"Safe"
"25306","NT","2017-03-07",37,"Safe"
"25307","NT","2017-03-08",35,"Safe"
"25308","NT","2017-03-09",33,"Safe"
"25309","NT","2017-03-10",50,"Safe"
"25310","NT","2017-03-11",57,"Safe"
"25311","NT","2017-03-12",46,"Safe"
"25312","NT","2017-03-13",48,"Safe"
"25313","NT","2017-03-14",31,"Safe"
"25314","NT","2017-03-15",43,"Safe"
"25315","NT","2017-03-16",48,"Safe"
"25316","NT","2017-03-17",56,"Safe"
"25317","NT","2017-03-18",54,"Safe"
"25318","NT","2017-03-19",48,"Safe"
"25319","NT","2017-03-20",48,"Safe"
"25320","NT","2017-03-21",43,"Safe"
"25321","NT","2017-03-22",37,"Safe"
"25322","NT","2017-03-23",41,"Safe"
"25323","NT","2017-03-24",41,"Safe"
"25324","NT","2017-03-25",50,"Safe"
"25325","NT","2017-03-26",43,"Safe"
"25326","NT","2017-03-27",54,"Safe"
"25327","NT","2017-03-28",39,"Safe"
"25328","NT","2017-03-29",72,"MinorHazard"
"25329","NT","2017-03-30",52,"Safe"
"25330","NT","2017-03-31",59,"Safe"
"25331","NT","2017-04-01",48,"Safe"
"25332","NT","2017-04-02",50,"Safe"
"25333","NT","2017-04-03",44,"Safe"
"25334","NT","2017-04-04",46,"Safe"
"25335","NT","2017-04-05",41,"Safe"
"25336","NT","2017-04-06",46,"Safe"
"25337","NT","2017-04-07",56,"Safe"
"25338","NT","2017-04-08",44,"Safe"
"25339","NT","2017-04-09",46,"Safe"
"25340","NT","2017-04-10",54,"Safe"
"25341","NT","2017-04-11",52,"Safe"
"25342","NT","2017-04-12",44,"Safe"
"25343","NT","2017-04-13",37,"Safe"
"25344","NT","2017-04-14",37,"Safe"
"25345","NT","2017-04-15",33,"Safe"
"25346","NT","2017-04-16",35,"Safe"
"25347","NT","2017-04-17",39,"Safe"
"25348","NT","2017-04-18",50,"Safe"
"25349","NT","2017-04-19",37,"Safe"
"25350","NT","2017-04-20",46,"Safe"
"25351","NT","2017-04-21",43,"Safe"
"25352","NT","2017-04-22",35,"Safe"
"25353","NT","2017-04-23",41,"Safe"
"25354","NT","2017-04-24",48,"Safe"
"25355","NT","2017-04-25",41,"Safe"
"25356","NT","2017-04-26",46,"Safe"
"25357","NT","2017-04-27",44,"Safe"
"25358","NT","2017-04-28",46,"Safe"
"25359","NT","2017-04-29",39,"Safe"
"25360","NT","2017-04-30",30,"Safe"
"25361","NT","2017-05-01",33,"Safe"
"25362","NT","2017-05-02",41,"Safe"
"25363","NT","2017-05-03",44,"Safe"
"25364","NT","2017-05-04",43,"Safe"
"25365","NT","2017-05-05",43,"Safe"
"25366","NT","2017-05-06",39,"Safe"
"25367","NT","2017-05-07",48,"Safe"
"25368","NT","2017-05-08",50,"Safe"
"25369","NT","2017-05-09",46,"Safe"
"25370","NT","2017-05-10",44,"Safe"
"25371","NT","2017-05-11",41,"Safe"
"25372","NT","2017-05-12",33,"Safe"
"25373","NT","2017-05-13",37,"Safe"
"25374","NT","2017-05-14",43,"Safe"
"25375","NT","2017-05-15",39,"Safe"
"25376","NT","2017-05-16",50,"Safe"
"25377","NT","2017-05-17",48,"Safe"
"25378","NT","2017-05-18",30,"Safe"
"25379","NT","2017-05-19",33,"Safe"
"25380","NT","2017-05-21",44,"Safe"
"25381","NT","2017-05-22",41,"Safe"
"25382","NT","2017-05-23",43,"Safe"
"25383","NT","2017-05-24",52,"Safe"
"25384","NT","2017-05-25",46,"Safe"
"25385","NT","2017-05-26",50,"Safe"
"25386","NT","2017-05-27",43,"Safe"
"25387","NT","2017-05-29",52,"Safe"
"25388","NT","2017-05-30",54,"Safe"
"25389","NT","2017-05-31",52,"Safe"
"25390","NT","2017-06-01",43,"Safe"
"25391","NT","2017-06-02",44,"Safe"
"25392","NT","2017-06-03",43,"Safe"
"25393","NT","2017-06-04",46,"Safe"
"25394","NT","2017-06-05",43,"Safe"
"25395","NT","2017-06-06",46,"Safe"
"25396","NT","2017-06-07",46,"Safe"
"25397","NT","2017-06-08",61,"Safe"
"25398","NT","2017-06-09",46,"Safe"
"25399","NT","2017-06-10",48,"Safe"
"25400","NT","2017-06-11",46,"Safe"
"25401","NT","2017-06-12",50,"Safe"
"25402","NT","2017-06-13",44,"Safe"
"25403","NT","2017-06-14",35,"Safe"
"25404","NT","2017-06-15",41,"Safe"
"25405","NT","2017-06-16",31,"Safe"
"25406","NT","2017-06-17",41,"Safe"
"25407","NT","2017-06-18",43,"Safe"
"25408","NT","2017-06-19",44,"Safe"
"25409","NT","2017-06-20",35,"Safe"
"25410","NT","2017-06-21",43,"Safe"
"25411","NT","2017-06-22",37,"Safe"
"25412","NT","2017-06-23",41,"Safe"
"25413","NT","2017-06-24",35,"Safe"
"25414","NT","2008-07-01",41,"Safe"
"25415","NT","2008-07-02",50,"Safe"
"25416","NT","2008-07-03",46,"Safe"
"25417","NT","2008-07-04",44,"Safe"
"25418","NT","2008-07-05",46,"Safe"
"25419","NT","2008-07-06",41,"Safe"
"25420","NT","2008-07-07",48,"Safe"
"25421","NT","2008-07-08",54,"Safe"
"25422","NT","2008-07-09",50,"Safe"
"25423","NT","2008-07-10",48,"Safe"
"25424","NT","2008-07-11",41,"Safe"
"25425","NT","2008-07-12",35,"Safe"
"25426","NT","2008-07-13",28,"Safe"
"25427","NT","2008-07-14",33,"Safe"
"25428","NT","2008-07-15",41,"Safe"
"25429","NT","2008-07-16",41,"Safe"
"25430","NT","2008-07-17",43,"Safe"
"25431","NT","2008-07-18",41,"Safe"
"25432","NT","2008-07-19",26,"Safe"
"25433","NT","2008-07-20",35,"Safe"
"25434","NT","2008-07-21",41,"Safe"
"25435","NT","2008-07-22",52,"Safe"
"25436","NT","2008-07-23",52,"Safe"
"25437","NT","2008-07-24",44,"Safe"
"25438","NT","2008-07-25",43,"Safe"
"25439","NT","2008-07-26",41,"Safe"
"25440","NT","2008-07-27",28,"Safe"
"25441","NT","2008-07-28",33,"Safe"
"25442","NT","2008-07-29",33,"Safe"
"25443","NT","2008-07-30",35,"Safe"
"25444","NT","2008-07-31",33,"Safe"
"25445","NT","2008-08-01",33,"Safe"
"25446","NT","2008-08-02",44,"Safe"
"25447","NT","2008-08-03",54,"Safe"
"25448","NT","2008-08-04",52,"Safe"
"25449","NT","2008-08-05",44,"Safe"
"25450","NT","2008-08-06",46,"Safe"
"25451","NT","2008-08-07",50,"Safe"
"25452","NT","2008-08-08",52,"Safe"
"25453","NT","2008-08-09",41,"Safe"
"25454","NT","2008-08-10",37,"Safe"
"25455","NT","2008-08-11",46,"Safe"
"25456","NT","2008-08-12",37,"Safe"
"25457","NT","2008-08-13",43,"Safe"
"25458","NT","2008-08-14",31,"Safe"
"25459","NT","2008-08-15",41,"Safe"
"25460","NT","2008-08-16",43,"Safe"
"25461","NT","2008-08-17",44,"Safe"
"25462","NT","2008-08-18",46,"Safe"
"25463","NT","2008-08-19",48,"Safe"
"25464","NT","2008-08-20",39,"Safe"
"25465","NT","2008-08-21",41,"Safe"
"25466","NT","2008-08-22",52,"Safe"
"25467","NT","2008-08-23",48,"Safe"
"25468","NT","2008-08-24",37,"Safe"
"25469","NT","2008-08-25",48,"Safe"
"25470","NT","2008-08-26",46,"Safe"
"25471","NT","2008-08-27",48,"Safe"
"25472","NT","2008-08-28",33,"Safe"
"25473","NT","2008-08-29",48,"Safe"
"25474","NT","2008-08-30",41,"Safe"
"25475","NT","2008-08-31",33,"Safe"
"25476","NT","2008-09-01",39,"Safe"
"25477","NT","2008-09-02",52,"Safe"
"25478","NT","2008-09-03",43,"Safe"
"25479","NT","2008-09-04",37,"Safe"
"25480","NT","2008-09-05",35,"Safe"
"25481","NT","2008-09-06",33,"Safe"
"25482","NT","2008-09-07",33,"Safe"
"25483","NT","2008-09-08",33,"Safe"
"25484","NT","2008-09-09",48,"Safe"
"25485","NT","2008-09-10",52,"Safe"
"25486","NT","2008-09-11",33,"Safe"
"25487","NT","2008-09-12",35,"Safe"
"25488","NT","2008-09-13",31,"Safe"
"25489","NT","2008-09-14",35,"Safe"
"25490","NT","2008-09-15",28,"Safe"
"25491","NT","2008-09-16",31,"Safe"
"25492","NT","2008-09-17",39,"Safe"
"25493","NT","2008-09-18",44,"Safe"
"25494","NT","2008-09-19",35,"Safe"
"25495","NT","2008-09-20",39,"Safe"
"25496","NT","2008-09-21",37,"Safe"
"25497","NT","2008-09-22",33,"Safe"
"25498","NT","2008-09-23",39,"Safe"
"25499","NT","2008-09-24",35,"Safe"
"25500","NT","2008-09-25",46,"Safe"
"25501","NT","2008-09-26",37,"Safe"
"25502","NT","2008-09-27",35,"Safe"
"25503","NT","2008-09-28",35,"Safe"
"25504","NT","2008-09-29",35,"Safe"
"25505","NT","2008-09-30",37,"Safe"
"25506","NT","2008-10-01",33,"Safe"
"25507","NT","2008-10-02",41,"Safe"
"25508","NT","2008-10-03",39,"Safe"
"25509","NT","2008-10-04",37,"Safe"
"25510","NT","2008-10-05",31,"Safe"
"25511","NT","2008-10-06",50,"Safe"
"25512","NT","2008-10-07",57,"Safe"
"25513","NT","2008-10-08",35,"Safe"
"25514","NT","2008-10-09",31,"Safe"
"25515","NT","2008-10-10",46,"Safe"
"25516","NT","2008-10-11",41,"Safe"
"25517","NT","2008-10-12",35,"Safe"
"25518","NT","2008-10-13",39,"Safe"
"25519","NT","2008-10-14",41,"Safe"
"25520","NT","2008-10-15",102,"Damaging"
"25521","NT","2008-10-16",31,"Safe"
"25522","NT","2008-10-17",54,"Safe"
"25523","NT","2008-10-18",46,"Safe"
"25524","NT","2008-10-19",37,"Safe"
"25525","NT","2008-10-20",41,"Safe"
"25526","NT","2008-10-21",39,"Safe"
"25527","NT","2008-10-22",63,"MinorHazard"
"25528","NT","2008-10-23",56,"Safe"
"25529","NT","2008-10-24",37,"Safe"
"25530","NT","2008-10-25",35,"Safe"
"25531","NT","2008-10-26",33,"Safe"
"25532","NT","2008-10-27",41,"Safe"
"25533","NT","2008-10-28",39,"Safe"
"25534","NT","2008-10-29",35,"Safe"
"25535","NT","2008-10-30",35,"Safe"
"25536","NT","2008-10-31",39,"Safe"
"25537","NT","2008-11-01",35,"Safe"
"25538","NT","2008-11-02",41,"Safe"
"25539","NT","2008-11-03",30,"Safe"
"25540","NT","2008-11-04",35,"Safe"
"25541","NT","2008-11-05",33,"Safe"
"25542","NT","2008-11-06",37,"Safe"
"25543","NT","2008-11-07",33,"Safe"
"25544","NT","2008-11-08",52,"Safe"
"25545","NT","2008-11-09",30,"Safe"
"25546","NT","2008-11-10",39,"Safe"
"25547","NT","2008-11-11",33,"Safe"
"25548","NT","2008-11-12",30,"Safe"
"25549","NT","2008-11-13",33,"Safe"
"25550","NT","2008-11-14",39,"Safe"
"25551","NT","2008-11-15",37,"Safe"
"25552","NT","2008-11-16",28,"Safe"
"25553","NT","2008-11-17",33,"Safe"
"25554","NT","2008-11-19",28,"Safe"
"25555","NT","2008-11-20",37,"Safe"
"25556","NT","2008-11-22",35,"Safe"
"25557","NT","2008-11-23",43,"Safe"
"25558","NT","2008-11-24",43,"Safe"
"25559","NT","2008-11-25",39,"Safe"
"25560","NT","2008-11-26",30,"Safe"
"25561","NT","2008-11-27",37,"Safe"
"25562","NT","2008-11-28",33,"Safe"
"25563","NT","2008-11-29",56,"Safe"
"25564","NT","2008-11-30",39,"Safe"
"25565","NT","2009-04-10",31,"Safe"
"25566","NT","2009-05-21",35,"Safe"
"25567","NT","2009-07-21",26,"Safe"
"25568","NT","2009-07-23",33,"Safe"
"25569","NT","2010-06-27",50,"Safe"
"25570","NT","2010-09-06",41,"Safe"
"25571","NT","2010-09-13",43,"Safe"
"25572","NT","2010-11-29",52,"Safe"
"25573","NT","2010-12-20",44,"Safe"
"25574","NT","2010-12-23",61,"Safe"
"25575","NT","2010-12-25",41,"Safe"
"25576","NT","2010-12-26",43,"Safe"
"25577","NT","2010-12-27",39,"Safe"
"25578","NT","2010-12-28",41,"Safe"
"25579","NT","2010-12-29",37,"Safe"
"25580","NT","2010-12-30",44,"Safe"
"25581","NT","2010-12-31",39,"Safe"
"25582","NT","2011-01-01",61,"Safe"
"25583","NT","2011-02-02",30,"Safe"
"25584","NT","2011-02-18",41,"Safe"
"25585","NT","2011-02-19",52,"Safe"
"25586","NT","2011-02-20",30,"Safe"
"25587","NT","2011-03-12",70,"MinorHazard"
"25588","NT","2011-03-13",56,"Safe"
"25589","NT","2011-03-14",48,"Safe"
"25590","NT","2011-03-15",37,"Safe"
"25591","NT","2011-06-16",39,"Safe"
"25592","NT","2011-06-17",41,"Safe"
"25593","NT","2011-07-09",48,"Safe"
"25594","NT","2011-07-10",44,"Safe"
"25595","NT","2011-07-11",48,"Safe"
"25596","NT","2011-07-23",31,"Safe"
"25597","NT","2011-07-24",44,"Safe"
"25598","NT","2011-07-25",39,"Safe"
"25599","NT","2011-07-26",39,"Safe"
"25600","NT","2011-09-08",35,"Safe"
"25601","NT","2011-10-22",39,"Safe"
"25602","NT","2012-04-05",37,"Safe"
"25603","NT","2012-04-11",41,"Safe"
"25604","NT","2012-04-12",44,"Safe"
"25605","NT","2012-04-13",46,"Safe"
"25606","NT","2012-10-02",39,"Safe"
"25607","NT","2013-09-29",39,"Safe"
"25608","NT","2016-04-29",39,"Safe"
"25609","NT","2016-05-01",59,"Safe"
"25610","NT","2016-07-13",52,"Safe"
"25611","NT","2016-10-10",46,"Safe"
"25612","NT","2017-02-02",43,"Safe"
"25613","NT","2017-05-20",26,"Safe"
"25614","NT","2017-05-28",44,"Safe"
